key,kind,report_month,values
FI4000102678,ISIN_MULTIPLE_TICKER_SAME_MONTH,2014-11,NXTMH|NXTMS
FI4000102678,ISIN_MULTIPLE_TICKER_SAME_MONTH,2014-12,NXTMH|NXTMS
FI4000102678,ISIN_MULTIPLE_TICKER_SAME_MONTH,2015-01,NXTMH|NXTMS
FI4000102678,ISIN_MULTIPLE_TICKER_SAME_MONTH,2015-02,NXTMH|NXTMS
FI4000102678,ISIN_MULTIPLE_TICKER_SAME_MONTH,2015-03,NXTMH|NXTMS
FI4000102678,ISIN_MULTIPLE_TICKER_SAME_MONTH,2015-04,NXTMH|NXTMS
FI4000123096,ISIN_MULTIPLE_TICKER_SAME_MONTH,2015-04,SAVOH|SAVOS
FI4000102678,ISIN_MULTIPLE_TICKER_SAME_MONTH,2015-05,NXTMH|NXTMS
FI4000123096,ISIN_MULTIPLE_TICKER_SAME_MONTH,2015-05,SAVOH|SAVOS
FI4000102678,ISIN_MULTIPLE_TICKER_SAME_MONTH,2015-06,NXTMH|NXTMS
FI4000123096,ISIN_MULTIPLE_TICKER_SAME_MONTH,2015-06,SAVOH|SAVOS
FI4000102678,ISIN_MULTIPLE_TICKER_SAME_MONTH,2015-07,NXTMH|NXTMS
FI4000123096,ISIN_MULTIPLE_TICKER_SAME_MONTH,2015-07,SAVOH|SAVOS
FI4000102678,ISIN_MULTIPLE_TICKER_SAME_MONTH,2015-08,NXTMH|NXTMS
FI4000123096,ISIN_MULTIPLE_TICKER_SAME_MONTH,2015-08,SAVOH|SAVOS
FI4000102678,ISIN_MULTIPLE_TICKER_SAME_MONTH,2015-09,NXTMH|NXTMS
FI4000123096,ISIN_MULTIPLE_TICKER_SAME_MONTH,2015-09,SAVOH|SAVOS
FI4000102678,ISIN_MULTIPLE_TICKER_SAME_MONTH,2015-10,NXTMH|NXTMS
FI4000123096,ISIN_MULTIPLE_TICKER_SAME_MONTH,2015-10,SAVOH|SAVOS
FI4000102678,ISIN_MULTIPLE_TICKER_SAME_MONTH,2015-11,NXTMH|NXTMS
FI4000123096,ISIN_MULTIPLE_TICKER_SAME_MONTH,2015-11,SAVOH|SAVOS
FI4000102678,ISIN_MULTIPLE_TICKER_SAME_MONTH,2015-12,NXTMH|NXTMS
FI4000123096,ISIN_MULTIPLE_TICKER_SAME_MONTH,2015-12,SAVOH|SAVOS
FI4000102678,ISIN_MULTIPLE_TICKER_SAME_MONTH,2016-01,NXTMH|NXTMS
FI4000123096,ISIN_MULTIPLE_TICKER_SAME_MONTH,2016-01,SAVOH|SAVOS
FI4000102678,ISIN_MULTIPLE_TICKER_SAME_MONTH,2016-02,NXTMH|NXTMS
FI4000123096,ISIN_MULTIPLE_TICKER_SAME_MONTH,2016-02,SAVOH|SAVOS
FI4000102678,ISIN_MULTIPLE_TICKER_SAME_MONTH,2016-03,NXTMH|NXTMS
FI4000123096,ISIN_MULTIPLE_TICKER_SAME_MONTH,2016-03,SAVOH|SAVOS
FI4000092523,ISIN_MULTIPLE_TICKER_SAME_MONTH,2016-04,CLEAN|CLEANT A
FI4000102678,ISIN_MULTIPLE_TICKER_SAME_MONTH,2016-04,NXTMH|NXTMS
FI4000123096,ISIN_MULTIPLE_TICKER_SAME_MONTH,2016-04,SAVOH|SAVOS
FI4000092523,ISIN_MULTIPLE_TICKER_SAME_MONTH,2016-05,CLEAN|CLEANT A
FI4000102678,ISIN_MULTIPLE_TICKER_SAME_MONTH,2016-05,NXTMH|NXTMS
FI4000123096,ISIN_MULTIPLE_TICKER_SAME_MONTH,2016-05,SAVOH|SAVOS
FI4000092523,ISIN_MULTIPLE_TICKER_SAME_MONTH,2016-06,CLEAN|CLEANT A
FI4000102678,ISIN_MULTIPLE_TICKER_SAME_MONTH,2016-06,NXTMH|NXTMS
FI4000123096,ISIN_MULTIPLE_TICKER_SAME_MONTH,2016-06,SAVOH|SAVOS
FI4000092523,ISIN_MULTIPLE_TICKER_SAME_MONTH,2016-07,CLEAN|CLEANT A
FI4000102678,ISIN_MULTIPLE_TICKER_SAME_MONTH,2016-07,NXTMH|NXTMS
FI4000123096,ISIN_MULTIPLE_TICKER_SAME_MONTH,2016-07,SAVOH|SAVOS
FI4000092523,ISIN_MULTIPLE_TICKER_SAME_MONTH,2016-08,CLEAN|CLEANT A
FI4000102678,ISIN_MULTIPLE_TICKER_SAME_MONTH,2016-08,NXTMH|NXTMS
FI4000123096,ISIN_MULTIPLE_TICKER_SAME_MONTH,2016-08,SAVOH|SAVOS
FI4000092523,ISIN_MULTIPLE_TICKER_SAME_MONTH,2016-09,CLEAN|CLEANT A
FI4000102678,ISIN_MULTIPLE_TICKER_SAME_MONTH,2016-09,NXTMH|NXTMS
FI4000123096,ISIN_MULTIPLE_TICKER_SAME_MONTH,2016-09,SAVOH|SAVOS
FI4000092523,ISIN_MULTIPLE_TICKER_SAME_MONTH,2016-10,CLEAN|CLEANT A
FI4000102678,ISIN_MULTIPLE_TICKER_SAME_MONTH,2016-10,NXTMH|NXTMS
FI4000123096,ISIN_MULTIPLE_TICKER_SAME_MONTH,2016-10,SAVOH|SAVOS
FI4000092523,ISIN_MULTIPLE_TICKER_SAME_MONTH,2016-11,CLEAN|CLEANT A
FI4000102678,ISIN_MULTIPLE_TICKER_SAME_MONTH,2016-11,NXTMH|NXTMS
FI4000123096,ISIN_MULTIPLE_TICKER_SAME_MONTH,2016-11,SAVOH|SAVOS
FI4000092523,ISIN_MULTIPLE_TICKER_SAME_MONTH,2016-12,CLEAN|CLEANT A
FI4000102678,ISIN_MULTIPLE_TICKER_SAME_MONTH,2016-12,NXTMH|NXTMS
FI4000123096,ISIN_MULTIPLE_TICKER_SAME_MONTH,2016-12,SAVOH|SAVOS
FI4000092523,ISIN_MULTIPLE_TICKER_SAME_MONTH,2017-01,CLEAN|CLEANT A
FI4000102678,ISIN_MULTIPLE_TICKER_SAME_MONTH,2017-01,NXTMH|NXTMS
FI4000123096,ISIN_MULTIPLE_TICKER_SAME_MONTH,2017-01,SAVOH|SAVOS
FI4000092523,ISIN_MULTIPLE_TICKER_SAME_MONTH,2017-02,CLEAN|CLEANT A
FI4000102678,ISIN_MULTIPLE_TICKER_SAME_MONTH,2017-02,NXTMH|NXTMS
FI4000123096,ISIN_MULTIPLE_TICKER_SAME_MONTH,2017-02,SAVOH|SAVOS
FI4000092523,ISIN_MULTIPLE_TICKER_SAME_MONTH,2017-03,CLEAN|CLEANT A
FI4000102678,ISIN_MULTIPLE_TICKER_SAME_MONTH,2017-03,NXTMH|NXTMS
FI4000123096,ISIN_MULTIPLE_TICKER_SAME_MONTH,2017-03,SAVOH|SAVOS
FI4000092523,ISIN_MULTIPLE_TICKER_SAME_MONTH,2017-04,CLEAN|CLEANT A
FI4000102678,ISIN_MULTIPLE_TICKER_SAME_MONTH,2017-04,NXTMH|NXTMS
FI4000123096,ISIN_MULTIPLE_TICKER_SAME_MONTH,2017-04,SAVOH|SAVOS
FI4000092523,ISIN_MULTIPLE_TICKER_SAME_MONTH,2017-05,CLEAN|CLEANT A
FI4000102678,ISIN_MULTIPLE_TICKER_SAME_MONTH,2017-05,NXTMH|NXTMS
FI4000123096,ISIN_MULTIPLE_TICKER_SAME_MONTH,2017-05,SAVOH|SAVOS
FI4000092523,ISIN_MULTIPLE_TICKER_SAME_MONTH,2017-06,CLEAN|CLEANT A
FI4000102678,ISIN_MULTIPLE_TICKER_SAME_MONTH,2017-06,NXTMH|NXTMS
FI4000123096,ISIN_MULTIPLE_TICKER_SAME_MONTH,2017-06,SAVOH|SAVOS
FI4000092523,ISIN_MULTIPLE_TICKER_SAME_MONTH,2017-07,CLEAN|CLEANT A
FI4000102678,ISIN_MULTIPLE_TICKER_SAME_MONTH,2017-07,NXTMH|NXTMS
FI4000123096,ISIN_MULTIPLE_TICKER_SAME_MONTH,2017-07,SAVOH|SAVOS
FI4000092523,ISIN_MULTIPLE_TICKER_SAME_MONTH,2017-08,CLEAN|CLEANT A
FI4000102678,ISIN_MULTIPLE_TICKER_SAME_MONTH,2017-08,NXTMH|NXTMS
FI4000123096,ISIN_MULTIPLE_TICKER_SAME_MONTH,2017-08,SAVOH|SAVOS
FI4000092523,ISIN_MULTIPLE_TICKER_SAME_MONTH,2017-09,CLEAN|CLEANT A
FI4000102678,ISIN_MULTIPLE_TICKER_SAME_MONTH,2017-09,NXTMH|NXTMS
FI4000123096,ISIN_MULTIPLE_TICKER_SAME_MONTH,2017-09,SAVOH|SAVOS
FI4000092523,ISIN_MULTIPLE_TICKER_SAME_MONTH,2017-10,CLEAN|CLEANT A
FI4000102678,ISIN_MULTIPLE_TICKER_SAME_MONTH,2017-10,NXTMH|NXTMS
FI4000123096,ISIN_MULTIPLE_TICKER_SAME_MONTH,2017-10,SAVOH|SAVOS
FI4000092523,ISIN_MULTIPLE_TICKER_SAME_MONTH,2017-11,CLEAN|CLEANT A
FI4000102678,ISIN_MULTIPLE_TICKER_SAME_MONTH,2017-11,NXTMH|NXTMS
FI4000123096,ISIN_MULTIPLE_TICKER_SAME_MONTH,2017-11,SAVOH|SAVOS
FI4000092523,ISIN_MULTIPLE_TICKER_SAME_MONTH,2017-12,LOUD|LOUDS
FI4000102678,ISIN_MULTIPLE_TICKER_SAME_MONTH,2017-12,NXTMH|NXTMS
FI4000123096,ISIN_MULTIPLE_TICKER_SAME_MONTH,2017-12,SAVOH|SAVOS
FI4000092523,ISIN_MULTIPLE_TICKER_SAME_MONTH,2018-01,LOUD|LOUDS
FI4000102678,ISIN_MULTIPLE_TICKER_SAME_MONTH,2018-01,NXTMH|NXTMS
FI4000123096,ISIN_MULTIPLE_TICKER_SAME_MONTH,2018-01,SAVOH|SAVOS
FI4000260583,ISIN_MULTIPLE_TICKER_SAME_MONTH,2018-02,BONEH|BONES
FI4000092523,ISIN_MULTIPLE_TICKER_SAME_MONTH,2018-02,LOUD|LOUDS
FI4000102678,ISIN_MULTIPLE_TICKER_SAME_MONTH,2018-02,NXTMH|NXTMS
FI4000123096,ISIN_MULTIPLE_TICKER_SAME_MONTH,2018-02,SAVOH|SAVOS
FI4000260583,ISIN_MULTIPLE_TICKER_SAME_MONTH,2018-03,BONEH|BONES
FI4000092523,ISIN_MULTIPLE_TICKER_SAME_MONTH,2018-03,LOUD|LOUDS
FI4000102678,ISIN_MULTIPLE_TICKER_SAME_MONTH,2018-03,NXTMH|NXTMS
FI4000123096,ISIN_MULTIPLE_TICKER_SAME_MONTH,2018-03,SAVOH|SAVOS
FI4000260583,ISIN_MULTIPLE_TICKER_SAME_MONTH,2018-04,BONEH|BONES
FI4000092523,ISIN_MULTIPLE_TICKER_SAME_MONTH,2018-04,LOUD|LOUDS
FI4000102678,ISIN_MULTIPLE_TICKER_SAME_MONTH,2018-04,NXTMH|NXTMS
FI4000123096,ISIN_MULTIPLE_TICKER_SAME_MONTH,2018-04,SAVOH|SAVOS
FI4000260583,ISIN_MULTIPLE_TICKER_SAME_MONTH,2018-05,BONEH|BONES
FI4000092523,ISIN_MULTIPLE_TICKER_SAME_MONTH,2018-05,LOUD|LOUDS
FI4000102678,ISIN_MULTIPLE_TICKER_SAME_MONTH,2018-05,NXTMH|NXTMS
FI4000123096,ISIN_MULTIPLE_TICKER_SAME_MONTH,2018-05,SAVOH|SAVOS
FI4000260583,ISIN_MULTIPLE_TICKER_SAME_MONTH,2018-06,BONEH|BONES
FI4000092523,ISIN_MULTIPLE_TICKER_SAME_MONTH,2018-06,LOUD|LOUDS
FI4000102678,ISIN_MULTIPLE_TICKER_SAME_MONTH,2018-06,NXTMH|NXTMS
FI4000123096,ISIN_MULTIPLE_TICKER_SAME_MONTH,2018-06,SAVOH|SAVOS
FI4000260583,ISIN_MULTIPLE_TICKER_SAME_MONTH,2018-07,BONEH|BONES
FI4000092523,ISIN_MULTIPLE_TICKER_SAME_MONTH,2018-07,LOUD|LOUDS
FI4000102678,ISIN_MULTIPLE_TICKER_SAME_MONTH,2018-07,NXTMH|NXTMS
FI4000123096,ISIN_MULTIPLE_TICKER_SAME_MONTH,2018-07,SAVOH|SAVOS
FI4000260583,ISIN_MULTIPLE_TICKER_SAME_MONTH,2018-08,BONEH|BONES
FI4000092523,ISIN_MULTIPLE_TICKER_SAME_MONTH,2018-08,LOUD|LOUDS
FI4000102678,ISIN_MULTIPLE_TICKER_SAME_MONTH,2018-08,NXTMH|NXTMS
FI4000123096,ISIN_MULTIPLE_TICKER_SAME_MONTH,2018-08,SAVOH|SAVOS
FI4000260583,ISIN_MULTIPLE_TICKER_SAME_MONTH,2018-09,BONEH|BONES
FI4000092523,ISIN_MULTIPLE_TICKER_SAME_MONTH,2018-09,LOUD|LOUDS
FI4000102678,ISIN_MULTIPLE_TICKER_SAME_MONTH,2018-09,NXTMH|NXTMS
FI4000123096,ISIN_MULTIPLE_TICKER_SAME_MONTH,2018-09,SAVOH|SAVOS
FI4000260583,ISIN_MULTIPLE_TICKER_SAME_MONTH,2018-10,BONEH|BONES
FI4000092523,ISIN_MULTIPLE_TICKER_SAME_MONTH,2018-10,LOUD|LOUDS
FI4000102678,ISIN_MULTIPLE_TICKER_SAME_MONTH,2018-10,NXTMH|NXTMS
FI4000123096,ISIN_MULTIPLE_TICKER_SAME_MONTH,2018-10,SAVOH|SAVOS
FI4000260583,ISIN_MULTIPLE_TICKER_SAME_MONTH,2018-11,BONEH|BONES
FI4000092523,ISIN_MULTIPLE_TICKER_SAME_MONTH,2018-11,LOUD|LOUDS
FI4000354162,ISIN_MULTIPLE_TICKER_SAME_MONTH,2018-11,NXTMH|NXTMS
FI4000123096,ISIN_MULTIPLE_TICKER_SAME_MONTH,2018-11,SAVOH|SAVOS
FI4000260583,ISIN_MULTIPLE_TICKER_SAME_MONTH,2018-12,BONEH|BONES
FI4000092523,ISIN_MULTIPLE_TICKER_SAME_MONTH,2018-12,LOUD|LOUDS
FI4000354162,ISIN_MULTIPLE_TICKER_SAME_MONTH,2018-12,NXTMH|NXTMS
FI4000123096,ISIN_MULTIPLE_TICKER_SAME_MONTH,2018-12,SAVOH|SAVOS
FI4000260583,ISIN_MULTIPLE_TICKER_SAME_MONTH,2019-01,BONEH|BONES
FI4000092523,ISIN_MULTIPLE_TICKER_SAME_MONTH,2019-01,LOUD|LOUDS
FI4000354162,ISIN_MULTIPLE_TICKER_SAME_MONTH,2019-01,NXTMH|NXTMS
FI4000123096,ISIN_MULTIPLE_TICKER_SAME_MONTH,2019-01,SAVOH|SAVOS
FI4000260583,ISIN_MULTIPLE_TICKER_SAME_MONTH,2019-02,BONEH|BONES
FI4000092523,ISIN_MULTIPLE_TICKER_SAME_MONTH,2019-02,LOUD|LOUDS
FI4000354162,ISIN_MULTIPLE_TICKER_SAME_MONTH,2019-02,NXTMH|NXTMS
FI4000123096,ISIN_MULTIPLE_TICKER_SAME_MONTH,2019-02,SAVOH|SAVOS
FI4000260583,ISIN_MULTIPLE_TICKER_SAME_MONTH,2019-03,BONEH|BONES
FI4000092523,ISIN_MULTIPLE_TICKER_SAME_MONTH,2019-03,LOUD|LOUDS
FI4000354162,ISIN_MULTIPLE_TICKER_SAME_MONTH,2019-03,NXTMH|NXTMS
FI4000123096,ISIN_MULTIPLE_TICKER_SAME_MONTH,2019-03,SAVOH|SAVOS
FI4000260583,ISIN_MULTIPLE_TICKER_SAME_MONTH,2019-04,BONEH|BONES
FI4000092523,ISIN_MULTIPLE_TICKER_SAME_MONTH,2019-04,LOUD|LOUDS
FI4000354162,ISIN_MULTIPLE_TICKER_SAME_MONTH,2019-04,NXTMH|NXTMS
FI4000123096,ISIN_MULTIPLE_TICKER_SAME_MONTH,2019-04,SAVOH|SAVOS
FI4000260583,ISIN_MULTIPLE_TICKER_SAME_MONTH,2019-05,BONEH|BONES
FI4000092523,ISIN_MULTIPLE_TICKER_SAME_MONTH,2019-05,LOUD|LOUDS
FI4000354162,ISIN_MULTIPLE_TICKER_SAME_MONTH,2019-05,NXTMH|NXTMS
FI4000123096,ISIN_MULTIPLE_TICKER_SAME_MONTH,2019-05,SAVOH|SAVOS
FI4000260583,ISIN_MULTIPLE_TICKER_SAME_MONTH,2019-06,BONEH|BONES
FI4000092523,ISIN_MULTIPLE_TICKER_SAME_MONTH,2019-06,LOUD|LOUDS
FI4000354162,ISIN_MULTIPLE_TICKER_SAME_MONTH,2019-06,NXTMH|NXTMS
FI4000123096,ISIN_MULTIPLE_TICKER_SAME_MONTH,2019-06,SAVOH|SAVOS
FI4000260583,ISIN_MULTIPLE_TICKER_SAME_MONTH,2019-07,BONEH|BONES
FI4000092523,ISIN_MULTIPLE_TICKER_SAME_MONTH,2019-07,LOUD|LOUDS
FI4000354162,ISIN_MULTIPLE_TICKER_SAME_MONTH,2019-07,NXTMH|NXTMS
FI4000123096,ISIN_MULTIPLE_TICKER_SAME_MONTH,2019-07,SAVOH|SAVOS
FI4000260583,ISIN_MULTIPLE_TICKER_SAME_MONTH,2019-08,BONEH|BONES
FI4000092523,ISIN_MULTIPLE_TICKER_SAME_MONTH,2019-08,LOUD|LOUDS
FI4000354162,ISIN_MULTIPLE_TICKER_SAME_MONTH,2019-08,NXTMH|NXTMS
FI4000123096,ISIN_MULTIPLE_TICKER_SAME_MONTH,2019-08,SAVOH|SAVOS
FI4000260583,ISIN_MULTIPLE_TICKER_SAME_MONTH,2019-09,BONEH|BONES
FI4000092523,ISIN_MULTIPLE_TICKER_SAME_MONTH,2019-09,LOUD|LOUDS
FI4000354162,ISIN_MULTIPLE_TICKER_SAME_MONTH,2019-09,NXTMH|NXTMS
FI4000123096,ISIN_MULTIPLE_TICKER_SAME_MONTH,2019-09,SAVOH|SAVOS
FI4000260583,ISIN_MULTIPLE_TICKER_SAME_MONTH,2019-10,BONEH|BONES
FI4000092523,ISIN_MULTIPLE_TICKER_SAME_MONTH,2019-10,LOUD|LOUDS
FI4000354162,ISIN_MULTIPLE_TICKER_SAME_MONTH,2019-10,NXTMH|NXTMS
FI4000123096,ISIN_MULTIPLE_TICKER_SAME_MONTH,2019-10,SAVOH|SAVOS
FI4000260583,ISIN_MULTIPLE_TICKER_SAME_MONTH,2019-11,BONEH|BONES
FI4000092523,ISIN_MULTIPLE_TICKER_SAME_MONTH,2019-11,LOUD|LOUDS
FI4000354162,ISIN_MULTIPLE_TICKER_SAME_MONTH,2019-11,NXTMH|NXTMS
FI4000123096,ISIN_MULTIPLE_TICKER_SAME_MONTH,2019-11,SAVOH|SAVOS
FI4000260583,ISIN_MULTIPLE_TICKER_SAME_MONTH,2019-12,BONEH|BONES
FI4000087861,ISIN_MULTIPLE_TICKER_SAME_MONTH,2019-12,HRNTS|HRTIS
FI4000092523,ISIN_MULTIPLE_TICKER_SAME_MONTH,2019-12,LOUD|LOUDS
FI4000354162,ISIN_MULTIPLE_TICKER_SAME_MONTH,2019-12,NXTMH|NXTMS
FI4000123096,ISIN_MULTIPLE_TICKER_SAME_MONTH,2019-12,SAVOH|SAVOS
FI4000260583,ISIN_MULTIPLE_TICKER_SAME_MONTH,2020-01,BONEH|BONES
FI4000087861,ISIN_MULTIPLE_TICKER_SAME_MONTH,2020-01,HRNTS|HRTIS
FI4000092523,ISIN_MULTIPLE_TICKER_SAME_MONTH,2020-01,LOUD|LOUDS
FI4000354162,ISIN_MULTIPLE_TICKER_SAME_MONTH,2020-01,NXTMH|NXTMS
FI4000123096,ISIN_MULTIPLE_TICKER_SAME_MONTH,2020-01,SAVOH|SAVOS
FI4000260583,ISIN_MULTIPLE_TICKER_SAME_MONTH,2020-02,BONEH|BONES
FI4000087861,ISIN_MULTIPLE_TICKER_SAME_MONTH,2020-02,HRNTS|HRTIS
FI4000092523,ISIN_MULTIPLE_TICKER_SAME_MONTH,2020-02,LOUD|LOUDS
FI4000354162,ISIN_MULTIPLE_TICKER_SAME_MONTH,2020-02,NXTMH|NXTMS
FI4000123096,ISIN_MULTIPLE_TICKER_SAME_MONTH,2020-02,SAVOH|SAVOS
FI4000260583,ISIN_MULTIPLE_TICKER_SAME_MONTH,2020-03,BONEH|BONES
FI4000087861,ISIN_MULTIPLE_TICKER_SAME_MONTH,2020-03,HRNTS|HRTIS
FI4000092523,ISIN_MULTIPLE_TICKER_SAME_MONTH,2020-03,LOUD|LOUDS
FI4000354162,ISIN_MULTIPLE_TICKER_SAME_MONTH,2020-03,NXTMH|NXTMS
FI4000123096,ISIN_MULTIPLE_TICKER_SAME_MONTH,2020-03,SAVOH|SAVOS
FI4000260583,ISIN_MULTIPLE_TICKER_SAME_MONTH,2020-04,BONEH|BONES
FI4000087861,ISIN_MULTIPLE_TICKER_SAME_MONTH,2020-04,HRNTS|HRTIS
FI4000092523,ISIN_MULTIPLE_TICKER_SAME_MONTH,2020-04,LOUD|LOUDS
FI4000354162,ISIN_MULTIPLE_TICKER_SAME_MONTH,2020-04,NXTMH|NXTMS
FI4000425848,ISIN_MULTIPLE_TICKER_SAME_MONTH,2020-04,SAVOH|SAVOS
FI4000260583,ISIN_MULTIPLE_TICKER_SAME_MONTH,2020-05,BONEH|BONES
FI4000087861,ISIN_MULTIPLE_TICKER_SAME_MONTH,2020-05,HRNTS|HRTIS
FI4000092523,ISIN_MULTIPLE_TICKER_SAME_MONTH,2020-05,LOUD|LOUDS
FI4000354162,ISIN_MULTIPLE_TICKER_SAME_MONTH,2020-05,NXTMH|NXTMS
FI4000425848,ISIN_MULTIPLE_TICKER_SAME_MONTH,2020-05,SAVOH|SAVOS
FI4000330972,ISIN_MULTIPLE_TICKER_SAME_MONTH,2020-06,NANOFH|NANOFS
FI4000260583,ISIN_MULTIPLE_TICKER_SAME_MONTH,2020-06,BONEH|BONES
FI4000087861,ISIN_MULTIPLE_TICKER_SAME_MONTH,2020-06,HRNTS|HRTIS
FI4000092523,ISIN_MULTIPLE_TICKER_SAME_MONTH,2020-06,LOUD|LOUDS
FI4000354162,ISIN_MULTIPLE_TICKER_SAME_MONTH,2020-06,NXTMH|NXTMS
FI4000425848,ISIN_MULTIPLE_TICKER_SAME_MONTH,2020-06,SAVOH|SAVOS
FI4000260583,ISIN_MULTIPLE_TICKER_SAME_MONTH,2020-07,BONEH|BONES
FI4000087861,ISIN_MULTIPLE_TICKER_SAME_MONTH,2020-07,HRNTS|HRTIS
FI4000092523,ISIN_MULTIPLE_TICKER_SAME_MONTH,2020-07,LOUD|LOUDS
FI4000354162,ISIN_MULTIPLE_TICKER_SAME_MONTH,2020-07,NXTMH|NXTMS
FI4000425848,ISIN_MULTIPLE_TICKER_SAME_MONTH,2020-07,SAVOH|SAVOS
FI4000260583,ISIN_MULTIPLE_TICKER_SAME_MONTH,2020-08,BONEH|BONES
FI4000087861,ISIN_MULTIPLE_TICKER_SAME_MONTH,2020-08,HRNTS|HRTIS
FI4000092523,ISIN_MULTIPLE_TICKER_SAME_MONTH,2020-08,LOUD|LOUDS
FI4000354162,ISIN_MULTIPLE_TICKER_SAME_MONTH,2020-08,NXTMH|NXTMS
FI4000425848,ISIN_MULTIPLE_TICKER_SAME_MONTH,2020-08,SAVOH|SAVOS
FI4000330972,ISIN_MULTIPLE_TICKER_SAME_MONTH,2020-09,NANOFH|NANOFS
FI4000260583,ISIN_MULTIPLE_TICKER_SAME_MONTH,2020-09,BONEH|BONES
FI4000087861,ISIN_MULTIPLE_TICKER_SAME_MONTH,2020-09,HRNTS|HRTIS
FI4000092523,ISIN_MULTIPLE_TICKER_SAME_MONTH,2020-09,LOUD|LOUDS
FI4000354162,ISIN_MULTIPLE_TICKER_SAME_MONTH,2020-09,NXTMH|NXTMS
FI4000425848,ISIN_MULTIPLE_TICKER_SAME_MONTH,2020-09,SAVOH|SAVOS
FI4000330972,ISIN_MULTIPLE_TICKER_SAME_MONTH,2020-10,NANOFH|NANOFS
FI4000260583,ISIN_MULTIPLE_TICKER_SAME_MONTH,2020-10,BONEH|BONES
FI4000087861,ISIN_MULTIPLE_TICKER_SAME_MONTH,2020-10,HRNTS|HRTIS
FI4000092523,ISIN_MULTIPLE_TICKER_SAME_MONTH,2020-10,LOUD|LOUDS
FI4000354162,ISIN_MULTIPLE_TICKER_SAME_MONTH,2020-10,NXTMH|NXTMS
FI4000425848,ISIN_MULTIPLE_TICKER_SAME_MONTH,2020-10,SAVOH|SAVOS
FI4000330972,ISIN_MULTIPLE_TICKER_SAME_MONTH,2020-12,NANOFH|NANOFS
FI4000260583,ISIN_MULTIPLE_TICKER_SAME_MONTH,2020-12,BONEH|BONES
FI4000087861,ISIN_MULTIPLE_TICKER_SAME_MONTH,2020-12,HRNTS|HRTIS
FI4000092523,ISIN_MULTIPLE_TICKER_SAME_MONTH,2020-12,LOUD|LOUDS
FI4000354162,ISIN_MULTIPLE_TICKER_SAME_MONTH,2020-12,NXTMH|NXTMS
FI4000425848,ISIN_MULTIPLE_TICKER_SAME_MONTH,2020-12,SAVOH|SAVOS
FI4000330972,ISIN_MULTIPLE_TICKER_SAME_MONTH,2021-01,NANOFH|NANOFS
FI4000260583,ISIN_MULTIPLE_TICKER_SAME_MONTH,2021-01,BONEH|BONES
FI4000087861,ISIN_MULTIPLE_TICKER_SAME_MONTH,2021-01,HRNTS|HRTIS
FI4000092523,ISIN_MULTIPLE_TICKER_SAME_MONTH,2021-01,LOUD|LOUDS
FI4000354162,ISIN_MULTIPLE_TICKER_SAME_MONTH,2021-01,NXTMH|NXTMS
FI4000425848,ISIN_MULTIPLE_TICKER_SAME_MONTH,2021-01,SAVOH|SAVOS
FI4000260583,ISIN_MULTIPLE_TICKER_SAME_MONTH,2021-02,BONEH|BONES
FI4000087861,ISIN_MULTIPLE_TICKER_SAME_MONTH,2021-02,HRNTS|HRTIS
FI4000092523,ISIN_MULTIPLE_TICKER_SAME_MONTH,2021-02,LOUD|LOUDS
FI4000354162,ISIN_MULTIPLE_TICKER_SAME_MONTH,2021-02,NXTMH|NXTMS
FI4000425848,ISIN_MULTIPLE_TICKER_SAME_MONTH,2021-02,SAVOH|SAVOS
FI4000330972,ISIN_MULTIPLE_TICKER_SAME_MONTH,2021-03,NANOFH|NANOFS
FI4000260583,ISIN_MULTIPLE_TICKER_SAME_MONTH,2021-03,BONEH|BONES
FI4000087861,ISIN_MULTIPLE_TICKER_SAME_MONTH,2021-03,HRNTS|HRTIS
FI4000092523,ISIN_MULTIPLE_TICKER_SAME_MONTH,2021-03,LOUD|LOUDS
FI4000354162,ISIN_MULTIPLE_TICKER_SAME_MONTH,2021-03,NXTMH|NXTMS
FI4000425848,ISIN_MULTIPLE_TICKER_SAME_MONTH,2021-03,SAVOH|SAVOS
FI4000330972,ISIN_MULTIPLE_TICKER_SAME_MONTH,2021-04,NANOFH|NANOFS
FI4000260583,ISIN_MULTIPLE_TICKER_SAME_MONTH,2021-04,BONEH|BONES
FI4000087861,ISIN_MULTIPLE_TICKER_SAME_MONTH,2021-04,HRNTS|HRTIS
FI4000092523,ISIN_MULTIPLE_TICKER_SAME_MONTH,2021-04,LOUD|LOUDS
FI4000354162,ISIN_MULTIPLE_TICKER_SAME_MONTH,2021-04,NXTMH|NXTMS
FI4000425848,ISIN_MULTIPLE_TICKER_SAME_MONTH,2021-04,SAVOH|SAVOS
FI4000330972,ISIN_MULTIPLE_TICKER_SAME_MONTH,2021-05,NANOFH|NANOFS
FI4000260583,ISIN_MULTIPLE_TICKER_SAME_MONTH,2021-05,BONEH|BONES
FI4000087861,ISIN_MULTIPLE_TICKER_SAME_MONTH,2021-05,HRNTS|HRTIS
FI4000092523,ISIN_MULTIPLE_TICKER_SAME_MONTH,2021-05,LOUD|LOUDS
FI4000506811,ISIN_MULTIPLE_TICKER_SAME_MONTH,2021-05,NXTMH|NXTMS
FI4000425848,ISIN_MULTIPLE_TICKER_SAME_MONTH,2021-05,SAVOH|SAVOS
FI4000330972,ISIN_MULTIPLE_TICKER_SAME_MONTH,2021-06,NANOFH|NANOFS
FI4000260583,ISIN_MULTIPLE_TICKER_SAME_MONTH,2021-06,BONEH|BONES
FI4000087861,ISIN_MULTIPLE_TICKER_SAME_MONTH,2021-06,HRNTS|HRTIS
FI4000092523,ISIN_MULTIPLE_TICKER_SAME_MONTH,2021-06,LOUD|LOUDS
FI4000506811,ISIN_MULTIPLE_TICKER_SAME_MONTH,2021-06,NXTMH|NXTMS
FI4000425848,ISIN_MULTIPLE_TICKER_SAME_MONTH,2021-06,SAVOH|SAVOS
FI4000330972,ISIN_MULTIPLE_TICKER_SAME_MONTH,2021-07,NANOFH|NANOFS
FI4000260583,ISIN_MULTIPLE_TICKER_SAME_MONTH,2021-07,BONEH|BONES
FI4000087861,ISIN_MULTIPLE_TICKER_SAME_MONTH,2021-07,HRNTS|HRTIS
FI4000092523,ISIN_MULTIPLE_TICKER_SAME_MONTH,2021-07,LOUD|LOUDS
FI4000506811,ISIN_MULTIPLE_TICKER_SAME_MONTH,2021-07,NXTMH|NXTMS
FI4000425848,ISIN_MULTIPLE_TICKER_SAME_MONTH,2021-07,SAVOH|SAVOS
FI4000330972,ISIN_MULTIPLE_TICKER_SAME_MONTH,2021-08,NANOFH|NANOFS
FI4000260583,ISIN_MULTIPLE_TICKER_SAME_MONTH,2021-08,BONEH|BONES
FI4000087861,ISIN_MULTIPLE_TICKER_SAME_MONTH,2021-08,HRNTS|HRTIS
FI4000092523,ISIN_MULTIPLE_TICKER_SAME_MONTH,2021-08,LOUD|LOUDS
FI4000506811,ISIN_MULTIPLE_TICKER_SAME_MONTH,2021-08,NXTMH|NXTMS
FI4000425848,ISIN_MULTIPLE_TICKER_SAME_MONTH,2021-08,SAVOH|SAVOS
FI4000330972,ISIN_MULTIPLE_TICKER_SAME_MONTH,2021-09,NANOFH|NANOFS
FI4000260583,ISIN_MULTIPLE_TICKER_SAME_MONTH,2021-09,BONEH|BONES
FI4000087861,ISIN_MULTIPLE_TICKER_SAME_MONTH,2021-09,HRNTS|HRTIS
FI4000092523,ISIN_MULTIPLE_TICKER_SAME_MONTH,2021-09,LOUD|LOUDS
FI4000506811,ISIN_MULTIPLE_TICKER_SAME_MONTH,2021-09,NXTMH|NXTMS
FI4000425848,ISIN_MULTIPLE_TICKER_SAME_MONTH,2021-09,SAVOH|SAVOS
FI4000330972,ISIN_MULTIPLE_TICKER_SAME_MONTH,2021-10,NANOFH|NANOFS
FI4000260583,ISIN_MULTIPLE_TICKER_SAME_MONTH,2021-10,BONEH|BONES
FI4000087861,ISIN_MULTIPLE_TICKER_SAME_MONTH,2021-10,HRNTS|HRTIS
FI4000092523,ISIN_MULTIPLE_TICKER_SAME_MONTH,2021-10,LOUD|LOUDS
FI4000506811,ISIN_MULTIPLE_TICKER_SAME_MONTH,2021-10,NXTMH|NXTMS
FI4000425848,ISIN_MULTIPLE_TICKER_SAME_MONTH,2021-10,SAVOH|SAVOS
FI4000330972,ISIN_MULTIPLE_TICKER_SAME_MONTH,2021-11,NANOFH|NANOFS
FI4000260583,ISIN_MULTIPLE_TICKER_SAME_MONTH,2021-11,BONEH|BONES
FI4000087861,ISIN_MULTIPLE_TICKER_SAME_MONTH,2021-11,HRNTS|HRTIS
FI4000092523,ISIN_MULTIPLE_TICKER_SAME_MONTH,2021-11,LOUD|LOUDS
FI4000506811,ISIN_MULTIPLE_TICKER_SAME_MONTH,2021-11,NXTMH|NXTMS
FI4000425848,ISIN_MULTIPLE_TICKER_SAME_MONTH,2021-11,SAVOH|SAVOS
FI4000330972,ISIN_MULTIPLE_TICKER_SAME_MONTH,2021-12,NANOFH|NANOFS
FI4000260583,ISIN_MULTIPLE_TICKER_SAME_MONTH,2021-12,BONEH|BONES
FI4000087861,ISIN_MULTIPLE_TICKER_SAME_MONTH,2021-12,HRNTS|HRTIS
FI4000092523,ISIN_MULTIPLE_TICKER_SAME_MONTH,2021-12,LOUD|LOUDS
FI4000506811,ISIN_MULTIPLE_TICKER_SAME_MONTH,2021-12,NXTMH|NXTMS
FI4000425848,ISIN_MULTIPLE_TICKER_SAME_MONTH,2021-12,SAVOH|SAVOS
FI4000330972,ISIN_MULTIPLE_TICKER_SAME_MONTH,2022-01,NANOFH|NANOFS
FI4000260583,ISIN_MULTIPLE_TICKER_SAME_MONTH,2022-01,BONEH|BONES
FI4000087861,ISIN_MULTIPLE_TICKER_SAME_MONTH,2022-01,HRNTS|HRTIS
FI4000092523,ISIN_MULTIPLE_TICKER_SAME_MONTH,2022-01,LOUD|LOUDS
FI4000506811,ISIN_MULTIPLE_TICKER_SAME_MONTH,2022-01,NXTMH|NXTMS
FI4000425848,ISIN_MULTIPLE_TICKER_SAME_MONTH,2022-01,SAVOH|SAVOS
FI4000330972,ISIN_MULTIPLE_TICKER_SAME_MONTH,2022-02,NANOFH|NANOFS
FI4000260583,ISIN_MULTIPLE_TICKER_SAME_MONTH,2022-02,BONEH|BONES
FI4000087861,ISIN_MULTIPLE_TICKER_SAME_MONTH,2022-02,HRNTS|HRTIS
FI4000092523,ISIN_MULTIPLE_TICKER_SAME_MONTH,2022-02,LOUD|LOUDS
FI4000506811,ISIN_MULTIPLE_TICKER_SAME_MONTH,2022-02,NXTMH|NXTMS
FI4000425848,ISIN_MULTIPLE_TICKER_SAME_MONTH,2022-02,SAVOH|SAVOS
FI4000330972,ISIN_MULTIPLE_TICKER_SAME_MONTH,2022-03,NANOFH|NANOFS
FI4000260583,ISIN_MULTIPLE_TICKER_SAME_MONTH,2022-03,BONEH|BONES
FI4000087861,ISIN_MULTIPLE_TICKER_SAME_MONTH,2022-03,HRNTS|HRTIS
FI4000092523,ISIN_MULTIPLE_TICKER_SAME_MONTH,2022-03,LOUD|LOUDS
FI4000506811,ISIN_MULTIPLE_TICKER_SAME_MONTH,2022-03,NXTMH|NXTMS
FI4000425848,ISIN_MULTIPLE_TICKER_SAME_MONTH,2022-03,SAVOH|SAVOS
FI4000330972,ISIN_MULTIPLE_TICKER_SAME_MONTH,2022-04,NANOFH|NANOFS
FI4000260583,ISIN_MULTIPLE_TICKER_SAME_MONTH,2022-04,BONEH|BONES
FI4000087861,ISIN_MULTIPLE_TICKER_SAME_MONTH,2022-04,HRNTS|HRTIS
FI4000092523,ISIN_MULTIPLE_TICKER_SAME_MONTH,2022-04,LOUD|LOUDS
FI4000506811,ISIN_MULTIPLE_TICKER_SAME_MONTH,2022-04,NXTMH|NXTMS
FI4000425848,ISIN_MULTIPLE_TICKER_SAME_MONTH,2022-04,SAVOH|SAVOS
FI4000330972,ISIN_MULTIPLE_TICKER_SAME_MONTH,2022-05,NANOFH|NANOFS
FI4000260583,ISIN_MULTIPLE_TICKER_SAME_MONTH,2022-05,BONEH|BONES
FI4000087861,ISIN_MULTIPLE_TICKER_SAME_MONTH,2022-05,HRNTS|HRTIS
FI4000092523,ISIN_MULTIPLE_TICKER_SAME_MONTH,2022-05,LOUD|LOUDS
FI4000506811,ISIN_MULTIPLE_TICKER_SAME_MONTH,2022-05,NXTMH|NXTMS
FI4000425848,ISIN_MULTIPLE_TICKER_SAME_MONTH,2022-05,SAVOH|SAVOS
FI4000330972,ISIN_MULTIPLE_TICKER_SAME_MONTH,2022-06,NANOFH|NANOFS
FI4000260583,ISIN_MULTIPLE_TICKER_SAME_MONTH,2022-06,BONEH|BONES
FI4000087861,ISIN_MULTIPLE_TICKER_SAME_MONTH,2022-06,HRNTS|HRTIS
FI4000092523,ISIN_MULTIPLE_TICKER_SAME_MONTH,2022-06,LOUD|LOUDS
FI4000506811,ISIN_MULTIPLE_TICKER_SAME_MONTH,2022-06,NXTMH|NXTMS
FI4000425848,ISIN_MULTIPLE_TICKER_SAME_MONTH,2022-06,SAVOH|SAVOS
FI4000330972,ISIN_MULTIPLE_TICKER_SAME_MONTH,2022-07,NANOFH|NANOFS
FI4000260583,ISIN_MULTIPLE_TICKER_SAME_MONTH,2022-07,BONEH|BONES
FI4000087861,ISIN_MULTIPLE_TICKER_SAME_MONTH,2022-07,HRNTS|HRTIS
FI4000092523,ISIN_MULTIPLE_TICKER_SAME_MONTH,2022-07,LOUD|LOUDS
FI4000506811,ISIN_MULTIPLE_TICKER_SAME_MONTH,2022-07,NXTMH|NXTMS
FI4000425848,ISIN_MULTIPLE_TICKER_SAME_MONTH,2022-07,SAVOH|SAVOS
FI4000330972,ISIN_MULTIPLE_TICKER_SAME_MONTH,2022-08,NANOFH|NANOFS
FI4000260583,ISIN_MULTIPLE_TICKER_SAME_MONTH,2022-08,BONEH|BONES
FI4000087861,ISIN_MULTIPLE_TICKER_SAME_MONTH,2022-08,HRNTS|HRTIS
FI4000092523,ISIN_MULTIPLE_TICKER_SAME_MONTH,2022-08,LOUD|LOUDS
FI4000506811,ISIN_MULTIPLE_TICKER_SAME_MONTH,2022-08,NXTMH|NXTMS
FI4000425848,ISIN_MULTIPLE_TICKER_SAME_MONTH,2022-08,SAVOH|SAVOS
FI4000330972,ISIN_MULTIPLE_TICKER_SAME_MONTH,2022-09,NANOFH|NANOFS
FI4000260583,ISIN_MULTIPLE_TICKER_SAME_MONTH,2022-09,BONEH|BONES
FI4000087861,ISIN_MULTIPLE_TICKER_SAME_MONTH,2022-09,HRNTS|HRTIS
FI4000092523,ISIN_MULTIPLE_TICKER_SAME_MONTH,2022-09,LOUD|LOUDS
FI4000506811,ISIN_MULTIPLE_TICKER_SAME_MONTH,2022-09,NXTMH|NXTMS
FI4000425848,ISIN_MULTIPLE_TICKER_SAME_MONTH,2022-09,SAVOH|SAVOS
FI4000330972,ISIN_MULTIPLE_TICKER_SAME_MONTH,2022-10,NANOFH|NANOFS
FI4000260583,ISIN_MULTIPLE_TICKER_SAME_MONTH,2022-10,BONEH|BONES
FI4000087861,ISIN_MULTIPLE_TICKER_SAME_MONTH,2022-10,HRNTS|HRTIS
FI4000092523,ISIN_MULTIPLE_TICKER_SAME_MONTH,2022-10,LOUD|LOUDS
FI4000506811,ISIN_MULTIPLE_TICKER_SAME_MONTH,2022-10,NXTMH|NXTMS
FI4000425848,ISIN_MULTIPLE_TICKER_SAME_MONTH,2022-10,SAVOH|SAVOS
FI4000330972,ISIN_MULTIPLE_TICKER_SAME_MONTH,2022-11,NANOFH|NANOFS
FI4000260583,ISIN_MULTIPLE_TICKER_SAME_MONTH,2022-11,BONEH|BONES
FI4000092523,ISIN_MULTIPLE_TICKER_SAME_MONTH,2022-11,EAGLE|EAGLES
FI4000087861,ISIN_MULTIPLE_TICKER_SAME_MONTH,2022-11,HRNTS|HRTIS
FI4000506811,ISIN_MULTIPLE_TICKER_SAME_MONTH,2022-11,NXTMH|NXTMS
FI4000425848,ISIN_MULTIPLE_TICKER_SAME_MONTH,2022-11,SAVOH|SAVOS
FI4000330972,ISIN_MULTIPLE_TICKER_SAME_MONTH,2022-12,NANOFH|NANOFS
FI4000260583,ISIN_MULTIPLE_TICKER_SAME_MONTH,2022-12,BONEH|BONES
FI4000092523,ISIN_MULTIPLE_TICKER_SAME_MONTH,2022-12,EAGLE|EAGLES
FI4000087861,ISIN_MULTIPLE_TICKER_SAME_MONTH,2022-12,HRNTS|HRTIS
FI4000506811,ISIN_MULTIPLE_TICKER_SAME_MONTH,2022-12,NXTMH|NXTMS
FI4000425848,ISIN_MULTIPLE_TICKER_SAME_MONTH,2022-12,SAVOH|SAVOS
FI4000260583,ISIN_MULTIPLE_TICKER_SAME_MONTH,2023-01,BONEH|BONES
FI4000092523,ISIN_MULTIPLE_TICKER_SAME_MONTH,2023-01,EAGLE|EAGLES
FI4000087861,ISIN_MULTIPLE_TICKER_SAME_MONTH,2023-01,HRNTS|HRTIS
FI4000506811,ISIN_MULTIPLE_TICKER_SAME_MONTH,2023-01,NXTMH|NXTMS
FI4000425848,ISIN_MULTIPLE_TICKER_SAME_MONTH,2023-01,SAVOH|SAVOS
FI4000330972,ISIN_MULTIPLE_TICKER_SAME_MONTH,2023-01,NANOFH|NANOFS
FI4000260583,ISIN_MULTIPLE_TICKER_SAME_MONTH,2023-02,BONEH|BONES
FI4000092523,ISIN_MULTIPLE_TICKER_SAME_MONTH,2023-02,EAGLE|EAGLES
FI4000506811,ISIN_MULTIPLE_TICKER_SAME_MONTH,2023-02,NXTMH|NXTMS
FI4000425848,ISIN_MULTIPLE_TICKER_SAME_MONTH,2023-02,SAVOH|SAVOS
FI4000330972,ISIN_MULTIPLE_TICKER_SAME_MONTH,2023-02,NANOFH|NANOFS
FI4000092523,ISIN_MULTIPLE_TICKER_SAME_MONTH,2023-03,EAGLE|EAGLES
FI4000506811,ISIN_MULTIPLE_TICKER_SAME_MONTH,2023-03,NXTMH|NXTMS
FI4000425848,ISIN_MULTIPLE_TICKER_SAME_MONTH,2023-03,SAVOH|SAVOS
FI4000330972,ISIN_MULTIPLE_TICKER_SAME_MONTH,2023-03,NANOFH|NANOFS
FI4000092523,ISIN_MULTIPLE_TICKER_SAME_MONTH,2023-04,EAGLE|EAGLES
FI4000425848,ISIN_MULTIPLE_TICKER_SAME_MONTH,2023-04,SAVOH|SAVOS
FI4000330972,ISIN_MULTIPLE_TICKER_SAME_MONTH,2023-04,NANOFH|NANOFS
FI4000425848,ISIN_MULTIPLE_TICKER_SAME_MONTH,2023-05,SAVOH|SAVOS
FI4000330972,ISIN_MULTIPLE_TICKER_SAME_MONTH,2023-05,NANOFH|NANOFS
FI4000425848,ISIN_MULTIPLE_TICKER_SAME_MONTH,2023-06,MERIH|MERIS
FI4000330972,ISIN_MULTIPLE_TICKER_SAME_MONTH,2023-06,NANOFH|NANOFS
FI4000425848,ISIN_MULTIPLE_TICKER_SAME_MONTH,2023-07,MERIH|MERIS
FI4000330972,ISIN_MULTIPLE_TICKER_SAME_MONTH,2023-07,NANOFH|NANOFS
FI4000425848,ISIN_MULTIPLE_TICKER_SAME_MONTH,2023-08,MERIH|MERIS
FI4000330972,ISIN_MULTIPLE_TICKER_SAME_MONTH,2023-08,NANOFH|NANOFS
FI4000425848,ISIN_MULTIPLE_TICKER_SAME_MONTH,2023-09,MERIH|MERIS
FI4000330972,ISIN_MULTIPLE_TICKER_SAME_MONTH,2023-09,NANOFH|NANOFS
FI4000425848,ISIN_MULTIPLE_TICKER_SAME_MONTH,2023-10,MERIH|MERIS
FI4000330972,ISIN_MULTIPLE_TICKER_SAME_MONTH,2023-10,NANOFH|NANOFS
FI4000425848,ISIN_MULTIPLE_TICKER_SAME_MONTH,2023-11,MERIH|MERIS
FI4000330972,ISIN_MULTIPLE_TICKER_SAME_MONTH,2023-11,NANOFH|NANOFS
FI4000425848,ISIN_MULTIPLE_TICKER_SAME_MONTH,2023-12,MERIH|MERIS
FI4000330972,ISIN_MULTIPLE_TICKER_SAME_MONTH,2023-12,NANOFH|NANOFS
FI4000425848,ISIN_MULTIPLE_TICKER_SAME_MONTH,2024-01,MERIH|MERIS
FI4000425848,ISIN_MULTIPLE_TICKER_SAME_MONTH,2024-02,MERIH|MERIS
FI4000425848,ISIN_MULTIPLE_TICKER_SAME_MONTH,2024-03,MERIH|MERIS
FI4000425848,ISIN_MULTIPLE_TICKER_SAME_MONTH,2024-04,MERIH|MERIS
FI4000330972,ISIN_MULTIPLE_TICKER_SAME_MONTH,2024-04,NANOFH|NANOFS
FI4000425848,ISIN_MULTIPLE_TICKER_SAME_MONTH,2024-05,MERIH|MERIS
FI4000330972,ISIN_MULTIPLE_TICKER_SAME_MONTH,2024-05,NANOFH|NANOFS
FI4000425848,ISIN_MULTIPLE_TICKER_SAME_MONTH,2024-06,MERIH|MERIS
FI4000330972,ISIN_MULTIPLE_TICKER_SAME_MONTH,2024-06,NANOFH|NANOFS
FI4000425848,ISIN_MULTIPLE_TICKER_SAME_MONTH,2024-07,MERIH|MERIS
FI4000330972,ISIN_MULTIPLE_TICKER_SAME_MONTH,2024-07,NANOFH|NANOFS
FI4000425848,ISIN_MULTIPLE_TICKER_SAME_MONTH,2024-08,MERIH|MERIS
FI4000330972,ISIN_MULTIPLE_TICKER_SAME_MONTH,2024-08,NANOFH|NANOFS
FI4000425848,ISIN_MULTIPLE_TICKER_SAME_MONTH,2024-09,MERIH|MERIS
FI4000330972,ISIN_MULTIPLE_TICKER_SAME_MONTH,2024-09,NANOFH|NANOFS
FI4000330972,ISIN_MULTIPLE_TICKER_SAME_MONTH,2024-10,NANOFH|NANOFS
FI4000425848,ISIN_MULTIPLE_TICKER_SAME_MONTH,2024-10,MERIH|MERIS
FI4000330972,ISIN_MULTIPLE_TICKER_SAME_MONTH,2024-11,NANOFH|NANOFS
FI4000330972,ISIN_MULTIPLE_TICKER_SAME_MONTH,2024-12,NANOFH|NANOFS
FI4000330972,ISIN_MULTIPLE_TICKER_SAME_MONTH,2025-01,NANOFH|NANOFS
FI4000330972,ISIN_MULTIPLE_TICKER_SAME_MONTH,2025-02,NANOFH|NANOFS
FI4000330972,ISIN_MULTIPLE_TICKER_SAME_MONTH,2025-03,NANOFH|NANOFS
FI4000330972,ISIN_MULTIPLE_TICKER_SAME_MONTH,2025-04,NANOFH|NANOFS
FI4000330972,ISIN_MULTIPLE_TICKER_SAME_MONTH,2025-05,NANOFH|NANOFS
FI4000425848,ISIN_MULTIPLE_TICKER_SAME_MONTH,2025-05,MERIH|MERIS
FI4000330972,ISIN_MULTIPLE_TICKER_SAME_MONTH,2025-06,NANOFH|NANOFS
FI4000330972,ISIN_MULTIPLE_TICKER_SAME_MONTH,2025-07,NANOFH|NANOFS
FI4000330972,ISIN_MULTIPLE_TICKER_SAME_MONTH,2025-08,NANOFH|NANOFS
FI4000425848,ISIN_MULTIPLE_TICKER_SAME_MONTH,2025-08,SUMMA|SUMMAS
FI4000330972,ISIN_MULTIPLE_TICKER_SAME_MONTH,2025-09,NANOFH|NANOFS
FI4000330972,ISIN_MULTIPLE_TICKER_SAME_MONTH,2025-10,NANOFH|NANOFS
FI4000330972,ISIN_MULTIPLE_TICKER_SAME_MONTH,2025-11,NANOFH|NANOFS
FI4000330972,ISIN_MULTIPLE_TICKER_SAME_MONTH,2025-12,NANOFH|NANOFS
FI4000592282,ISIN_MULTIPLE_TICKER_SAME_MONTH,2025-12,SUMMA|SUMMAS
FI4000330972,ISIN_MULTIPLE_TICKER_SAME_MONTH,2026-01,NANOFH|NANOFS
FI4000592282,ISIN_MULTIPLE_TICKER_SAME_MONTH,2026-01,SUMMA|SUMMAS
FI4000330972,ISIN_MULTIPLE_TICKER_SAME_MONTH,2026-02,NANOFH|NANOFS
FI4000592282,ISIN_MULTIPLE_TICKER_SAME_MONTH,2026-02,SUMMA|SUMMAS
FI4000330972,ISIN_MULTIPLE_TICKER_SAME_MONTH,2026-03,NANOFH|NANOFS
FI4000592282,ISIN_MULTIPLE_TICKER_SAME_MONTH,2026-03,SUMMA|SUMMAS
FI4000330972,ISIN_MULTIPLE_TICKER_SAME_MONTH,2026-04,NANOFH|NANOFS
FI4000592282,ISIN_MULTIPLE_TICKER_SAME_MONTH,2026-04,SUMMA|SUMMAS
FI4000330972,ISIN_MULTIPLE_TICKER_SAME_MONTH,2026-05,NANOFH|NANOFS
FI4000330972,ISIN_MULTIPLE_TICKER_SAME_MONTH,2026-06,NANOFH|NANOFS
FI4000330972,ISIN_MULTIPLE_TICKER_SAME_MONTH,2026-07,NANOFH|NANOFS
SCRI,ISSUER_MULTIPLE_INSTRUMENT_SAME_MONTH,2009-08,SCRI A/SE0000188500|SCRI B/SE0000188518
SCRI,ISSUER_MULTIPLE_INSTRUMENT_SAME_MONTH,2009-09,SCRI A/SE0000188500|SCRI B/SE0000188518
SCRI,ISSUER_MULTIPLE_INSTRUMENT_SAME_MONTH,2009-10,SCRI A/SE0000188500|SCRI B/SE0000188518
SCRI,ISSUER_MULTIPLE_INSTRUMENT_SAME_MONTH,2009-11,SCRI A/SE0000188500|SCRI B/SE0000188518
SCRI,ISSUER_MULTIPLE_INSTRUMENT_SAME_MONTH,2009-12,SCRI A/SE0000188500|SCRI B/SE0000188518
SCRI,ISSUER_MULTIPLE_INSTRUMENT_SAME_MONTH,2010-01,SCRI A/SE0000188500|SCRI B/SE0000188518
SCRI,ISSUER_MULTIPLE_INSTRUMENT_SAME_MONTH,2010-03,SCRI A/SE0000188500|SCRI B/SE0000188518
SCRI,ISSUER_MULTIPLE_INSTRUMENT_SAME_MONTH,2010-05,SCRI A/SE0000188500|SCRI B/SE0000188518
SCRI,ISSUER_MULTIPLE_INSTRUMENT_SAME_MONTH,2010-06,SCRI A/SE0000188500|SCRI B/SE0000188518
SCRI,ISSUER_MULTIPLE_INSTRUMENT_SAME_MONTH,2010-07,SCRI A/SE0000188500|SCRI B/SE0000188518
SCRI,ISSUER_MULTIPLE_INSTRUMENT_SAME_MONTH,2010-08,SCRI A/SE0000188500|SCRI B/SE0000188518
SCRI,ISSUER_MULTIPLE_INSTRUMENT_SAME_MONTH,2010-09,SCRI A/SE0000188500|SCRI B/SE0000188518
SCRI,ISSUER_MULTIPLE_INSTRUMENT_SAME_MONTH,2010-10,SCRI A/SE0000188500|SCRI B/SE0000188518
CAT,ISSUER_MULTIPLE_INSTRUMENT_SAME_MONTH,2010-11,CAT A/SE0000188500|CAT B/SE0000188518
POW,ISSUER_MULTIPLE_INSTRUMENT_SAME_MONTH,2010-11,POW1V/FI0009015291|POW1VN0110/FI4000018783
CAT,ISSUER_MULTIPLE_INSTRUMENT_SAME_MONTH,2010-12,CAT A/SE0000188500|CAT B/SE0000188518
POW,ISSUER_MULTIPLE_INSTRUMENT_SAME_MONTH,2010-12,POW1V/FI0009015291|POW1VN0110/FI4000018783
CAT,ISSUER_MULTIPLE_INSTRUMENT_SAME_MONTH,2011-01,CAT A/SE0000188500|CAT B/SE0000188518
POW,ISSUER_MULTIPLE_INSTRUMENT_SAME_MONTH,2011-01,POW1V/FI0009015291|POW1VN0110/FI4000018783
CAT,ISSUER_MULTIPLE_INSTRUMENT_SAME_MONTH,2011-02,CAT A/SE0000188500|CAT B/SE0000188518
CAT,ISSUER_MULTIPLE_INSTRUMENT_SAME_MONTH,2011-03,CAT A/SE0000188500|CAT B/SE0000188518
CAT,ISSUER_MULTIPLE_INSTRUMENT_SAME_MONTH,2011-04,CAT A/SE0000188500|CAT B/SE0000188518
CAT,ISSUER_MULTIPLE_INSTRUMENT_SAME_MONTH,2011-05,CAT A/SE0000188500|CAT B/SE0000188518
CAT,ISSUER_MULTIPLE_INSTRUMENT_SAME_MONTH,2011-06,CAT A/SE0000188500|CAT B/SE0000188518
CAT,ISSUER_MULTIPLE_INSTRUMENT_SAME_MONTH,2011-07,CAT A/SE0000188500|CAT B/SE0000188518
CAT,ISSUER_MULTIPLE_INSTRUMENT_SAME_MONTH,2011-08,CAT A/SE0000188500|CAT B/SE0000188518
CAT,ISSUER_MULTIPLE_INSTRUMENT_SAME_MONTH,2011-09,CAT A/SE0000188500|CAT B/SE0000188518
CAT,ISSUER_MULTIPLE_INSTRUMENT_SAME_MONTH,2011-10,CAT A/SE0000188500|CAT B/SE0000188518
CAT,ISSUER_MULTIPLE_INSTRUMENT_SAME_MONTH,2011-11,CAT A/SE0000188500|CAT B/SE0000188518
CAT,ISSUER_MULTIPLE_INSTRUMENT_SAME_MONTH,2011-12,CAT A/SE0000188500|CAT B/SE0000188518
CAT,ISSUER_MULTIPLE_INSTRUMENT_SAME_MONTH,2012-01,CAT A/SE0000188500|CAT B/SE0000188518
CAT,ISSUER_MULTIPLE_INSTRUMENT_SAME_MONTH,2012-02,CAT A/SE0000188500|CAT B/SE0000188518
CAT,ISSUER_MULTIPLE_INSTRUMENT_SAME_MONTH,2012-03,CAT A/SE0000188500|CAT B/SE0000188518
CAT,ISSUER_MULTIPLE_INSTRUMENT_SAME_MONTH,2012-04,CAT A/SE0000188500|CAT B/SE0000188518
CAT,ISSUER_MULTIPLE_INSTRUMENT_SAME_MONTH,2012-05,CAT A/SE0000188500|CAT B/SE0000188518
CAT,ISSUER_MULTIPLE_INSTRUMENT_SAME_MONTH,2012-07,CAT A/SE0000188500|CAT B/SE0000188518
ALM,ISSUER_MULTIPLE_INSTRUMENT_SAME_MONTH,2012-07,ALM/SE0000540163|ALM PREF/SE0004109627
CAT,ISSUER_MULTIPLE_INSTRUMENT_SAME_MONTH,2012-08,CAT A/SE0000188500|CAT B/SE0000188518
ALM,ISSUER_MULTIPLE_INSTRUMENT_SAME_MONTH,2012-08,ALM/SE0000540163|ALM PREF/SE0004109627
CAT,ISSUER_MULTIPLE_INSTRUMENT_SAME_MONTH,2012-09,CAT A/SE0000188500|CAT B/SE0000188518
ALM,ISSUER_MULTIPLE_INSTRUMENT_SAME_MONTH,2012-09,ALM/SE0000540163|ALM PREF/SE0004109627
CAT,ISSUER_MULTIPLE_INSTRUMENT_SAME_MONTH,2012-10,CAT A/SE0000188500|CAT B/SE0000188518
ALM,ISSUER_MULTIPLE_INSTRUMENT_SAME_MONTH,2012-10,ALM/SE0000540163|ALM PREF/SE0004109627
CAT,ISSUER_MULTIPLE_INSTRUMENT_SAME_MONTH,2012-11,CAT A/SE0000188500|CAT B/SE0000188518
ALM,ISSUER_MULTIPLE_INSTRUMENT_SAME_MONTH,2012-11,ALM/SE0000540163|ALM PREF/SE0004109627
CAT,ISSUER_MULTIPLE_INSTRUMENT_SAME_MONTH,2012-12,CAT A/SE0000188500|CAT B/SE0000188518
ALM,ISSUER_MULTIPLE_INSTRUMENT_SAME_MONTH,2012-12,ALM/SE0000540163|ALM PREF/SE0004109627
CAT,ISSUER_MULTIPLE_INSTRUMENT_SAME_MONTH,2013-01,CAT A/SE0000188500|CAT B/SE0000188518
ALM,ISSUER_MULTIPLE_INSTRUMENT_SAME_MONTH,2013-01,ALM/SE0000540163|ALM PREF/SE0004109627
CAT,ISSUER_MULTIPLE_INSTRUMENT_SAME_MONTH,2013-02,CAT A/SE0000188500|CAT B/SE0000188518
ALM,ISSUER_MULTIPLE_INSTRUMENT_SAME_MONTH,2013-02,ALM/SE0000540163|ALM PREF/SE0004109627
CAT,ISSUER_MULTIPLE_INSTRUMENT_SAME_MONTH,2013-03,CAT A/SE0000188500|CAT B/SE0000188518
ALM,ISSUER_MULTIPLE_INSTRUMENT_SAME_MONTH,2013-03,ALM/SE0000540163|ALM PREF/SE0004109627
CAT,ISSUER_MULTIPLE_INSTRUMENT_SAME_MONTH,2013-04,CAT A/SE0000188500|CAT B/SE0000188518
ALM,ISSUER_MULTIPLE_INSTRUMENT_SAME_MONTH,2013-04,ALM/SE0000540163|ALM PREF/SE0004109627
CAT,ISSUER_MULTIPLE_INSTRUMENT_SAME_MONTH,2013-05,CAT A/SE0000188500|CAT B/SE0000188518
ALM,ISSUER_MULTIPLE_INSTRUMENT_SAME_MONTH,2013-05,ALM/SE0000540163|ALM PREF/SE0004109627
CAT,ISSUER_MULTIPLE_INSTRUMENT_SAME_MONTH,2013-06,CAT A/SE0000188500|CAT B/SE0000188518
ALM,ISSUER_MULTIPLE_INSTRUMENT_SAME_MONTH,2013-06,ALM/SE0000540163|ALM PREF/SE0004109627
CAT,ISSUER_MULTIPLE_INSTRUMENT_SAME_MONTH,2013-07,CAT A/SE0000188500|CAT B/SE0000188518
ALM,ISSUER_MULTIPLE_INSTRUMENT_SAME_MONTH,2013-07,ALM/SE0000540163|ALM PREF/SE0004109627
VICP,ISSUER_MULTIPLE_INSTRUMENT_SAME_MONTH,2013-07,VICP/SE0002216713|VICP PREF/SE0005250487
CAT,ISSUER_MULTIPLE_INSTRUMENT_SAME_MONTH,2013-08,CAT A/SE0000188500|CAT B/SE0000188518
ALM,ISSUER_MULTIPLE_INSTRUMENT_SAME_MONTH,2013-08,ALM/SE0000540163|ALM PREF/SE0004109627
VICP,ISSUER_MULTIPLE_INSTRUMENT_SAME_MONTH,2013-08,VICP/SE0002216713|VICP PREF/SE0005250487
CAT,ISSUER_MULTIPLE_INSTRUMENT_SAME_MONTH,2013-09,CAT A/SE0000188500|CAT B/SE0000188518
ALM,ISSUER_MULTIPLE_INSTRUMENT_SAME_MONTH,2013-09,ALM/SE0000540163|ALM PREF/SE0004109627
VICP,ISSUER_MULTIPLE_INSTRUMENT_SAME_MONTH,2013-09,VICP/SE0002216713|VICP PREF/SE0005250487
CAT,ISSUER_MULTIPLE_INSTRUMENT_SAME_MONTH,2013-10,CAT A/SE0000188500|CAT B/SE0000188518
VICP,ISSUER_MULTIPLE_INSTRUMENT_SAME_MONTH,2013-10,VICP/SE0002216713|VICP PREF/SE0005250487
ALM,ISSUER_MULTIPLE_INSTRUMENT_SAME_MONTH,2013-10,ALM/SE0000540163|ALM PREF/SE0004109627
GOIL,ISSUER_MULTIPLE_INSTRUMENT_SAME_MONTH,2013-10,GOIL/SE0005095643|GOIL PREF/SE0005034725
CAT,ISSUER_MULTIPLE_INSTRUMENT_SAME_MONTH,2013-11,CAT A/SE0000188500|CAT B/SE0000188518
VICP,ISSUER_MULTIPLE_INSTRUMENT_SAME_MONTH,2013-11,VICP/SE0002216713|VICP PREF/SE0005250487
ALM,ISSUER_MULTIPLE_INSTRUMENT_SAME_MONTH,2013-11,ALM/SE0000540163|ALM PREF/SE0004109627
GOIL,ISSUER_MULTIPLE_INSTRUMENT_SAME_MONTH,2013-11,GOIL/SE0005095643|GOIL PREF/SE0005034725
CAT,ISSUER_MULTIPLE_INSTRUMENT_SAME_MONTH,2013-12,CAT A/SE0000188500|CAT B/SE0000188518
ALM,ISSUER_MULTIPLE_INSTRUMENT_SAME_MONTH,2013-12,ALM/SE0000540163|ALM PREF/SE0004109627
GOIL,ISSUER_MULTIPLE_INSTRUMENT_SAME_MONTH,2013-12,GOIL/SE0005095643|GOIL PREF/SE0005034725
CAT,ISSUER_MULTIPLE_INSTRUMENT_SAME_MONTH,2014-01,CAT A/SE0000188500|CAT B/SE0000188518
ALM,ISSUER_MULTIPLE_INSTRUMENT_SAME_MONTH,2014-01,ALM/SE0000540163|ALM PREF/SE0004109627
GOIL,ISSUER_MULTIPLE_INSTRUMENT_SAME_MONTH,2014-01,GOIL/SE0005095643|GOIL PREF/SE0005034725
CAT,ISSUER_MULTIPLE_INSTRUMENT_SAME_MONTH,2014-02,CAT A/SE0000188500|CAT B/SE0000188518
OP,ISSUER_MULTIPLE_INSTRUMENT_SAME_MONTH,2014-02,OP/SE0005095601|OP PREF/SE0005096369
ALM,ISSUER_MULTIPLE_INSTRUMENT_SAME_MONTH,2014-02,ALM/SE0000540163|ALM PREF/SE0004109627
GOIL,ISSUER_MULTIPLE_INSTRUMENT_SAME_MONTH,2014-02,GOIL/SE0005095643|GOIL PREF/SE0005034725
CAT,ISSUER_MULTIPLE_INSTRUMENT_SAME_MONTH,2014-03,CAT A/SE0000188500|CAT B/SE0000188518
OP,ISSUER_MULTIPLE_INSTRUMENT_SAME_MONTH,2014-03,OP/SE0005095601|OP PREF/SE0005096369
ALM,ISSUER_MULTIPLE_INSTRUMENT_SAME_MONTH,2014-03,ALM/SE0000540163|ALM PREF/SE0004109627
GOIL,ISSUER_MULTIPLE_INSTRUMENT_SAME_MONTH,2014-03,GOIL/SE0005095643|GOIL PREF/SE0005034725
CAT,ISSUER_MULTIPLE_INSTRUMENT_SAME_MONTH,2014-04,CAT A/SE0000188500|CAT B/SE0000188518
OP,ISSUER_MULTIPLE_INSTRUMENT_SAME_MONTH,2014-04,OP/SE0005095601|OP PREF/SE0005096369
ALM,ISSUER_MULTIPLE_INSTRUMENT_SAME_MONTH,2014-04,ALM/SE0000540163|ALM PREF/SE0004109627
GOIL,ISSUER_MULTIPLE_INSTRUMENT_SAME_MONTH,2014-04,GOIL/SE0005095643|GOIL PREF/SE0005034725
CAT,ISSUER_MULTIPLE_INSTRUMENT_SAME_MONTH,2014-05,CAT A/SE0000188500|CAT B/SE0000188518
OP,ISSUER_MULTIPLE_INSTRUMENT_SAME_MONTH,2014-05,OP/SE0005095601|OP PREF/SE0005096369
ALM,ISSUER_MULTIPLE_INSTRUMENT_SAME_MONTH,2014-05,ALM/SE0000540163|ALM PREF/SE0004109627
GOIL,ISSUER_MULTIPLE_INSTRUMENT_SAME_MONTH,2014-05,GOIL/SE0005095643|GOIL PREF/SE0005034725
CAT,ISSUER_MULTIPLE_INSTRUMENT_SAME_MONTH,2014-06,CAT A/SE0000188500|CAT B/SE0000188518
OP,ISSUER_MULTIPLE_INSTRUMENT_SAME_MONTH,2014-06,OP/SE0005095601|OP PREF/SE0005096369
ALM,ISSUER_MULTIPLE_INSTRUMENT_SAME_MONTH,2014-06,ALM/SE0000540163|ALM PREF/SE0004109627
GOIL,ISSUER_MULTIPLE_INSTRUMENT_SAME_MONTH,2014-06,GOIL/SE0005095643|GOIL PREF/SE0005034725
CAT,ISSUER_MULTIPLE_INSTRUMENT_SAME_MONTH,2014-07,CAT A/SE0000188500|CAT B/SE0000188518
OP,ISSUER_MULTIPLE_INSTRUMENT_SAME_MONTH,2014-07,OP/SE0005095601|OP PREF/SE0005096369
ALM,ISSUER_MULTIPLE_INSTRUMENT_SAME_MONTH,2014-07,ALM/SE0000540163|ALM PREF/SE0004109627
AMAST,ISSUER_MULTIPLE_INSTRUMENT_SAME_MONTH,2014-07,AMAST/SE0005034550|AMAST PREF/SE0005933322
GOIL,ISSUER_MULTIPLE_INSTRUMENT_SAME_MONTH,2014-07,GOIL/SE0005095643|GOIL PREF/SE0005034725
CAT,ISSUER_MULTIPLE_INSTRUMENT_SAME_MONTH,2014-08,CAT A/SE0000188500|CAT B/SE0000188518
OP,ISSUER_MULTIPLE_INSTRUMENT_SAME_MONTH,2014-08,OP/SE0005095601|OP PREF/SE0005096369
ALM,ISSUER_MULTIPLE_INSTRUMENT_SAME_MONTH,2014-08,ALM/SE0000540163|ALM PREF/SE0004109627
AMAST,ISSUER_MULTIPLE_INSTRUMENT_SAME_MONTH,2014-08,AMAST/SE0005034550|AMAST PREF/SE0005933322
GOIL,ISSUER_MULTIPLE_INSTRUMENT_SAME_MONTH,2014-08,GOIL/SE0005095643|GOIL PREF/SE0005034725
CAT,ISSUER_MULTIPLE_INSTRUMENT_SAME_MONTH,2014-09,CAT A/SE0000188500|CAT B/SE0000188518
OP,ISSUER_MULTIPLE_INSTRUMENT_SAME_MONTH,2014-09,OP/SE0005095601|OP PREF/SE0005096369
ALM,ISSUER_MULTIPLE_INSTRUMENT_SAME_MONTH,2014-09,ALM/SE0000540163|ALM PREF/SE0004109627
AMAST,ISSUER_MULTIPLE_INSTRUMENT_SAME_MONTH,2014-09,AMAST/SE0005034550|AMAST PREF/SE0005933322
GOIL,ISSUER_MULTIPLE_INSTRUMENT_SAME_MONTH,2014-09,GOIL/SE0005095643|GOIL PREF/SE0005034725
CAT,ISSUER_MULTIPLE_INSTRUMENT_SAME_MONTH,2014-10,CAT A/SE0000188500|CAT B/SE0000188518
OP,ISSUER_MULTIPLE_INSTRUMENT_SAME_MONTH,2014-10,OP/SE0005095601|OP PREF/SE0005096369
ALM,ISSUER_MULTIPLE_INSTRUMENT_SAME_MONTH,2014-10,ALM/SE0000540163|ALM PREF/SE0004109627
AMAST,ISSUER_MULTIPLE_INSTRUMENT_SAME_MONTH,2014-10,AMAST/SE0005034550|AMAST PREF/SE0005933322
GOIL,ISSUER_MULTIPLE_INSTRUMENT_SAME_MONTH,2014-10,GOIL/SE0005095643|GOIL PREF/SE0005034725
CAT,ISSUER_MULTIPLE_INSTRUMENT_SAME_MONTH,2014-11,CAT A/SE0000188500|CAT B/SE0000188518
OP,ISSUER_MULTIPLE_INSTRUMENT_SAME_MONTH,2014-11,OP/SE0005095601|OP PREF/SE0005096369
ALM,ISSUER_MULTIPLE_INSTRUMENT_SAME_MONTH,2014-11,ALM/SE0000540163|ALM PREF/SE0004109627
AMAST,ISSUER_MULTIPLE_INSTRUMENT_SAME_MONTH,2014-11,AMAST/SE0005034550|AMAST PREF/SE0005933322
GOIL,ISSUER_MULTIPLE_INSTRUMENT_SAME_MONTH,2014-11,GOIL/SE0005095643|GOIL PREF/SE0005034725
NXTM,ISSUER_MULTIPLE_INSTRUMENT_SAME_MONTH,2014-11,NXTMH/FI4000102678|NXTMS/FI4000102678
CAT,ISSUER_MULTIPLE_INSTRUMENT_SAME_MONTH,2014-12,CAT A/SE0000188500|CAT B/SE0000188518
OP,ISSUER_MULTIPLE_INSTRUMENT_SAME_MONTH,2014-12,OP/SE0005095601|OP PREF/SE0005096369
ALM,ISSUER_MULTIPLE_INSTRUMENT_SAME_MONTH,2014-12,ALM/SE0000540163|ALM PREF/SE0004109627
AMAST,ISSUER_MULTIPLE_INSTRUMENT_SAME_MONTH,2014-12,AMAST/SE0005034550|AMAST PREF/SE0005933322
GOIL,ISSUER_MULTIPLE_INSTRUMENT_SAME_MONTH,2014-12,GOIL/SE0005095643|GOIL PREF/SE0005034725
NXTM,ISSUER_MULTIPLE_INSTRUMENT_SAME_MONTH,2014-12,NXTMH/FI4000102678|NXTMS/FI4000102678
CAT,ISSUER_MULTIPLE_INSTRUMENT_SAME_MONTH,2015-01,CAT A/SE0000188500|CAT B/SE0000188518
OP,ISSUER_MULTIPLE_INSTRUMENT_SAME_MONTH,2015-01,OP/SE0005095601|OP PREF/SE0005096369
ALM,ISSUER_MULTIPLE_INSTRUMENT_SAME_MONTH,2015-01,ALM/SE0000540163|ALM PREF/SE0004109627
AMAST,ISSUER_MULTIPLE_INSTRUMENT_SAME_MONTH,2015-01,AMAST/SE0005034550|AMAST PREF/SE0005933322
GOIL,ISSUER_MULTIPLE_INSTRUMENT_SAME_MONTH,2015-01,GOIL/SE0005095643|GOIL PREF/SE0005034725
NXTM,ISSUER_MULTIPLE_INSTRUMENT_SAME_MONTH,2015-01,NXTMH/FI4000102678|NXTMS/FI4000102678
CAT,ISSUER_MULTIPLE_INSTRUMENT_SAME_MONTH,2015-02,CAT A/SE0000188500|CAT B/SE0000188518
OP,ISSUER_MULTIPLE_INSTRUMENT_SAME_MONTH,2015-02,OP/SE0005095601|OP PREF/SE0005096369
ALM,ISSUER_MULTIPLE_INSTRUMENT_SAME_MONTH,2015-02,ALM/SE0000540163|ALM PREF/SE0004109627
AMAST,ISSUER_MULTIPLE_INSTRUMENT_SAME_MONTH,2015-02,AMAST/SE0005034550|AMAST PREF/SE0005933322
GOIL,ISSUER_MULTIPLE_INSTRUMENT_SAME_MONTH,2015-02,GOIL/SE0005095643|GOIL PREF/SE0005034725
NXTM,ISSUER_MULTIPLE_INSTRUMENT_SAME_MONTH,2015-02,NXTMH/FI4000102678|NXTMS/FI4000102678
CAT,ISSUER_MULTIPLE_INSTRUMENT_SAME_MONTH,2015-03,CAT A/SE0000188500|CAT B/SE0000188518
ALM,ISSUER_MULTIPLE_INSTRUMENT_SAME_MONTH,2015-03,ALM/SE0000540163|ALM PREF/SE0004109627
AMAST,ISSUER_MULTIPLE_INSTRUMENT_SAME_MONTH,2015-03,AMAST/SE0005034550|AMAST PREF/SE0005933322
GOIL,ISSUER_MULTIPLE_INSTRUMENT_SAME_MONTH,2015-03,GOIL/SE0005095643|GOIL PREF/SE0005034725
NXTM,ISSUER_MULTIPLE_INSTRUMENT_SAME_MONTH,2015-03,NXTMH/FI4000102678|NXTMS/FI4000102678
CAT,ISSUER_MULTIPLE_INSTRUMENT_SAME_MONTH,2015-04,CAT A/SE0000188500|CAT B/SE0000188518
ALM,ISSUER_MULTIPLE_INSTRUMENT_SAME_MONTH,2015-04,ALM/SE0000540163|ALM PREF/SE0004109627
AMAST,ISSUER_MULTIPLE_INSTRUMENT_SAME_MONTH,2015-04,AMAST/SE0005034550|AMAST PREF/SE0005933322
GOIL,ISSUER_MULTIPLE_INSTRUMENT_SAME_MONTH,2015-04,GOIL/SE0005095643|GOIL PREF/SE0005034725
NXTM,ISSUER_MULTIPLE_INSTRUMENT_SAME_MONTH,2015-04,NXTMH/FI4000102678|NXTMS/FI4000102678
SAVOS,ISSUER_MULTIPLE_INSTRUMENT_SAME_MONTH,2015-04,SAVOH/FI4000123096|SAVOS/FI4000123096
CAT,ISSUER_MULTIPLE_INSTRUMENT_SAME_MONTH,2015-05,CAT A/SE0000188500|CAT B/SE0000188518
ALM,ISSUER_MULTIPLE_INSTRUMENT_SAME_MONTH,2015-05,ALM/SE0000540163|ALM PREF/SE0004109627
AMAST,ISSUER_MULTIPLE_INSTRUMENT_SAME_MONTH,2015-05,AMAST/SE0005034550|AMAST PREF/SE0005933322
GOIL,ISSUER_MULTIPLE_INSTRUMENT_SAME_MONTH,2015-05,GOIL/SE0005095643|GOIL PREF/SE0005034725
NXTM,ISSUER_MULTIPLE_INSTRUMENT_SAME_MONTH,2015-05,NXTMH/FI4000102678|NXTMS/FI4000102678
SAVOS,ISSUER_MULTIPLE_INSTRUMENT_SAME_MONTH,2015-05,SAVOH/FI4000123096|SAVOS/FI4000123096
CAT,ISSUER_MULTIPLE_INSTRUMENT_SAME_MONTH,2015-06,CAT A/SE0000188500|CAT B/SE0000188518
PRIME,ISSUER_MULTIPLE_INSTRUMENT_SAME_MONTH,2015-06,PRIME/SE0006422309|PRIME PREF B/SE0006422317
STAR,ISSUER_MULTIPLE_INSTRUMENT_SAME_MONTH,2015-06,STAR A/SE0007158928|STAR B/SE0005992831
ALM,ISSUER_MULTIPLE_INSTRUMENT_SAME_MONTH,2015-06,ALM/SE0000540163|ALM PREF/SE0004109627
AMAST,ISSUER_MULTIPLE_INSTRUMENT_SAME_MONTH,2015-06,AMAST/SE0005034550|AMAST PREF/SE0005933322
GOIL,ISSUER_MULTIPLE_INSTRUMENT_SAME_MONTH,2015-06,GOIL/SE0005095643|GOIL PREF/SE0005034725
NXTM,ISSUER_MULTIPLE_INSTRUMENT_SAME_MONTH,2015-06,NXTMH/FI4000102678|NXTMS/FI4000102678
SAVOS,ISSUER_MULTIPLE_INSTRUMENT_SAME_MONTH,2015-06,SAVOH/FI4000123096|SAVOS/FI4000123096
CAT,ISSUER_MULTIPLE_INSTRUMENT_SAME_MONTH,2015-07,CAT A/SE0000188500|CAT B/SE0000188518
PRIME,ISSUER_MULTIPLE_INSTRUMENT_SAME_MONTH,2015-07,PRIME/SE0006422309|PRIME PREF B/SE0006422317
STAR,ISSUER_MULTIPLE_INSTRUMENT_SAME_MONTH,2015-07,STAR A/SE0007158928|STAR B/SE0005992831
AGORA,ISSUER_MULTIPLE_INSTRUMENT_SAME_MONTH,2015-07,AGORA B/SE0007158456|AGORA PREF/SE0007186283
ALM,ISSUER_MULTIPLE_INSTRUMENT_SAME_MONTH,2015-07,ALM/SE0000540163|ALM PREF/SE0004109627
AMAST,ISSUER_MULTIPLE_INSTRUMENT_SAME_MONTH,2015-07,AMAST/SE0005034550|AMAST PREF/SE0005933322
GOIL,ISSUER_MULTIPLE_INSTRUMENT_SAME_MONTH,2015-07,GOIL/SE0005095643|GOIL PREF/SE0005034725
NXTM,ISSUER_MULTIPLE_INSTRUMENT_SAME_MONTH,2015-07,NXTMH/FI4000102678|NXTMS/FI4000102678
SAVOS,ISSUER_MULTIPLE_INSTRUMENT_SAME_MONTH,2015-07,SAVOH/FI4000123096|SAVOS/FI4000123096
CAT,ISSUER_MULTIPLE_INSTRUMENT_SAME_MONTH,2015-08,CAT A/SE0000188500|CAT B/SE0000188518
PRIME,ISSUER_MULTIPLE_INSTRUMENT_SAME_MONTH,2015-08,PRIME/SE0006422309|PRIME PREF B/SE0006422317
STAR,ISSUER_MULTIPLE_INSTRUMENT_SAME_MONTH,2015-08,STAR A/SE0007158928|STAR B/SE0005992831
AGORA,ISSUER_MULTIPLE_INSTRUMENT_SAME_MONTH,2015-08,AGORA B/SE0007158456|AGORA PREF/SE0007186283
ALM,ISSUER_MULTIPLE_INSTRUMENT_SAME_MONTH,2015-08,ALM/SE0000540163|ALM PREF/SE0004109627
AMAST,ISSUER_MULTIPLE_INSTRUMENT_SAME_MONTH,2015-08,AMAST/SE0005034550|AMAST PREF/SE0005933322
GOIL,ISSUER_MULTIPLE_INSTRUMENT_SAME_MONTH,2015-08,GOIL/SE0005095643|GOIL PREF/SE0005034725
NXTM,ISSUER_MULTIPLE_INSTRUMENT_SAME_MONTH,2015-08,NXTMH/FI4000102678|NXTMS/FI4000102678
SAVOS,ISSUER_MULTIPLE_INSTRUMENT_SAME_MONTH,2015-08,SAVOH/FI4000123096|SAVOS/FI4000123096
ADDV,ISSUER_MULTIPLE_INSTRUMENT_SAME_MONTH,2015-09,ADDV A/SE0001306119|ADDV B/SE0007464862
CAT,ISSUER_MULTIPLE_INSTRUMENT_SAME_MONTH,2015-09,CAT A/SE0000188500|CAT B/SE0000188518
PRIME,ISSUER_MULTIPLE_INSTRUMENT_SAME_MONTH,2015-09,PRIME/SE0006422309|PRIME PREF B/SE0006422317
STAR,ISSUER_MULTIPLE_INSTRUMENT_SAME_MONTH,2015-09,STAR A/SE0007158928|STAR B/SE0005992831
AGORA,ISSUER_MULTIPLE_INSTRUMENT_SAME_MONTH,2015-09,AGORA B/SE0007158456|AGORA PREF/SE0007186283
ALM,ISSUER_MULTIPLE_INSTRUMENT_SAME_MONTH,2015-09,ALM/SE0000540163|ALM PREF/SE0004109627
AMAST,ISSUER_MULTIPLE_INSTRUMENT_SAME_MONTH,2015-09,AMAST/SE0005034550|AMAST PREF/SE0005933322
GOIL,ISSUER_MULTIPLE_INSTRUMENT_SAME_MONTH,2015-09,GOIL/SE0005095643|GOIL PREF/SE0005034725
NXTM,ISSUER_MULTIPLE_INSTRUMENT_SAME_MONTH,2015-09,NXTMH/FI4000102678|NXTMS/FI4000102678
SAVOS,ISSUER_MULTIPLE_INSTRUMENT_SAME_MONTH,2015-09,SAVOH/FI4000123096|SAVOS/FI4000123096
ADDV,ISSUER_MULTIPLE_INSTRUMENT_SAME_MONTH,2015-10,ADDV A/SE0001306119|ADDV B/SE0007464862
CAT,ISSUER_MULTIPLE_INSTRUMENT_SAME_MONTH,2015-10,CAT A/SE0000188500|CAT B/SE0000188518
PRIME,ISSUER_MULTIPLE_INSTRUMENT_SAME_MONTH,2015-10,PRIME/SE0006422309|PRIME PREF B/SE0006422317
STAR,ISSUER_MULTIPLE_INSTRUMENT_SAME_MONTH,2015-10,STAR A/SE0007158928|STAR B/SE0005992831
AGORA,ISSUER_MULTIPLE_INSTRUMENT_SAME_MONTH,2015-10,AGORA B/SE0007158456|AGORA PREF/SE0007186283
ALM,ISSUER_MULTIPLE_INSTRUMENT_SAME_MONTH,2015-10,ALM/SE0000540163|ALM PREF/SE0004109627
AMAST,ISSUER_MULTIPLE_INSTRUMENT_SAME_MONTH,2015-10,AMAST/SE0005034550|AMAST PREF/SE0005933322
GOIL,ISSUER_MULTIPLE_INSTRUMENT_SAME_MONTH,2015-10,GOIL/SE0005095643|GOIL PREF/SE0005034725
NXTM,ISSUER_MULTIPLE_INSTRUMENT_SAME_MONTH,2015-10,NXTMH/FI4000102678|NXTMS/FI4000102678
SAVOS,ISSUER_MULTIPLE_INSTRUMENT_SAME_MONTH,2015-10,SAVOH/FI4000123096|SAVOS/FI4000123096
ADDV,ISSUER_MULTIPLE_INSTRUMENT_SAME_MONTH,2015-11,ADDV A/SE0001306119|ADDV B/SE0007464862
CAT,ISSUER_MULTIPLE_INSTRUMENT_SAME_MONTH,2015-11,CAT A/SE0000188500|CAT B/SE0000188518
PRIME,ISSUER_MULTIPLE_INSTRUMENT_SAME_MONTH,2015-11,PRIME/SE0006422309|PRIME PREF B/SE0006422317
STAR,ISSUER_MULTIPLE_INSTRUMENT_SAME_MONTH,2015-11,STAR A/SE0007158928|STAR B/SE0005992831
AGORA,ISSUER_MULTIPLE_INSTRUMENT_SAME_MONTH,2015-11,AGORA B/SE0007158456|AGORA PREF/SE0007186283
ALM,ISSUER_MULTIPLE_INSTRUMENT_SAME_MONTH,2015-11,ALM/SE0000540163|ALM PREF/SE0004109627
AMAST,ISSUER_MULTIPLE_INSTRUMENT_SAME_MONTH,2015-11,AMAST/SE0005034550|AMAST PREF/SE0005933322
GOIL,ISSUER_MULTIPLE_INSTRUMENT_SAME_MONTH,2015-11,GOIL/SE0005095643|GOIL PREF/SE0005034725
NXTM,ISSUER_MULTIPLE_INSTRUMENT_SAME_MONTH,2015-11,NXTMH/FI4000102678|NXTMS/FI4000102678
SAVOS,ISSUER_MULTIPLE_INSTRUMENT_SAME_MONTH,2015-11,SAVOH/FI4000123096|SAVOHN0115/FI4000170741|SAVOS/FI4000123096
ADDV,ISSUER_MULTIPLE_INSTRUMENT_SAME_MONTH,2015-12,ADDV A/SE0001306119|ADDV B/SE0007464862
CAT,ISSUER_MULTIPLE_INSTRUMENT_SAME_MONTH,2015-12,CAT A/SE0000188500|CAT B/SE0000188518
PRIME,ISSUER_MULTIPLE_INSTRUMENT_SAME_MONTH,2015-12,PRIME/SE0006422309|PRIME PREF B/SE0006422317
STAR,ISSUER_MULTIPLE_INSTRUMENT_SAME_MONTH,2015-12,STAR A/SE0007158928|STAR B/SE0005992831
AGORA,ISSUER_MULTIPLE_INSTRUMENT_SAME_MONTH,2015-12,AGORA B/SE0007158456|AGORA PREF/SE0007186283
ALM,ISSUER_MULTIPLE_INSTRUMENT_SAME_MONTH,2015-12,ALM/SE0000540163|ALM PREF/SE0004109627
AMAST,ISSUER_MULTIPLE_INSTRUMENT_SAME_MONTH,2015-12,AMAST/SE0005034550|AMAST PREF/SE0005933322
GOIL,ISSUER_MULTIPLE_INSTRUMENT_SAME_MONTH,2015-12,GOIL/SE0005095643|GOIL PREF/SE0005034725
NXTM,ISSUER_MULTIPLE_INSTRUMENT_SAME_MONTH,2015-12,NXTMH/FI4000102678|NXTMS/FI4000102678
SAVOS,ISSUER_MULTIPLE_INSTRUMENT_SAME_MONTH,2015-12,SAVOH/FI4000123096|SAVOS/FI4000123096
ADDV,ISSUER_MULTIPLE_INSTRUMENT_SAME_MONTH,2016-01,ADDV A/SE0001306119|ADDV B/SE0007464862
CAT,ISSUER_MULTIPLE_INSTRUMENT_SAME_MONTH,2016-01,CAT A/SE0000188500|CAT B/SE0000188518
PRIME,ISSUER_MULTIPLE_INSTRUMENT_SAME_MONTH,2016-01,PRIME/SE0006422309|PRIME PREF B/SE0006422317
STAR,ISSUER_MULTIPLE_INSTRUMENT_SAME_MONTH,2016-01,STAR A/SE0007158928|STAR B/SE0005992831
AGORA,ISSUER_MULTIPLE_INSTRUMENT_SAME_MONTH,2016-01,AGORA B/SE0007158456|AGORA PREF/SE0007186283
ALM,ISSUER_MULTIPLE_INSTRUMENT_SAME_MONTH,2016-01,ALM/SE0000540163|ALM PREF/SE0004109627
AMAST,ISSUER_MULTIPLE_INSTRUMENT_SAME_MONTH,2016-01,AMAST/SE0005034550|AMAST PREF/SE0005933322
GOIL,ISSUER_MULTIPLE_INSTRUMENT_SAME_MONTH,2016-01,GOIL/SE0005095643|GOIL PREF/SE0005034725
NXTM,ISSUER_MULTIPLE_INSTRUMENT_SAME_MONTH,2016-01,NXTMH/FI4000102678|NXTMS/FI4000102678
SAVOS,ISSUER_MULTIPLE_INSTRUMENT_SAME_MONTH,2016-01,SAVOH/FI4000123096|SAVOS/FI4000123096
ADDV,ISSUER_MULTIPLE_INSTRUMENT_SAME_MONTH,2016-02,ADDV A/SE0001306119|ADDV B/SE0007464862
CAT,ISSUER_MULTIPLE_INSTRUMENT_SAME_MONTH,2016-02,CAT A/SE0000188500|CAT B/SE0000188518
PRIME,ISSUER_MULTIPLE_INSTRUMENT_SAME_MONTH,2016-02,PRIME/SE0006422309|PRIME PREF B/SE0006422317
STAR,ISSUER_MULTIPLE_INSTRUMENT_SAME_MONTH,2016-02,STAR A/SE0007158928|STAR B/SE0005992831
AGORA,ISSUER_MULTIPLE_INSTRUMENT_SAME_MONTH,2016-02,AGORA B/SE0007158456|AGORA PREF/SE0007186283
ALM,ISSUER_MULTIPLE_INSTRUMENT_SAME_MONTH,2016-02,ALM/SE0000540163|ALM PREF/SE0004109627
AMAST,ISSUER_MULTIPLE_INSTRUMENT_SAME_MONTH,2016-02,AMAST/SE0005034550|AMAST PREF/SE0005933322
GOIL,ISSUER_MULTIPLE_INSTRUMENT_SAME_MONTH,2016-02,GOIL/SE0005095643|GOIL PREF/SE0005034725
NXTM,ISSUER_MULTIPLE_INSTRUMENT_SAME_MONTH,2016-02,NXTMH/FI4000102678|NXTMS/FI4000102678
SAVOS,ISSUER_MULTIPLE_INSTRUMENT_SAME_MONTH,2016-02,SAVOH/FI4000123096|SAVOS/FI4000123096
ADDV,ISSUER_MULTIPLE_INSTRUMENT_SAME_MONTH,2016-03,ADDV A/SE0001306119|ADDV B/SE0007464862
CAT,ISSUER_MULTIPLE_INSTRUMENT_SAME_MONTH,2016-03,CAT A/SE0000188500|CAT B/SE0000188518
PRIME,ISSUER_MULTIPLE_INSTRUMENT_SAME_MONTH,2016-03,PRIME/SE0006422309|PRIME PREF B/SE0006422317
STAR,ISSUER_MULTIPLE_INSTRUMENT_SAME_MONTH,2016-03,STAR A/SE0007158928|STAR B/SE0005992831
AGORA,ISSUER_MULTIPLE_INSTRUMENT_SAME_MONTH,2016-03,AGORA B/SE0007158456|AGORA PREF/SE0007186283
ALM,ISSUER_MULTIPLE_INSTRUMENT_SAME_MONTH,2016-03,ALM/SE0000540163|ALM PREF/SE0004109627
AMAST,ISSUER_MULTIPLE_INSTRUMENT_SAME_MONTH,2016-03,AMAST/SE0005034550|AMAST PREF/SE0005933322
GOIL,ISSUER_MULTIPLE_INSTRUMENT_SAME_MONTH,2016-03,GOIL/SE0005095643|GOIL PREF/SE0005034725
NXTM,ISSUER_MULTIPLE_INSTRUMENT_SAME_MONTH,2016-03,NXTMH/FI4000102678|NXTMS/FI4000102678
SAVOS,ISSUER_MULTIPLE_INSTRUMENT_SAME_MONTH,2016-03,SAVOH/FI4000123096|SAVOS/FI4000123096
ADDV,ISSUER_MULTIPLE_INSTRUMENT_SAME_MONTH,2016-04,ADDV A/SE0001306119|ADDV B/SE0007464862
CAT,ISSUER_MULTIPLE_INSTRUMENT_SAME_MONTH,2016-04,CAT A/SE0000188500|CAT B/SE0000188518
PRIME,ISSUER_MULTIPLE_INSTRUMENT_SAME_MONTH,2016-04,PRIME/SE0006422309|PRIME PREF B/SE0006422317
STAR,ISSUER_MULTIPLE_INSTRUMENT_SAME_MONTH,2016-04,STAR A/SE0007158928|STAR B/SE0005992831
AGORA,ISSUER_MULTIPLE_INSTRUMENT_SAME_MONTH,2016-04,AGORA B/SE0007158456|AGORA PREF/SE0007186283
ALM,ISSUER_MULTIPLE_INSTRUMENT_SAME_MONTH,2016-04,ALM/SE0000540163|ALM PREF/SE0004109627
AMAST,ISSUER_MULTIPLE_INSTRUMENT_SAME_MONTH,2016-04,AMAST/SE0005034550|AMAST PREF/SE0005933322
CLEAN,ISSUER_MULTIPLE_INSTRUMENT_SAME_MONTH,2016-04,CLEAN/FI4000092523|CLEANT A/FI4000092523
GOIL,ISSUER_MULTIPLE_INSTRUMENT_SAME_MONTH,2016-04,GOIL/SE0005095643|GOIL PREF/SE0005034725
NXTM,ISSUER_MULTIPLE_INSTRUMENT_SAME_MONTH,2016-04,NXTMH/FI4000102678|NXTMS/FI4000102678
SAVOS,ISSUER_MULTIPLE_INSTRUMENT_SAME_MONTH,2016-04,SAVOH/FI4000123096|SAVOS/FI4000123096
ADDV,ISSUER_MULTIPLE_INSTRUMENT_SAME_MONTH,2016-05,ADDV A/SE0001306119|ADDV B/SE0007464862
CAT,ISSUER_MULTIPLE_INSTRUMENT_SAME_MONTH,2016-05,CAT A/SE0000188500|CAT B/SE0000188518
PRIME,ISSUER_MULTIPLE_INSTRUMENT_SAME_MONTH,2016-05,PRIME/SE0006422309|PRIME PREF B/SE0006422317
STAR,ISSUER_MULTIPLE_INSTRUMENT_SAME_MONTH,2016-05,STAR A/SE0007158928|STAR B/SE0005992831
AGORA,ISSUER_MULTIPLE_INSTRUMENT_SAME_MONTH,2016-05,AGORA B/SE0007158456|AGORA PREF/SE0007186283
ALM,ISSUER_MULTIPLE_INSTRUMENT_SAME_MONTH,2016-05,ALM/SE0000540163|ALM PREF/SE0004109627
AMAST,ISSUER_MULTIPLE_INSTRUMENT_SAME_MONTH,2016-05,AMAST/SE0005034550|AMAST PREF/SE0005933322
CLEAN,ISSUER_MULTIPLE_INSTRUMENT_SAME_MONTH,2016-05,CLEAN/FI4000092523|CLEANT A/FI4000092523
GOIL,ISSUER_MULTIPLE_INSTRUMENT_SAME_MONTH,2016-05,GOIL/SE0005095643|GOIL PREF/SE0005034725
NXTM,ISSUER_MULTIPLE_INSTRUMENT_SAME_MONTH,2016-05,NXTMH/FI4000102678|NXTMS/FI4000102678
SAVOS,ISSUER_MULTIPLE_INSTRUMENT_SAME_MONTH,2016-05,SAVOH/FI4000123096|SAVOS/FI4000123096
ADDV,ISSUER_MULTIPLE_INSTRUMENT_SAME_MONTH,2016-06,ADDV A/SE0001306119|ADDV B/SE0007464862
CAT,ISSUER_MULTIPLE_INSTRUMENT_SAME_MONTH,2016-06,CAT A/SE0000188500|CAT B/SE0000188518
PRIME,ISSUER_MULTIPLE_INSTRUMENT_SAME_MONTH,2016-06,PRIME/SE0006422309|PRIME PREF B/SE0006422317
STAR,ISSUER_MULTIPLE_INSTRUMENT_SAME_MONTH,2016-06,STAR A/SE0007158928|STAR B/SE0005992831
AGORA,ISSUER_MULTIPLE_INSTRUMENT_SAME_MONTH,2016-06,AGORA B/SE0007158456|AGORA PREF/SE0007186283
ALM,ISSUER_MULTIPLE_INSTRUMENT_SAME_MONTH,2016-06,ALM/SE0000540163|ALM PREF/SE0004109627
AMAST,ISSUER_MULTIPLE_INSTRUMENT_SAME_MONTH,2016-06,AMAST/SE0005034550|AMAST PREF/SE0005933322
CLEAN,ISSUER_MULTIPLE_INSTRUMENT_SAME_MONTH,2016-06,CLEAN/FI4000092523|CLEANT A/FI4000092523
GOIL,ISSUER_MULTIPLE_INSTRUMENT_SAME_MONTH,2016-06,GOIL/SE0005095643|GOIL PREF/SE0005034725
NXTM,ISSUER_MULTIPLE_INSTRUMENT_SAME_MONTH,2016-06,NXTMH/FI4000102678|NXTMS/FI4000102678
SAVOS,ISSUER_MULTIPLE_INSTRUMENT_SAME_MONTH,2016-06,SAVOH/FI4000123096|SAVOS/FI4000123096
ADDV,ISSUER_MULTIPLE_INSTRUMENT_SAME_MONTH,2016-07,ADDV A/SE0001306119|ADDV B/SE0007464862
AMAST,ISSUER_MULTIPLE_INSTRUMENT_SAME_MONTH,2016-07,AMAST/SE0005034550|AMAST PREF/SE0005933322
CAT,ISSUER_MULTIPLE_INSTRUMENT_SAME_MONTH,2016-07,CAT A/SE0000188500|CAT B/SE0000188518
PRIME,ISSUER_MULTIPLE_INSTRUMENT_SAME_MONTH,2016-07,PRIME/SE0006422309|PRIME PREF B/SE0006422317
STAR,ISSUER_MULTIPLE_INSTRUMENT_SAME_MONTH,2016-07,STAR A/SE0007158928|STAR B/SE0005992831
AGORA,ISSUER_MULTIPLE_INSTRUMENT_SAME_MONTH,2016-07,AGORA B/SE0007158456|AGORA PREF/SE0007186283
ALM,ISSUER_MULTIPLE_INSTRUMENT_SAME_MONTH,2016-07,ALM/SE0000540163|ALM PREF/SE0004109627
CLEAN,ISSUER_MULTIPLE_INSTRUMENT_SAME_MONTH,2016-07,CLEAN/FI4000092523|CLEANT A/FI4000092523
GOIL,ISSUER_MULTIPLE_INSTRUMENT_SAME_MONTH,2016-07,GOIL/SE0005095643|GOIL PREF/SE0005034725
NXTM,ISSUER_MULTIPLE_INSTRUMENT_SAME_MONTH,2016-07,NXTMH/FI4000102678|NXTMS/FI4000102678
SAVOS,ISSUER_MULTIPLE_INSTRUMENT_SAME_MONTH,2016-07,SAVOH/FI4000123096|SAVOS/FI4000123096
ADDV,ISSUER_MULTIPLE_INSTRUMENT_SAME_MONTH,2016-08,ADDV A/SE0001306119|ADDV B/SE0007464862
AMAST,ISSUER_MULTIPLE_INSTRUMENT_SAME_MONTH,2016-08,AMAST/SE0005034550|AMAST PREF/SE0005933322
CAT,ISSUER_MULTIPLE_INSTRUMENT_SAME_MONTH,2016-08,CAT A/SE0000188500|CAT B/SE0000188518
PRIME,ISSUER_MULTIPLE_INSTRUMENT_SAME_MONTH,2016-08,PRIME/SE0006422309|PRIME PREF B/SE0006422317
STAR,ISSUER_MULTIPLE_INSTRUMENT_SAME_MONTH,2016-08,STAR A/SE0007158928|STAR B/SE0005992831
AGORA,ISSUER_MULTIPLE_INSTRUMENT_SAME_MONTH,2016-08,AGORA B/SE0007158456|AGORA PREF/SE0007186283
ALM,ISSUER_MULTIPLE_INSTRUMENT_SAME_MONTH,2016-08,ALM/SE0000540163|ALM PREF/SE0004109627
CLEAN,ISSUER_MULTIPLE_INSTRUMENT_SAME_MONTH,2016-08,CLEAN/FI4000092523|CLEANT A/FI4000092523
GOIL,ISSUER_MULTIPLE_INSTRUMENT_SAME_MONTH,2016-08,GOIL/SE0005095643|GOIL PREF/SE0005034725
NXTM,ISSUER_MULTIPLE_INSTRUMENT_SAME_MONTH,2016-08,NXTMH/FI4000102678|NXTMS/FI4000102678
SAVOS,ISSUER_MULTIPLE_INSTRUMENT_SAME_MONTH,2016-08,SAVOH/FI4000123096|SAVOS/FI4000123096
ADDV,ISSUER_MULTIPLE_INSTRUMENT_SAME_MONTH,2016-09,ADDV A/SE0001306119|ADDV B/SE0007464862
AMAST,ISSUER_MULTIPLE_INSTRUMENT_SAME_MONTH,2016-09,AMAST/SE0005034550|AMAST PREF/SE0005933322
CAT,ISSUER_MULTIPLE_INSTRUMENT_SAME_MONTH,2016-09,CAT A/SE0000188500|CAT B/SE0000188518
PRIME,ISSUER_MULTIPLE_INSTRUMENT_SAME_MONTH,2016-09,PRIME/SE0006422309|PRIME PREF B/SE0006422317
STAR,ISSUER_MULTIPLE_INSTRUMENT_SAME_MONTH,2016-09,STAR A/SE0007158928|STAR B/SE0005992831
AGORA,ISSUER_MULTIPLE_INSTRUMENT_SAME_MONTH,2016-09,AGORA B/SE0007158456|AGORA PREF/SE0007186283
ALM,ISSUER_MULTIPLE_INSTRUMENT_SAME_MONTH,2016-09,ALM/SE0000540163|ALM PREF/SE0004109627
CLEAN,ISSUER_MULTIPLE_INSTRUMENT_SAME_MONTH,2016-09,CLEAN/FI4000092523|CLEANT A/FI4000092523
GOIL,ISSUER_MULTIPLE_INSTRUMENT_SAME_MONTH,2016-09,GOIL/SE0005095643|GOIL PREF/SE0005034725
NXTM,ISSUER_MULTIPLE_INSTRUMENT_SAME_MONTH,2016-09,NXTMH/FI4000102678|NXTMS/FI4000102678
SAVOS,ISSUER_MULTIPLE_INSTRUMENT_SAME_MONTH,2016-09,SAVOH/FI4000123096|SAVOHN0116/FI4000219100|SAVOS/FI4000123096
ADDV,ISSUER_MULTIPLE_INSTRUMENT_SAME_MONTH,2016-10,ADDV A/SE0001306119|ADDV B/SE0007464862
AMAST,ISSUER_MULTIPLE_INSTRUMENT_SAME_MONTH,2016-10,AMAST/SE0005034550|AMAST PREF/SE0005933322
CAT,ISSUER_MULTIPLE_INSTRUMENT_SAME_MONTH,2016-10,CAT A/SE0000188500|CAT B/SE0000188518
PRIME,ISSUER_MULTIPLE_INSTRUMENT_SAME_MONTH,2016-10,PRIME/SE0006422309|PRIME PREF B/SE0006422317
STAR,ISSUER_MULTIPLE_INSTRUMENT_SAME_MONTH,2016-10,STAR A/SE0007158928|STAR B/SE0005992831
TOBIN,ISSUER_MULTIPLE_INSTRUMENT_SAME_MONTH,2016-10,TOBIN/SE0006026985|TOBIN PREF/SE0006117487
AGORA,ISSUER_MULTIPLE_INSTRUMENT_SAME_MONTH,2016-10,AGORA B/SE0007158456|AGORA PREF/SE0007186283
ALM,ISSUER_MULTIPLE_INSTRUMENT_SAME_MONTH,2016-10,ALM/SE0000540163|ALM PREF/SE0004109627
CLEAN,ISSUER_MULTIPLE_INSTRUMENT_SAME_MONTH,2016-10,CLEAN/FI4000092523|CLEANT A/FI4000092523
NXTM,ISSUER_MULTIPLE_INSTRUMENT_SAME_MONTH,2016-10,NXTMH/FI4000102678|NXTMS/FI4000102678
PETR,ISSUER_MULTIPLE_INSTRUMENT_SAME_MONTH,2016-10,PETR/SE0005095643|PETR PREF/SE0005034725
SAVOS,ISSUER_MULTIPLE_INSTRUMENT_SAME_MONTH,2016-10,SAVOH/FI4000123096|SAVOS/FI4000123096
ADDV,ISSUER_MULTIPLE_INSTRUMENT_SAME_MONTH,2016-11,ADDV A/SE0001306119|ADDV B/SE0007464862
AMAST,ISSUER_MULTIPLE_INSTRUMENT_SAME_MONTH,2016-11,AMAST/SE0005034550|AMAST PREF/SE0005933322
CAT,ISSUER_MULTIPLE_INSTRUMENT_SAME_MONTH,2016-11,CAT A/SE0000188500|CAT B/SE0000188518
PRIME,ISSUER_MULTIPLE_INSTRUMENT_SAME_MONTH,2016-11,PRIME/SE0006422309|PRIME PREF B/SE0006422317
STAR,ISSUER_MULTIPLE_INSTRUMENT_SAME_MONTH,2016-11,STAR A/SE0007158928|STAR B/SE0005992831
TOBIN,ISSUER_MULTIPLE_INSTRUMENT_SAME_MONTH,2016-11,TOBIN/SE0006026985|TOBIN PREF/SE0006117487
ZETA,ISSUER_MULTIPLE_INSTRUMENT_SAME_MONTH,2016-11,ZETA/SE0001105511|ZETA PREF/SE0008966048
AGORA,ISSUER_MULTIPLE_INSTRUMENT_SAME_MONTH,2016-11,AGORA B/SE0007158456|AGORA PREF/SE0007186283
ALM,ISSUER_MULTIPLE_INSTRUMENT_SAME_MONTH,2016-11,ALM/SE0000540163|ALM PREF/SE0004109627
CLEAN,ISSUER_MULTIPLE_INSTRUMENT_SAME_MONTH,2016-11,CLEAN/FI4000092523|CLEANT A/FI4000092523
NXTM,ISSUER_MULTIPLE_INSTRUMENT_SAME_MONTH,2016-11,NXTMH/FI4000102678|NXTMS/FI4000102678
PETR,ISSUER_MULTIPLE_INSTRUMENT_SAME_MONTH,2016-11,PETR/SE0005095643|PETR PREF/SE0005034725
SAVOS,ISSUER_MULTIPLE_INSTRUMENT_SAME_MONTH,2016-11,SAVOH/FI4000123096|SAVOS/FI4000123096
ADDV,ISSUER_MULTIPLE_INSTRUMENT_SAME_MONTH,2016-12,ADDV A/SE0001306119|ADDV B/SE0007464862
AMAST,ISSUER_MULTIPLE_INSTRUMENT_SAME_MONTH,2016-12,AMAST/SE0005034550|AMAST PREF/SE0005933322
PRIME,ISSUER_MULTIPLE_INSTRUMENT_SAME_MONTH,2016-12,PRIME/SE0006422309|PRIME PREF B/SE0006422317
STAR,ISSUER_MULTIPLE_INSTRUMENT_SAME_MONTH,2016-12,STAR A/SE0007158928|STAR B/SE0005992831
TOBIN,ISSUER_MULTIPLE_INSTRUMENT_SAME_MONTH,2016-12,TOBIN/SE0006026985|TOBIN PREF/SE0006117487
ZETA,ISSUER_MULTIPLE_INSTRUMENT_SAME_MONTH,2016-12,ZETA/SE0001105511|ZETA PREF/SE0008966048
AGORA,ISSUER_MULTIPLE_INSTRUMENT_SAME_MONTH,2016-12,AGORA B/SE0007158456|AGORA PREF/SE0007186283
ALM,ISSUER_MULTIPLE_INSTRUMENT_SAME_MONTH,2016-12,ALM/SE0000540163|ALM PREF/SE0004109627
CLEAN,ISSUER_MULTIPLE_INSTRUMENT_SAME_MONTH,2016-12,CLEAN/FI4000092523|CLEANT A/FI4000092523
NXTM,ISSUER_MULTIPLE_INSTRUMENT_SAME_MONTH,2016-12,NXTMH/FI4000102678|NXTMS/FI4000102678
PETR,ISSUER_MULTIPLE_INSTRUMENT_SAME_MONTH,2016-12,PETR/SE0005095643|PETR PREF/SE0005034725
SAVOS,ISSUER_MULTIPLE_INSTRUMENT_SAME_MONTH,2016-12,SAVOH/FI4000123096|SAVOS/FI4000123096
ADDV,ISSUER_MULTIPLE_INSTRUMENT_SAME_MONTH,2017-01,ADDV A/SE0001306119|ADDV B/SE0007464862
AMAST,ISSUER_MULTIPLE_INSTRUMENT_SAME_MONTH,2017-01,AMAST/SE0005034550|AMAST PREF/SE0005933322
PRIME,ISSUER_MULTIPLE_INSTRUMENT_SAME_MONTH,2017-01,PRIME/SE0006422309|PRIME PREF B/SE0006422317
STAR,ISSUER_MULTIPLE_INSTRUMENT_SAME_MONTH,2017-01,STAR A/SE0007158928|STAR B/SE0005992831
TOBIN,ISSUER_MULTIPLE_INSTRUMENT_SAME_MONTH,2017-01,TOBIN/SE0006026985|TOBIN PREF/SE0006117487
ZETA,ISSUER_MULTIPLE_INSTRUMENT_SAME_MONTH,2017-01,ZETA/SE0001105511|ZETA PREF/SE0008966048
AGORA,ISSUER_MULTIPLE_INSTRUMENT_SAME_MONTH,2017-01,AGORA B/SE0007158456|AGORA PREF/SE0007186283
ALM,ISSUER_MULTIPLE_INSTRUMENT_SAME_MONTH,2017-01,ALM/SE0000540163|ALM PREF/SE0004109627
CLEAN,ISSUER_MULTIPLE_INSTRUMENT_SAME_MONTH,2017-01,CLEAN/FI4000092523|CLEANT A/FI4000092523
NXTM,ISSUER_MULTIPLE_INSTRUMENT_SAME_MONTH,2017-01,NXTMH/FI4000102678|NXTMS/FI4000102678
PETR,ISSUER_MULTIPLE_INSTRUMENT_SAME_MONTH,2017-01,PETR/SE0005095643|PETR PREF/SE0005034725
SAVOS,ISSUER_MULTIPLE_INSTRUMENT_SAME_MONTH,2017-01,SAVOH/FI4000123096|SAVOS/FI4000123096
ADDV,ISSUER_MULTIPLE_INSTRUMENT_SAME_MONTH,2017-02,ADDV A/SE0001306119|ADDV B/SE0007464862
AMAST,ISSUER_MULTIPLE_INSTRUMENT_SAME_MONTH,2017-02,AMAST/SE0005034550|AMAST PREF/SE0005933322
PRIME,ISSUER_MULTIPLE_INSTRUMENT_SAME_MONTH,2017-02,PRIME/SE0006422309|PRIME PREF B/SE0006422317
STAR,ISSUER_MULTIPLE_INSTRUMENT_SAME_MONTH,2017-02,STAR A/SE0007158928|STAR B/SE0005992831
TOBIN,ISSUER_MULTIPLE_INSTRUMENT_SAME_MONTH,2017-02,TOBIN/SE0006026985|TOBIN PREF/SE0006117487
ZETA,ISSUER_MULTIPLE_INSTRUMENT_SAME_MONTH,2017-02,ZETA/SE0001105511|ZETA PREF/SE0008966048
AGORA,ISSUER_MULTIPLE_INSTRUMENT_SAME_MONTH,2017-02,AGORA B/SE0007158456|AGORA PREF/SE0007186283
ALM,ISSUER_MULTIPLE_INSTRUMENT_SAME_MONTH,2017-02,ALM/SE0000540163|ALM PREF/SE0004109627
CLEAN,ISSUER_MULTIPLE_INSTRUMENT_SAME_MONTH,2017-02,CLEAN/FI4000092523|CLEANT A/FI4000092523
NXTM,ISSUER_MULTIPLE_INSTRUMENT_SAME_MONTH,2017-02,NXTMH/FI4000102678|NXTMS/FI4000102678
PETR,ISSUER_MULTIPLE_INSTRUMENT_SAME_MONTH,2017-02,PETR/SE0005095643|PETR PREF/SE0005034725
SAVOS,ISSUER_MULTIPLE_INSTRUMENT_SAME_MONTH,2017-02,SAVOH/FI4000123096|SAVOS/FI4000123096
ADDV,ISSUER_MULTIPLE_INSTRUMENT_SAME_MONTH,2017-03,ADDV A/SE0001306119|ADDV B/SE0007464862
AMAST,ISSUER_MULTIPLE_INSTRUMENT_SAME_MONTH,2017-03,AMAST/SE0005034550|AMAST PREF/SE0005933322
PRIME,ISSUER_MULTIPLE_INSTRUMENT_SAME_MONTH,2017-03,PRIME/SE0006422309|PRIME PREF B/SE0006422317
STAR,ISSUER_MULTIPLE_INSTRUMENT_SAME_MONTH,2017-03,STAR A/SE0007158928|STAR B/SE0005992831
TOBIN,ISSUER_MULTIPLE_INSTRUMENT_SAME_MONTH,2017-03,TOBIN/SE0006026985|TOBIN PREF/SE0006117487
ZETA,ISSUER_MULTIPLE_INSTRUMENT_SAME_MONTH,2017-03,ZETA/SE0001105511|ZETA PREF/SE0008966048
AGORA,ISSUER_MULTIPLE_INSTRUMENT_SAME_MONTH,2017-03,AGORA B/SE0007158456|AGORA PREF/SE0007186283
ALM,ISSUER_MULTIPLE_INSTRUMENT_SAME_MONTH,2017-03,ALM/SE0000540163|ALM PREF/SE0004109627
CLEAN,ISSUER_MULTIPLE_INSTRUMENT_SAME_MONTH,2017-03,CLEAN/FI4000092523|CLEANT A/FI4000092523
NXTM,ISSUER_MULTIPLE_INSTRUMENT_SAME_MONTH,2017-03,NXTMH/FI4000102678|NXTMS/FI4000102678
SAVOS,ISSUER_MULTIPLE_INSTRUMENT_SAME_MONTH,2017-03,SAVOH/FI4000123096|SAVOS/FI4000123096
ADDV,ISSUER_MULTIPLE_INSTRUMENT_SAME_MONTH,2017-04,ADDV A/SE0001306119|ADDV B/SE0007464862
AMAST,ISSUER_MULTIPLE_INSTRUMENT_SAME_MONTH,2017-04,AMAST/SE0005034550|AMAST PREF/SE0005933322
PRIME,ISSUER_MULTIPLE_INSTRUMENT_SAME_MONTH,2017-04,PRIME/SE0006422309|PRIME PREF B/SE0006422317
STAR,ISSUER_MULTIPLE_INSTRUMENT_SAME_MONTH,2017-04,STAR A/SE0007158928|STAR B/SE0005992831
TOBIN,ISSUER_MULTIPLE_INSTRUMENT_SAME_MONTH,2017-04,TOBIN/SE0006026985|TOBIN PREF/SE0006117487
ZETA,ISSUER_MULTIPLE_INSTRUMENT_SAME_MONTH,2017-04,ZETA/SE0001105511|ZETA PREF/SE0008966048
AGORA,ISSUER_MULTIPLE_INSTRUMENT_SAME_MONTH,2017-04,AGORA B/SE0007158456|AGORA PREF/SE0007186283
ALM,ISSUER_MULTIPLE_INSTRUMENT_SAME_MONTH,2017-04,ALM/SE0000540163|ALM PREF/SE0004109627
CLEAN,ISSUER_MULTIPLE_INSTRUMENT_SAME_MONTH,2017-04,CLEAN/FI4000092523|CLEANT A/FI4000092523
NXTM,ISSUER_MULTIPLE_INSTRUMENT_SAME_MONTH,2017-04,NXTMH/FI4000102678|NXTMS/FI4000102678
SAVOS,ISSUER_MULTIPLE_INSTRUMENT_SAME_MONTH,2017-04,SAVOH/FI4000123096|SAVOS/FI4000123096
ADDV,ISSUER_MULTIPLE_INSTRUMENT_SAME_MONTH,2017-05,ADDV A/SE0001306119|ADDV B/SE0007464862
AMAST,ISSUER_MULTIPLE_INSTRUMENT_SAME_MONTH,2017-05,AMAST/SE0005034550|AMAST PREF/SE0005933322
PRIME,ISSUER_MULTIPLE_INSTRUMENT_SAME_MONTH,2017-05,PRIME/SE0006422309|PRIME PREF B/SE0006422317
SDIP,ISSUER_MULTIPLE_INSTRUMENT_SAME_MONTH,2017-05,SDIP B/SE0003756758|SDIP PREF/SE0006758348
STAR,ISSUER_MULTIPLE_INSTRUMENT_SAME_MONTH,2017-05,STAR A/SE0007158928|STAR B/SE0005992831
TOBIN,ISSUER_MULTIPLE_INSTRUMENT_SAME_MONTH,2017-05,TOBIN/SE0006026985|TOBIN PREF/SE0006117487
ZETA,ISSUER_MULTIPLE_INSTRUMENT_SAME_MONTH,2017-05,ZETA/SE0001105511|ZETA PREF/SE0008966048
AGORA,ISSUER_MULTIPLE_INSTRUMENT_SAME_MONTH,2017-05,AGORA B/SE0007158456|AGORA PREF/SE0007186283
ALM,ISSUER_MULTIPLE_INSTRUMENT_SAME_MONTH,2017-05,ALM/SE0000540163|ALM PREF/SE0004109627
CLEAN,ISSUER_MULTIPLE_INSTRUMENT_SAME_MONTH,2017-05,CLEAN/FI4000092523|CLEANT A/FI4000092523
NXTM,ISSUER_MULTIPLE_INSTRUMENT_SAME_MONTH,2017-05,NXTMH/FI4000102678|NXTMS/FI4000102678
SAVOS,ISSUER_MULTIPLE_INSTRUMENT_SAME_MONTH,2017-05,SAVOH/FI4000123096|SAVOS/FI4000123096
ADDV,ISSUER_MULTIPLE_INSTRUMENT_SAME_MONTH,2017-06,ADDV A/SE0001306119|ADDV B/SE0007464862
AMAST,ISSUER_MULTIPLE_INSTRUMENT_SAME_MONTH,2017-06,AMAST/SE0005034550|AMAST PREF/SE0005933322
PRIME,ISSUER_MULTIPLE_INSTRUMENT_SAME_MONTH,2017-06,PRIME/SE0006422309|PRIME PREF B/SE0006422317
SDIP,ISSUER_MULTIPLE_INSTRUMENT_SAME_MONTH,2017-06,SDIP B/SE0003756758|SDIP PREF/SE0006758348
STAR,ISSUER_MULTIPLE_INSTRUMENT_SAME_MONTH,2017-06,STAR A/SE0007158928|STAR B/SE0005992831
TOBIN,ISSUER_MULTIPLE_INSTRUMENT_SAME_MONTH,2017-06,TOBIN/SE0006026985|TOBIN PREF/SE0006117487
ZETA,ISSUER_MULTIPLE_INSTRUMENT_SAME_MONTH,2017-06,ZETA/SE0001105511|ZETA PREF/SE0008966048
AGORA,ISSUER_MULTIPLE_INSTRUMENT_SAME_MONTH,2017-06,AGORA B/SE0007158456|AGORA PREF/SE0007186283
ALM,ISSUER_MULTIPLE_INSTRUMENT_SAME_MONTH,2017-06,ALM/SE0000540163|ALM PREF/SE0004109627
CLEAN,ISSUER_MULTIPLE_INSTRUMENT_SAME_MONTH,2017-06,CLEAN/FI4000092523|CLEANT A/FI4000092523
NXTM,ISSUER_MULTIPLE_INSTRUMENT_SAME_MONTH,2017-06,NXTMH/FI4000102678|NXTMS/FI4000102678
QUART,ISSUER_MULTIPLE_INSTRUMENT_SAME_MONTH,2017-06,QUART/SE0009697204|QUART PREF/SE0009697212
SAVOS,ISSUER_MULTIPLE_INSTRUMENT_SAME_MONTH,2017-06,SAVOH/FI4000123096|SAVOHN0117/FI4000266671|SAVOS/FI4000123096
ADDV,ISSUER_MULTIPLE_INSTRUMENT_SAME_MONTH,2017-07,ADDV A/SE0001306119|ADDV B/SE0007464862
AMAST,ISSUER_MULTIPLE_INSTRUMENT_SAME_MONTH,2017-07,AMAST/SE0005034550|AMAST PREF/SE0005933322
PRIME,ISSUER_MULTIPLE_INSTRUMENT_SAME_MONTH,2017-07,PRIME/SE0006422309|PRIME PREF B/SE0006422317
SDIP,ISSUER_MULTIPLE_INSTRUMENT_SAME_MONTH,2017-07,SDIP B/SE0003756758|SDIP PREF/SE0006758348
STAR,ISSUER_MULTIPLE_INSTRUMENT_SAME_MONTH,2017-07,STAR A/SE0007158928|STAR B/SE0005992831
TOBIN,ISSUER_MULTIPLE_INSTRUMENT_SAME_MONTH,2017-07,TOBIN/SE0006026985|TOBIN PREF/SE0006117487
ZETA,ISSUER_MULTIPLE_INSTRUMENT_SAME_MONTH,2017-07,ZETA/SE0001105511|ZETA PREF/SE0008966048
AGORA,ISSUER_MULTIPLE_INSTRUMENT_SAME_MONTH,2017-07,AGORA B/SE0007158456|AGORA PREF/SE0007186283
ALM,ISSUER_MULTIPLE_INSTRUMENT_SAME_MONTH,2017-07,ALM/SE0000540163|ALM PREF/SE0004109627
CLEAN,ISSUER_MULTIPLE_INSTRUMENT_SAME_MONTH,2017-07,CLEAN/FI4000092523|CLEANT A/FI4000092523
NXTM,ISSUER_MULTIPLE_INSTRUMENT_SAME_MONTH,2017-07,NXTMH/FI4000102678|NXTMS/FI4000102678
QUART,ISSUER_MULTIPLE_INSTRUMENT_SAME_MONTH,2017-07,QUART/SE0009697204|QUART PREF/SE0009697212
SAVOS,ISSUER_MULTIPLE_INSTRUMENT_SAME_MONTH,2017-07,SAVOH/FI4000123096|SAVOS/FI4000123096
ADDV,ISSUER_MULTIPLE_INSTRUMENT_SAME_MONTH,2017-08,ADDV A/SE0001306119|ADDV B/SE0007464862
AMAST,ISSUER_MULTIPLE_INSTRUMENT_SAME_MONTH,2017-08,AMAST/SE0005034550|AMAST PREF/SE0005933322
PRIME,ISSUER_MULTIPLE_INSTRUMENT_SAME_MONTH,2017-08,PRIME/SE0006422309|PRIME PREF B/SE0006422317
SDIP,ISSUER_MULTIPLE_INSTRUMENT_SAME_MONTH,2017-08,SDIP B/SE0003756758|SDIP PREF/SE0006758348
STAR,ISSUER_MULTIPLE_INSTRUMENT_SAME_MONTH,2017-08,STAR A/SE0007158928|STAR B/SE0005992831
TOBIN,ISSUER_MULTIPLE_INSTRUMENT_SAME_MONTH,2017-08,TOBIN/SE0006026985|TOBIN PREF/SE0006117487
ZETA,ISSUER_MULTIPLE_INSTRUMENT_SAME_MONTH,2017-08,ZETA/SE0001105511|ZETA PREF/SE0008966048
AGORA,ISSUER_MULTIPLE_INSTRUMENT_SAME_MONTH,2017-08,AGORA B/SE0007158456|AGORA PREF/SE0007186283
ALM,ISSUER_MULTIPLE_INSTRUMENT_SAME_MONTH,2017-08,ALM/SE0000540163|ALM PREF/SE0004109627
CLEAN,ISSUER_MULTIPLE_INSTRUMENT_SAME_MONTH,2017-08,CLEAN/FI4000092523|CLEANT A/FI4000092523
NXTM,ISSUER_MULTIPLE_INSTRUMENT_SAME_MONTH,2017-08,NXTMH/FI4000102678|NXTMS/FI4000102678
QUART,ISSUER_MULTIPLE_INSTRUMENT_SAME_MONTH,2017-08,QUART/SE0009697204|QUART PREF/SE0009697212
SAVOS,ISSUER_MULTIPLE_INSTRUMENT_SAME_MONTH,2017-08,SAVOH/FI4000123096|SAVOS/FI4000123096
ADDV,ISSUER_MULTIPLE_INSTRUMENT_SAME_MONTH,2017-09,ADDV A/SE0001306119|ADDV B/SE0007464862
AMAST,ISSUER_MULTIPLE_INSTRUMENT_SAME_MONTH,2017-09,AMAST/SE0005034550|AMAST PREF/SE0005933322
PRIME,ISSUER_MULTIPLE_INSTRUMENT_SAME_MONTH,2017-09,PRIME/SE0006422309|PRIME PREF B/SE0006422317
SDIP,ISSUER_MULTIPLE_INSTRUMENT_SAME_MONTH,2017-09,SDIP B/SE0003756758|SDIP PREF/SE0006758348
STAR,ISSUER_MULTIPLE_INSTRUMENT_SAME_MONTH,2017-09,STAR A/SE0007158928|STAR B/SE0005992831
TOBIN,ISSUER_MULTIPLE_INSTRUMENT_SAME_MONTH,2017-09,TOBIN/SE0006026985|TOBIN PREF/SE0006117487
ZETA,ISSUER_MULTIPLE_INSTRUMENT_SAME_MONTH,2017-09,ZETA/SE0001105511|ZETA PREF/SE0008966048
AGORA,ISSUER_MULTIPLE_INSTRUMENT_SAME_MONTH,2017-09,AGORA B/SE0007158456|AGORA PREF/SE0007186283
ALM,ISSUER_MULTIPLE_INSTRUMENT_SAME_MONTH,2017-09,ALM/SE0000540163|ALM PREF/SE0004109627
CLEAN,ISSUER_MULTIPLE_INSTRUMENT_SAME_MONTH,2017-09,CLEAN/FI4000092523|CLEANT A/FI4000092523
NXTM,ISSUER_MULTIPLE_INSTRUMENT_SAME_MONTH,2017-09,NXTMH/FI4000102678|NXTMS/FI4000102678
QUART,ISSUER_MULTIPLE_INSTRUMENT_SAME_MONTH,2017-09,QUART/SE0009697204|QUART PREF/SE0009697212
SAVOS,ISSUER_MULTIPLE_INSTRUMENT_SAME_MONTH,2017-09,SAVOH/FI4000123096|SAVOS/FI4000123096
ADDV,ISSUER_MULTIPLE_INSTRUMENT_SAME_MONTH,2017-10,ADDV A/SE0001306119|ADDV B/SE0007464862
AMAST,ISSUER_MULTIPLE_INSTRUMENT_SAME_MONTH,2017-10,AMAST/SE0005034550|AMAST PREF/SE0005933322
PRIME,ISSUER_MULTIPLE_INSTRUMENT_SAME_MONTH,2017-10,PRIME/SE0006422309|PRIME PREF B/SE0006422317
SDIP,ISSUER_MULTIPLE_INSTRUMENT_SAME_MONTH,2017-10,SDIP B/SE0003756758|SDIP PREF/SE0006758348
TOBIN,ISSUER_MULTIPLE_INSTRUMENT_SAME_MONTH,2017-10,TOBIN/SE0006026985|TOBIN PREF/SE0006117487
ZETA,ISSUER_MULTIPLE_INSTRUMENT_SAME_MONTH,2017-10,ZETA/SE0001105511|ZETA PREF/SE0008966048
AGORA,ISSUER_MULTIPLE_INSTRUMENT_SAME_MONTH,2017-10,AGORA B/SE0007158456|AGORA PREF/SE0007186283
ALM,ISSUER_MULTIPLE_INSTRUMENT_SAME_MONTH,2017-10,ALM/SE0000540163|ALM PREF/SE0004109627
CLEAN,ISSUER_MULTIPLE_INSTRUMENT_SAME_MONTH,2017-10,CLEAN/FI4000092523|CLEANT A/FI4000092523
NXTM,ISSUER_MULTIPLE_INSTRUMENT_SAME_MONTH,2017-10,NXTMH/FI4000102678|NXTMS/FI4000102678
QUART,ISSUER_MULTIPLE_INSTRUMENT_SAME_MONTH,2017-10,QUART/SE0009697204|QUART PREF/SE0009697212
SBB,ISSUER_MULTIPLE_INSTRUMENT_SAME_MONTH,2017-10,SBB B/SE0009554454|SBB PREF/SE0009580715
SAVOS,ISSUER_MULTIPLE_INSTRUMENT_SAME_MONTH,2017-10,SAVOH/FI4000123096|SAVOS/FI4000123096
ADDV,ISSUER_MULTIPLE_INSTRUMENT_SAME_MONTH,2017-11,ADDV A/SE0001306119|ADDV B/SE0007464862
AMAST,ISSUER_MULTIPLE_INSTRUMENT_SAME_MONTH,2017-11,AMAST/SE0005034550|AMAST PREF/SE0005933322
PRIME,ISSUER_MULTIPLE_INSTRUMENT_SAME_MONTH,2017-11,PRIME/SE0006422309|PRIME PREF B/SE0006422317
SDIP,ISSUER_MULTIPLE_INSTRUMENT_SAME_MONTH,2017-11,SDIP B/SE0003756758|SDIP PREF/SE0006758348
TOBIN,ISSUER_MULTIPLE_INSTRUMENT_SAME_MONTH,2017-11,TOBIN/SE0006026985|TOBIN PREF/SE0006117487
ZETA,ISSUER_MULTIPLE_INSTRUMENT_SAME_MONTH,2017-11,ZETA/SE0001105511|ZETA PREF/SE0008966048
AGORA,ISSUER_MULTIPLE_INSTRUMENT_SAME_MONTH,2017-11,AGORA B/SE0007158456|AGORA PREF/SE0007186283
ALM,ISSUER_MULTIPLE_INSTRUMENT_SAME_MONTH,2017-11,ALM/SE0000540163|ALM PREF/SE0004109627
CLEAN,ISSUER_MULTIPLE_INSTRUMENT_SAME_MONTH,2017-11,CLEAN/FI4000092523|CLEANT A/FI4000092523
NXTM,ISSUER_MULTIPLE_INSTRUMENT_SAME_MONTH,2017-11,NXTMH/FI4000102678|NXTMS/FI4000102678
QUART,ISSUER_MULTIPLE_INSTRUMENT_SAME_MONTH,2017-11,QUART/SE0009697204|QUART PREF/SE0009697212
SBB,ISSUER_MULTIPLE_INSTRUMENT_SAME_MONTH,2017-11,SBB B/SE0009554454|SBB PREF/SE0009580715
SAVOS,ISSUER_MULTIPLE_INSTRUMENT_SAME_MONTH,2017-11,SAVOH/FI4000123096|SAVOS/FI4000123096
ADDV,ISSUER_MULTIPLE_INSTRUMENT_SAME_MONTH,2017-12,ADDV A/SE0001306119|ADDV B/SE0007464862
AMAST,ISSUER_MULTIPLE_INSTRUMENT_SAME_MONTH,2017-12,AMAST/SE0005034550|AMAST PREF/SE0005933322
PRIME,ISSUER_MULTIPLE_INSTRUMENT_SAME_MONTH,2017-12,PRIME/SE0006422309|PRIME PREF B/SE0006422317
SDIP,ISSUER_MULTIPLE_INSTRUMENT_SAME_MONTH,2017-12,SDIP B/SE0003756758|SDIP PREF/SE0006758348
TOBIN,ISSUER_MULTIPLE_INSTRUMENT_SAME_MONTH,2017-12,TOBIN/SE0006026985|TOBIN PREF/SE0006117487
AGORA,ISSUER_MULTIPLE_INSTRUMENT_SAME_MONTH,2017-12,AGORA B/SE0007158456|AGORA PREF/SE0007186283
ALM,ISSUER_MULTIPLE_INSTRUMENT_SAME_MONTH,2017-12,ALM/SE0000540163|ALM PREF/SE0004109627
LOUD,ISSUER_MULTIPLE_INSTRUMENT_SAME_MONTH,2017-12,LOUD/FI4000092523|LOUDS/FI4000092523
NXTM,ISSUER_MULTIPLE_INSTRUMENT_SAME_MONTH,2017-12,NXTMH/FI4000102678|NXTMS/FI4000102678
QUART,ISSUER_MULTIPLE_INSTRUMENT_SAME_MONTH,2017-12,QUART/SE0009697204|QUART PREF/SE0009697212
SBB,ISSUER_MULTIPLE_INSTRUMENT_SAME_MONTH,2017-12,SBB B/SE0009554454|SBB PREF/SE0009580715
SAVOS,ISSUER_MULTIPLE_INSTRUMENT_SAME_MONTH,2017-12,SAVOH/FI4000123096|SAVOS/FI4000123096
AMAST,ISSUER_MULTIPLE_INSTRUMENT_SAME_MONTH,2018-01,AMAST/SE0005034550|AMAST PREF/SE0005933322
PRIME,ISSUER_MULTIPLE_INSTRUMENT_SAME_MONTH,2018-01,PRIME/SE0006422309|PRIME PREF B/SE0006422317
SDIP,ISSUER_MULTIPLE_INSTRUMENT_SAME_MONTH,2018-01,SDIP B/SE0003756758|SDIP PREF/SE0006758348
TOBIN,ISSUER_MULTIPLE_INSTRUMENT_SAME_MONTH,2018-01,TOBIN/SE0006026985|TOBIN PREF/SE0006117487
ADDV,ISSUER_MULTIPLE_INSTRUMENT_SAME_MONTH,2018-01,ADDV A/SE0001306119|ADDV B/SE0007464862
AGORA,ISSUER_MULTIPLE_INSTRUMENT_SAME_MONTH,2018-01,AGORA B/SE0007158456|AGORA PREF/SE0007186283
ALM,ISSUER_MULTIPLE_INSTRUMENT_SAME_MONTH,2018-01,ALM/SE0000540163|ALM PREF/SE0004109627
LOUD,ISSUER_MULTIPLE_INSTRUMENT_SAME_MONTH,2018-01,LOUD/FI4000092523|LOUDS/FI4000092523
NXTM,ISSUER_MULTIPLE_INSTRUMENT_SAME_MONTH,2018-01,NXTMH/FI4000102678|NXTMS/FI4000102678
QUART,ISSUER_MULTIPLE_INSTRUMENT_SAME_MONTH,2018-01,QUART/SE0009697204|QUART PREF/SE0009697212
SBB,ISSUER_MULTIPLE_INSTRUMENT_SAME_MONTH,2018-01,SBB B/SE0009554454|SBB PREF/SE0009580715
SAVOS,ISSUER_MULTIPLE_INSTRUMENT_SAME_MONTH,2018-01,SAVOH/FI4000123096|SAVOS/FI4000123096
AMAST,ISSUER_MULTIPLE_INSTRUMENT_SAME_MONTH,2018-02,AMAST/SE0005034550|AMAST PREF/SE0005933322
PRIME,ISSUER_MULTIPLE_INSTRUMENT_SAME_MONTH,2018-02,PRIME/SE0006422309|PRIME PREF B/SE0006422317
SBB,ISSUER_MULTIPLE_INSTRUMENT_SAME_MONTH,2018-02,SBB B/SE0009554454|SBB PREF/SE0009580715
SDIP,ISSUER_MULTIPLE_INSTRUMENT_SAME_MONTH,2018-02,SDIP B/SE0003756758|SDIP PREF/SE0006758348
TOBIN,ISSUER_MULTIPLE_INSTRUMENT_SAME_MONTH,2018-02,TOBIN/SE0006026985|TOBIN PREF/SE0006117487
ADDV,ISSUER_MULTIPLE_INSTRUMENT_SAME_MONTH,2018-02,ADDV A/SE0001306119|ADDV B/SE0007464862
AGORA,ISSUER_MULTIPLE_INSTRUMENT_SAME_MONTH,2018-02,AGORA B/SE0007158456|AGORA PREF/SE0007186283
ALM,ISSUER_MULTIPLE_INSTRUMENT_SAME_MONTH,2018-02,ALM/SE0000540163|ALM PREF/SE0004109627
BONE,ISSUER_MULTIPLE_INSTRUMENT_SAME_MONTH,2018-02,BONEH/FI4000260583|BONES/FI4000260583
LOUD,ISSUER_MULTIPLE_INSTRUMENT_SAME_MONTH,2018-02,LOUD/FI4000092523|LOUDS/FI4000092523
NXTM,ISSUER_MULTIPLE_INSTRUMENT_SAME_MONTH,2018-02,NXTMH/FI4000102678|NXTMS/FI4000102678
QUART,ISSUER_MULTIPLE_INSTRUMENT_SAME_MONTH,2018-02,QUART/SE0009697204|QUART PREF/SE0009697212
SAVOS,ISSUER_MULTIPLE_INSTRUMENT_SAME_MONTH,2018-02,SAVOH/FI4000123096|SAVOS/FI4000123096
AMAST,ISSUER_MULTIPLE_INSTRUMENT_SAME_MONTH,2018-03,AMAST/SE0005034550|AMAST PREF/SE0005933322
PRIME,ISSUER_MULTIPLE_INSTRUMENT_SAME_MONTH,2018-03,PRIME/SE0006422309|PRIME PREF B/SE0006422317
SBB,ISSUER_MULTIPLE_INSTRUMENT_SAME_MONTH,2018-03,SBB B/SE0009554454|SBB PREF/SE0009580715
SDIP,ISSUER_MULTIPLE_INSTRUMENT_SAME_MONTH,2018-03,SDIP B/SE0003756758|SDIP PREF/SE0006758348
TOBIN,ISSUER_MULTIPLE_INSTRUMENT_SAME_MONTH,2018-03,TOBIN/SE0006026985|TOBIN PREF/SE0006117487
ADDV,ISSUER_MULTIPLE_INSTRUMENT_SAME_MONTH,2018-03,ADDV A/SE0001306119|ADDV B/SE0007464862
AGORA,ISSUER_MULTIPLE_INSTRUMENT_SAME_MONTH,2018-03,AGORA B/SE0007158456|AGORA PREF/SE0007186283
ALM,ISSUER_MULTIPLE_INSTRUMENT_SAME_MONTH,2018-03,ALM/SE0000540163|ALM PREF/SE0004109627
BONE,ISSUER_MULTIPLE_INSTRUMENT_SAME_MONTH,2018-03,BONEH/FI4000260583|BONES/FI4000260583
LOUD,ISSUER_MULTIPLE_INSTRUMENT_SAME_MONTH,2018-03,LOUD/FI4000092523|LOUDS/FI4000092523
NXTM,ISSUER_MULTIPLE_INSTRUMENT_SAME_MONTH,2018-03,NXTMH/FI4000102678|NXTMS/FI4000102678
QUART,ISSUER_MULTIPLE_INSTRUMENT_SAME_MONTH,2018-03,QUART/SE0009697204|QUART PREF/SE0009697212
SAVOS,ISSUER_MULTIPLE_INSTRUMENT_SAME_MONTH,2018-03,SAVOH/FI4000123096|SAVOS/FI4000123096
AMAST,ISSUER_MULTIPLE_INSTRUMENT_SAME_MONTH,2018-04,AMAST/SE0005034550|AMAST PREF/SE0005933322
PRIME,ISSUER_MULTIPLE_INSTRUMENT_SAME_MONTH,2018-04,PRIME/SE0006422309|PRIME PREF B/SE0006422317
SBB,ISSUER_MULTIPLE_INSTRUMENT_SAME_MONTH,2018-04,SBB B/SE0009554454|SBB PREF/SE0009580715
SDIP,ISSUER_MULTIPLE_INSTRUMENT_SAME_MONTH,2018-04,SDIP B/SE0003756758|SDIP PREF/SE0006758348
TOBIN,ISSUER_MULTIPLE_INSTRUMENT_SAME_MONTH,2018-04,TOBIN/SE0006026985|TOBIN PREF/SE0006117487
ADDV,ISSUER_MULTIPLE_INSTRUMENT_SAME_MONTH,2018-04,ADDV A/SE0001306119|ADDV B/SE0007464862
AGORA,ISSUER_MULTIPLE_INSTRUMENT_SAME_MONTH,2018-04,AGORA B/SE0007158456|AGORA PREF/SE0007186283
ALM,ISSUER_MULTIPLE_INSTRUMENT_SAME_MONTH,2018-04,ALM/SE0000540163|ALM PREF/SE0004109627
BONE,ISSUER_MULTIPLE_INSTRUMENT_SAME_MONTH,2018-04,BONEH/FI4000260583|BONES/FI4000260583
LOUD,ISSUER_MULTIPLE_INSTRUMENT_SAME_MONTH,2018-04,LOUD/FI4000092523|LOUDS/FI4000092523
NXTM,ISSUER_MULTIPLE_INSTRUMENT_SAME_MONTH,2018-04,NXTMH/FI4000102678|NXTMS/FI4000102678
QUART,ISSUER_MULTIPLE_INSTRUMENT_SAME_MONTH,2018-04,QUART/SE0009697204|QUART PREF/SE0009697212
SAVOS,ISSUER_MULTIPLE_INSTRUMENT_SAME_MONTH,2018-04,SAVOH/FI4000123096|SAVOS/FI4000123096
AMAST,ISSUER_MULTIPLE_INSTRUMENT_SAME_MONTH,2018-05,AMAST/SE0005034550|AMAST PREF/SE0005933322
PRIME,ISSUER_MULTIPLE_INSTRUMENT_SAME_MONTH,2018-05,PRIME/SE0006422309|PRIME PREF B/SE0006422317
SBB,ISSUER_MULTIPLE_INSTRUMENT_SAME_MONTH,2018-05,SBB B/SE0009554454|SBB PREF/SE0009580715
SDIP,ISSUER_MULTIPLE_INSTRUMENT_SAME_MONTH,2018-05,SDIP B/SE0003756758|SDIP PREF/SE0006758348
TOBIN,ISSUER_MULTIPLE_INSTRUMENT_SAME_MONTH,2018-05,TOBIN/SE0006026985|TOBIN PREF/SE0006117487
ADDV,ISSUER_MULTIPLE_INSTRUMENT_SAME_MONTH,2018-05,ADDV A/SE0001306119|ADDV B/SE0007464862
AGORA,ISSUER_MULTIPLE_INSTRUMENT_SAME_MONTH,2018-05,AGORA B/SE0007158456|AGORA PREF/SE0007186283
ALM,ISSUER_MULTIPLE_INSTRUMENT_SAME_MONTH,2018-05,ALM/SE0000540163|ALM PREF/SE0004109627
BONE,ISSUER_MULTIPLE_INSTRUMENT_SAME_MONTH,2018-05,BONEH/FI4000260583|BONES/FI4000260583
LOUD,ISSUER_MULTIPLE_INSTRUMENT_SAME_MONTH,2018-05,LOUD/FI4000092523|LOUDS/FI4000092523
NXTM,ISSUER_MULTIPLE_INSTRUMENT_SAME_MONTH,2018-05,NXTMH/FI4000102678|NXTMS/FI4000102678
QUART,ISSUER_MULTIPLE_INSTRUMENT_SAME_MONTH,2018-05,QUART/SE0009697204|QUART PREF/SE0009697212
SAVOS,ISSUER_MULTIPLE_INSTRUMENT_SAME_MONTH,2018-05,SAVOH/FI4000123096|SAVOS/FI4000123096
AMAST,ISSUER_MULTIPLE_INSTRUMENT_SAME_MONTH,2018-06,AMAST/SE0005034550|AMAST PREF/SE0005933322
PRIME,ISSUER_MULTIPLE_INSTRUMENT_SAME_MONTH,2018-06,PRIME/SE0006422309|PRIME PREF B/SE0006422317
SBB,ISSUER_MULTIPLE_INSTRUMENT_SAME_MONTH,2018-06,SBB B/SE0009554454|SBB PREF/SE0009580715
SDIP,ISSUER_MULTIPLE_INSTRUMENT_SAME_MONTH,2018-06,SDIP B/SE0003756758|SDIP PREF/SE0006758348
TOBIN,ISSUER_MULTIPLE_INSTRUMENT_SAME_MONTH,2018-06,TOBIN/SE0006026985|TOBIN PREF/SE0006117487
ADDV,ISSUER_MULTIPLE_INSTRUMENT_SAME_MONTH,2018-06,ADDV A/SE0001306119|ADDV B/SE0007464862
AGORA,ISSUER_MULTIPLE_INSTRUMENT_SAME_MONTH,2018-06,AGORA B/SE0007158456|AGORA PREF/SE0007186283
ALM,ISSUER_MULTIPLE_INSTRUMENT_SAME_MONTH,2018-06,ALM/SE0000540163|ALM PREF/SE0004109627
BONE,ISSUER_MULTIPLE_INSTRUMENT_SAME_MONTH,2018-06,BONEH/FI4000260583|BONES/FI4000260583
LOUD,ISSUER_MULTIPLE_INSTRUMENT_SAME_MONTH,2018-06,LOUD/FI4000092523|LOUDS/FI4000092523
NXTM,ISSUER_MULTIPLE_INSTRUMENT_SAME_MONTH,2018-06,NXTMH/FI4000102678|NXTMS/FI4000102678
QUART,ISSUER_MULTIPLE_INSTRUMENT_SAME_MONTH,2018-06,QUART/SE0009697204|QUART PREF/SE0009697212
SAVOS,ISSUER_MULTIPLE_INSTRUMENT_SAME_MONTH,2018-06,SAVOH/FI4000123096|SAVOHN0118/FI4000327416|SAVOS/FI4000123096
AMAST,ISSUER_MULTIPLE_INSTRUMENT_SAME_MONTH,2018-07,AMAST/SE0005034550|AMAST PREF/SE0005933322
PRIME,ISSUER_MULTIPLE_INSTRUMENT_SAME_MONTH,2018-07,PRIME/SE0006422309|PRIME PREF B/SE0006422317
SBB,ISSUER_MULTIPLE_INSTRUMENT_SAME_MONTH,2018-07,SBB B/SE0009554454|SBB PREF/SE0009580715
SDIP,ISSUER_MULTIPLE_INSTRUMENT_SAME_MONTH,2018-07,SDIP B/SE0003756758|SDIP PREF/SE0006758348
TOBIN,ISSUER_MULTIPLE_INSTRUMENT_SAME_MONTH,2018-07,TOBIN/SE0006026985|TOBIN PREF/SE0006117487
ADDV,ISSUER_MULTIPLE_INSTRUMENT_SAME_MONTH,2018-07,ADDV A/SE0001306119|ADDV B/SE0007464862
AGORA,ISSUER_MULTIPLE_INSTRUMENT_SAME_MONTH,2018-07,AGORA B/SE0007158456|AGORA PREF/SE0007186283
ALM,ISSUER_MULTIPLE_INSTRUMENT_SAME_MONTH,2018-07,ALM/SE0000540163|ALM PREF/SE0004109627
BONE,ISSUER_MULTIPLE_INSTRUMENT_SAME_MONTH,2018-07,BONEH/FI4000260583|BONES/FI4000260583
LOUD,ISSUER_MULTIPLE_INSTRUMENT_SAME_MONTH,2018-07,LOUD/FI4000092523|LOUDS/FI4000092523
NXTM,ISSUER_MULTIPLE_INSTRUMENT_SAME_MONTH,2018-07,NXTMH/FI4000102678|NXTMS/FI4000102678
QUART,ISSUER_MULTIPLE_INSTRUMENT_SAME_MONTH,2018-07,QUART/SE0009697204|QUART PREF/SE0009697212
SAVOS,ISSUER_MULTIPLE_INSTRUMENT_SAME_MONTH,2018-07,SAVOH/FI4000123096|SAVOS/FI4000123096
AMAST,ISSUER_MULTIPLE_INSTRUMENT_SAME_MONTH,2018-08,AMAST/SE0005034550|AMAST PREF/SE0005933322
PRIME,ISSUER_MULTIPLE_INSTRUMENT_SAME_MONTH,2018-08,PRIME/SE0006422309|PRIME PREF B/SE0006422317
SBB,ISSUER_MULTIPLE_INSTRUMENT_SAME_MONTH,2018-08,SBB B/SE0009554454|SBB PREF/SE0009580715
SDIP,ISSUER_MULTIPLE_INSTRUMENT_SAME_MONTH,2018-08,SDIP B/SE0003756758|SDIP PREF/SE0006758348
TOBIN,ISSUER_MULTIPLE_INSTRUMENT_SAME_MONTH,2018-08,TOBIN/SE0006026985|TOBIN PREF/SE0006117487
ADDV,ISSUER_MULTIPLE_INSTRUMENT_SAME_MONTH,2018-08,ADDV A/SE0001306119|ADDV B/SE0007464862
AGORA,ISSUER_MULTIPLE_INSTRUMENT_SAME_MONTH,2018-08,AGORA B/SE0007158456|AGORA PREF/SE0007186283
ALM,ISSUER_MULTIPLE_INSTRUMENT_SAME_MONTH,2018-08,ALM/SE0000540163|ALM PREF/SE0004109627
BONE,ISSUER_MULTIPLE_INSTRUMENT_SAME_MONTH,2018-08,BONEH/FI4000260583|BONES/FI4000260583
LOUD,ISSUER_MULTIPLE_INSTRUMENT_SAME_MONTH,2018-08,LOUD/FI4000092523|LOUDS/FI4000092523
NXTM,ISSUER_MULTIPLE_INSTRUMENT_SAME_MONTH,2018-08,NXTMH/FI4000102678|NXTMS/FI4000102678
QUART,ISSUER_MULTIPLE_INSTRUMENT_SAME_MONTH,2018-08,QUART/SE0009697204|QUART PREF/SE0009697212
SAVOS,ISSUER_MULTIPLE_INSTRUMENT_SAME_MONTH,2018-08,SAVOH/FI4000123096|SAVOS/FI4000123096
AMAST,ISSUER_MULTIPLE_INSTRUMENT_SAME_MONTH,2018-09,AMAST/SE0005034550|AMAST PREF/SE0005933322
PRIME,ISSUER_MULTIPLE_INSTRUMENT_SAME_MONTH,2018-09,PRIME/SE0006422309|PRIME PREF B/SE0006422317
SBB,ISSUER_MULTIPLE_INSTRUMENT_SAME_MONTH,2018-09,SBB B/SE0009554454|SBB PREF/SE0009580715
SDIP,ISSUER_MULTIPLE_INSTRUMENT_SAME_MONTH,2018-09,SDIP B/SE0003756758|SDIP PREF/SE0006758348
TOBIN,ISSUER_MULTIPLE_INSTRUMENT_SAME_MONTH,2018-09,TOBIN/SE0006026985|TOBIN PREF/SE0006117487
ADDV,ISSUER_MULTIPLE_INSTRUMENT_SAME_MONTH,2018-09,ADDV A/SE0001306119|ADDV B/SE0007464862
AGORA,ISSUER_MULTIPLE_INSTRUMENT_SAME_MONTH,2018-09,AGORA B/SE0007158456|AGORA PREF/SE0007186283
ALM,ISSUER_MULTIPLE_INSTRUMENT_SAME_MONTH,2018-09,ALM/SE0000540163|ALM PREF/SE0004109627
BONE,ISSUER_MULTIPLE_INSTRUMENT_SAME_MONTH,2018-09,BONEH/FI4000260583|BONES/FI4000260583
LOUD,ISSUER_MULTIPLE_INSTRUMENT_SAME_MONTH,2018-09,LOUD/FI4000092523|LOUDS/FI4000092523
NXTM,ISSUER_MULTIPLE_INSTRUMENT_SAME_MONTH,2018-09,NXTMH/FI4000102678|NXTMS/FI4000102678
QUART,ISSUER_MULTIPLE_INSTRUMENT_SAME_MONTH,2018-09,QUART/SE0009697204|QUART PREF/SE0009697212
SAVOS,ISSUER_MULTIPLE_INSTRUMENT_SAME_MONTH,2018-09,SAVOH/FI4000123096|SAVOS/FI4000123096
AMAST,ISSUER_MULTIPLE_INSTRUMENT_SAME_MONTH,2018-10,AMAST/SE0005034550|AMAST PREF/SE0005933322
PRIME,ISSUER_MULTIPLE_INSTRUMENT_SAME_MONTH,2018-10,PRIME/SE0006422309|PRIME PREF B/SE0006422317
SBB,ISSUER_MULTIPLE_INSTRUMENT_SAME_MONTH,2018-10,SBB B/SE0009554454|SBB PREF/SE0009580715
SDIP,ISSUER_MULTIPLE_INSTRUMENT_SAME_MONTH,2018-10,SDIP B/SE0003756758|SDIP PREF/SE0006758348
TOBIN,ISSUER_MULTIPLE_INSTRUMENT_SAME_MONTH,2018-10,TOBIN/SE0006026985|TOBIN PREF/SE0006117487
ADDV,ISSUER_MULTIPLE_INSTRUMENT_SAME_MONTH,2018-10,ADDV A/SE0001306119|ADDV B/SE0007464862
AGORA,ISSUER_MULTIPLE_INSTRUMENT_SAME_MONTH,2018-10,AGORA B/SE0007158456|AGORA PREF/SE0007186283
ALM,ISSUER_MULTIPLE_INSTRUMENT_SAME_MONTH,2018-10,ALM/SE0000540163|ALM PREF/SE0004109627
BONE,ISSUER_MULTIPLE_INSTRUMENT_SAME_MONTH,2018-10,BONEH/FI4000260583|BONES/FI4000260583
LOUD,ISSUER_MULTIPLE_INSTRUMENT_SAME_MONTH,2018-10,LOUD/FI4000092523|LOUDS/FI4000092523
NXTM,ISSUER_MULTIPLE_INSTRUMENT_SAME_MONTH,2018-10,NXTMH/FI4000102678|NXTMS/FI4000102678
QUART,ISSUER_MULTIPLE_INSTRUMENT_SAME_MONTH,2018-10,QUART/SE0009697204|QUART PREF/SE0009697212
SAVOS,ISSUER_MULTIPLE_INSTRUMENT_SAME_MONTH,2018-10,SAVOH/FI4000123096|SAVOS/FI4000123096
AMAST,ISSUER_MULTIPLE_INSTRUMENT_SAME_MONTH,2018-11,AMAST/SE0005034550|AMAST PREF/SE0005933322
PRIME,ISSUER_MULTIPLE_INSTRUMENT_SAME_MONTH,2018-11,PRIME/SE0006422309|PRIME PREF B/SE0006422317
SBB,ISSUER_MULTIPLE_INSTRUMENT_SAME_MONTH,2018-11,SBB B/SE0009554454|SBB PREF/SE0009580715
SDIP,ISSUER_MULTIPLE_INSTRUMENT_SAME_MONTH,2018-11,SDIP B/SE0003756758|SDIP PREF/SE0006758348
ADDV,ISSUER_MULTIPLE_INSTRUMENT_SAME_MONTH,2018-11,ADDV A/SE0001306119|ADDV B/SE0007464862
AGORA,ISSUER_MULTIPLE_INSTRUMENT_SAME_MONTH,2018-11,AGORA B/SE0007158456|AGORA PREF/SE0007186283
ALM,ISSUER_MULTIPLE_INSTRUMENT_SAME_MONTH,2018-11,ALM/SE0000540163|ALM PREF/SE0004109627
BONE,ISSUER_MULTIPLE_INSTRUMENT_SAME_MONTH,2018-11,BONEH/FI4000260583|BONES/FI4000260583
LOUD,ISSUER_MULTIPLE_INSTRUMENT_SAME_MONTH,2018-11,LOUD/FI4000092523|LOUDS/FI4000092523
NXTM,ISSUER_MULTIPLE_INSTRUMENT_SAME_MONTH,2018-11,NXTMH/FI4000354162|NXTMS/FI4000354162
QUART,ISSUER_MULTIPLE_INSTRUMENT_SAME_MONTH,2018-11,QUART/SE0009697204|QUART PREF/SE0009697212
SAVOS,ISSUER_MULTIPLE_INSTRUMENT_SAME_MONTH,2018-11,SAVOH/FI4000123096|SAVOS/FI4000123096
TOBIN,ISSUER_MULTIPLE_INSTRUMENT_SAME_MONTH,2018-11,TOBIN/SE0006026985|TOBIN PREF/SE0006117487
AMAST,ISSUER_MULTIPLE_INSTRUMENT_SAME_MONTH,2018-12,AMAST/SE0005034550|AMAST PREF/SE0005933322
PRIME,ISSUER_MULTIPLE_INSTRUMENT_SAME_MONTH,2018-12,PRIME/SE0006422309|PRIME PREF B/SE0006422317
SBB,ISSUER_MULTIPLE_INSTRUMENT_SAME_MONTH,2018-12,SBB B/SE0009554454|SBB D/SE0011844091|SBB PREF/SE0009580715
SDIP,ISSUER_MULTIPLE_INSTRUMENT_SAME_MONTH,2018-12,SDIP B/SE0003756758|SDIP PREF/SE0006758348
ADDV,ISSUER_MULTIPLE_INSTRUMENT_SAME_MONTH,2018-12,ADDV A/SE0001306119|ADDV B/SE0007464862
ALM,ISSUER_MULTIPLE_INSTRUMENT_SAME_MONTH,2018-12,ALM/SE0000540163|ALM PREF/SE0004109627
BONE,ISSUER_MULTIPLE_INSTRUMENT_SAME_MONTH,2018-12,BONEH/FI4000260583|BONES/FI4000260583
FOOT,ISSUER_MULTIPLE_INSTRUMENT_SAME_MONTH,2018-12,FOOT B/SE0011563295|FOOT PREF/SE0007186176
LOUD,ISSUER_MULTIPLE_INSTRUMENT_SAME_MONTH,2018-12,LOUD/FI4000092523|LOUDS/FI4000092523
NXTM,ISSUER_MULTIPLE_INSTRUMENT_SAME_MONTH,2018-12,NXTMH/FI4000354162|NXTMS/FI4000354162
QUART,ISSUER_MULTIPLE_INSTRUMENT_SAME_MONTH,2018-12,QUART/SE0009697204|QUART PREF/SE0009697212
SAVOS,ISSUER_MULTIPLE_INSTRUMENT_SAME_MONTH,2018-12,SAVOH/FI4000123096|SAVOS/FI4000123096
TOBIN,ISSUER_MULTIPLE_INSTRUMENT_SAME_MONTH,2018-12,TOBIN/SE0006026985|TOBIN PREF/SE0006117487
AMAST,ISSUER_MULTIPLE_INSTRUMENT_SAME_MONTH,2019-01,AMAST/SE0005034550|AMAST PREF/SE0005933322
PRIME,ISSUER_MULTIPLE_INSTRUMENT_SAME_MONTH,2019-01,PRIME/SE0006422309|PRIME PREF B/SE0006422317
SBB,ISSUER_MULTIPLE_INSTRUMENT_SAME_MONTH,2019-01,SBB B/SE0009554454|SBB D/SE0011844091|SBB PREF/SE0009580715
SDIP,ISSUER_MULTIPLE_INSTRUMENT_SAME_MONTH,2019-01,SDIP B/SE0003756758|SDIP PREF/SE0006758348
ADDV,ISSUER_MULTIPLE_INSTRUMENT_SAME_MONTH,2019-01,ADDV A/SE0001306119|ADDV B/SE0007464862
ALM,ISSUER_MULTIPLE_INSTRUMENT_SAME_MONTH,2019-01,ALM/SE0000540163|ALM PREF/SE0004109627
BONE,ISSUER_MULTIPLE_INSTRUMENT_SAME_MONTH,2019-01,BONEH/FI4000260583|BONES/FI4000260583
FOOT,ISSUER_MULTIPLE_INSTRUMENT_SAME_MONTH,2019-01,FOOT B/SE0011563295|FOOT PREF/SE0007186176
LOUD,ISSUER_MULTIPLE_INSTRUMENT_SAME_MONTH,2019-01,LOUD/FI4000092523|LOUDS/FI4000092523
NXTM,ISSUER_MULTIPLE_INSTRUMENT_SAME_MONTH,2019-01,NXTMH/FI4000354162|NXTMS/FI4000354162
QUART,ISSUER_MULTIPLE_INSTRUMENT_SAME_MONTH,2019-01,QUART/SE0009697204|QUART PREF/SE0009697212
SAVOS,ISSUER_MULTIPLE_INSTRUMENT_SAME_MONTH,2019-01,SAVOH/FI4000123096|SAVOS/FI4000123096
TOBIN,ISSUER_MULTIPLE_INSTRUMENT_SAME_MONTH,2019-01,TOBIN/SE0006026985|TOBIN PREF/SE0006117487
AMAST,ISSUER_MULTIPLE_INSTRUMENT_SAME_MONTH,2019-02,AMAST/SE0005034550|AMAST PREF/SE0005933322
PRIME,ISSUER_MULTIPLE_INSTRUMENT_SAME_MONTH,2019-02,PRIME/SE0006422309|PRIME PREF B/SE0006422317
SBB,ISSUER_MULTIPLE_INSTRUMENT_SAME_MONTH,2019-02,SBB B/SE0009554454|SBB D/SE0011844091|SBB PREF/SE0009580715
SDIP,ISSUER_MULTIPLE_INSTRUMENT_SAME_MONTH,2019-02,SDIP B/SE0003756758|SDIP PREF/SE0006758348
ADDV,ISSUER_MULTIPLE_INSTRUMENT_SAME_MONTH,2019-02,ADDV A/SE0001306119|ADDV B/SE0007464862
ALM,ISSUER_MULTIPLE_INSTRUMENT_SAME_MONTH,2019-02,ALM/SE0000540163|ALM PREF/SE0004109627
BONE,ISSUER_MULTIPLE_INSTRUMENT_SAME_MONTH,2019-02,BONEH/FI4000260583|BONES/FI4000260583
FOOT,ISSUER_MULTIPLE_INSTRUMENT_SAME_MONTH,2019-02,FOOT B/SE0011563295|FOOT PREF/SE0007186176
LOUD,ISSUER_MULTIPLE_INSTRUMENT_SAME_MONTH,2019-02,LOUD/FI4000092523|LOUDS/FI4000092523
NXTM,ISSUER_MULTIPLE_INSTRUMENT_SAME_MONTH,2019-02,NXTMH/FI4000354162|NXTMS/FI4000354162
QUART,ISSUER_MULTIPLE_INSTRUMENT_SAME_MONTH,2019-02,QUART/SE0009697204|QUART PREF/SE0009697212
SAVOS,ISSUER_MULTIPLE_INSTRUMENT_SAME_MONTH,2019-02,SAVOH/FI4000123096|SAVOS/FI4000123096
TOBIN,ISSUER_MULTIPLE_INSTRUMENT_SAME_MONTH,2019-02,TOBIN/SE0006026985|TOBIN PREF/SE0006117487
AMAST,ISSUER_MULTIPLE_INSTRUMENT_SAME_MONTH,2019-03,AMAST/SE0005034550|AMAST PREF/SE0005933322
PRIME,ISSUER_MULTIPLE_INSTRUMENT_SAME_MONTH,2019-03,PRIME/SE0006422309|PRIME PREF B/SE0006422317
SBB,ISSUER_MULTIPLE_INSTRUMENT_SAME_MONTH,2019-03,SBB B/SE0009554454|SBB D/SE0011844091|SBB PREF/SE0009580715
SDIP,ISSUER_MULTIPLE_INSTRUMENT_SAME_MONTH,2019-03,SDIP B/SE0003756758|SDIP PREF/SE0006758348
ADDV,ISSUER_MULTIPLE_INSTRUMENT_SAME_MONTH,2019-03,ADDV A/SE0001306119|ADDV B/SE0007464862
ALM,ISSUER_MULTIPLE_INSTRUMENT_SAME_MONTH,2019-03,ALM/SE0000540163|ALM PREF/SE0004109627
BONE,ISSUER_MULTIPLE_INSTRUMENT_SAME_MONTH,2019-03,BONEH/FI4000260583|BONES/FI4000260583
FOOT,ISSUER_MULTIPLE_INSTRUMENT_SAME_MONTH,2019-03,FOOT B/SE0011563295|FOOT PREF/SE0007186176
LOUD,ISSUER_MULTIPLE_INSTRUMENT_SAME_MONTH,2019-03,LOUD/FI4000092523|LOUDS/FI4000092523
NXTM,ISSUER_MULTIPLE_INSTRUMENT_SAME_MONTH,2019-03,NXTMH/FI4000354162|NXTMS/FI4000354162
QUART,ISSUER_MULTIPLE_INSTRUMENT_SAME_MONTH,2019-03,QUART/SE0009697204|QUART PREF/SE0009697212
SAVOS,ISSUER_MULTIPLE_INSTRUMENT_SAME_MONTH,2019-03,SAVOH/FI4000123096|SAVOHN0119/FI4000369749|SAVOS/FI4000123096
TOBIN,ISSUER_MULTIPLE_INSTRUMENT_SAME_MONTH,2019-03,TOBIN/SE0006026985|TOBIN PREF/SE0006117487
AMAST,ISSUER_MULTIPLE_INSTRUMENT_SAME_MONTH,2019-04,AMAST/SE0005034550|AMAST PREF/SE0005933322
PRIME,ISSUER_MULTIPLE_INSTRUMENT_SAME_MONTH,2019-04,PRIME/SE0006422309|PRIME PREF B/SE0006422317
SBB,ISSUER_MULTIPLE_INSTRUMENT_SAME_MONTH,2019-04,SBB B/SE0009554454|SBB D/SE0011844091|SBB PREF/SE0009580715
SDIP,ISSUER_MULTIPLE_INSTRUMENT_SAME_MONTH,2019-04,SDIP B/SE0003756758|SDIP PREF/SE0006758348
ADDV,ISSUER_MULTIPLE_INSTRUMENT_SAME_MONTH,2019-04,ADDV A/SE0001306119|ADDV B/SE0007464862
ALM,ISSUER_MULTIPLE_INSTRUMENT_SAME_MONTH,2019-04,ALM/SE0000540163|ALM PREF/SE0004109627
BONE,ISSUER_MULTIPLE_INSTRUMENT_SAME_MONTH,2019-04,BONEH/FI4000260583|BONES/FI4000260583
FOOT,ISSUER_MULTIPLE_INSTRUMENT_SAME_MONTH,2019-04,FOOT B/SE0011563295|FOOT PREF/SE0007186176
LOUD,ISSUER_MULTIPLE_INSTRUMENT_SAME_MONTH,2019-04,LOUD/FI4000092523|LOUDS/FI4000092523
NXTM,ISSUER_MULTIPLE_INSTRUMENT_SAME_MONTH,2019-04,NXTMH/FI4000354162|NXTMHN0119/FI4000359906|NXTMS/FI4000354162
QUART,ISSUER_MULTIPLE_INSTRUMENT_SAME_MONTH,2019-04,QUART/SE0009697204|QUART PREF/SE0009697212
SAVOS,ISSUER_MULTIPLE_INSTRUMENT_SAME_MONTH,2019-04,SAVOH/FI4000123096|SAVOS/FI4000123096
TOBIN,ISSUER_MULTIPLE_INSTRUMENT_SAME_MONTH,2019-04,TOBIN/SE0006026985|TOBIN PREF/SE0006117487
AMAST,ISSUER_MULTIPLE_INSTRUMENT_SAME_MONTH,2019-05,AMAST/SE0005034550|AMAST PREF/SE0005933322
PRIME,ISSUER_MULTIPLE_INSTRUMENT_SAME_MONTH,2019-05,PRIME/SE0006422309|PRIME PREF B/SE0006422317
SBB,ISSUER_MULTIPLE_INSTRUMENT_SAME_MONTH,2019-05,SBB B/SE0009554454|SBB D/SE0011844091|SBB PREF/SE0009580715
SDIP,ISSUER_MULTIPLE_INSTRUMENT_SAME_MONTH,2019-05,SDIP B/SE0003756758|SDIP PREF/SE0006758348
ADDV,ISSUER_MULTIPLE_INSTRUMENT_SAME_MONTH,2019-05,ADDV A/SE0001306119|ADDV B/SE0007464862
ALM,ISSUER_MULTIPLE_INSTRUMENT_SAME_MONTH,2019-05,ALM/SE0000540163|ALM PREF/SE0004109627
BONE,ISSUER_MULTIPLE_INSTRUMENT_SAME_MONTH,2019-05,BONEH/FI4000260583|BONES/FI4000260583
FOOT,ISSUER_MULTIPLE_INSTRUMENT_SAME_MONTH,2019-05,FOOT B/SE0011563295|FOOT PREF/SE0007186176
LOUD,ISSUER_MULTIPLE_INSTRUMENT_SAME_MONTH,2019-05,LOUD/FI4000092523|LOUDS/FI4000092523
NXTM,ISSUER_MULTIPLE_INSTRUMENT_SAME_MONTH,2019-05,NXTMH/FI4000354162|NXTMS/FI4000354162
QUART,ISSUER_MULTIPLE_INSTRUMENT_SAME_MONTH,2019-05,QUART/SE0009697204|QUART PREF/SE0009697212
SAVOS,ISSUER_MULTIPLE_INSTRUMENT_SAME_MONTH,2019-05,SAVOH/FI4000123096|SAVOS/FI4000123096
TOBIN,ISSUER_MULTIPLE_INSTRUMENT_SAME_MONTH,2019-05,TOBIN/SE0006026985|TOBIN PREF/SE0006117487
AMAST,ISSUER_MULTIPLE_INSTRUMENT_SAME_MONTH,2019-06,AMAST/SE0005034550|AMAST PREF/SE0005933322
PRIME,ISSUER_MULTIPLE_INSTRUMENT_SAME_MONTH,2019-06,PRIME/SE0006422309|PRIME PREF B/SE0006422317
SBB,ISSUER_MULTIPLE_INSTRUMENT_SAME_MONTH,2019-06,SBB B/SE0009554454|SBB D/SE0011844091|SBB PREF/SE0009580715
SDIP,ISSUER_MULTIPLE_INSTRUMENT_SAME_MONTH,2019-06,SDIP B/SE0003756758|SDIP PREF/SE0006758348
ADDV,ISSUER_MULTIPLE_INSTRUMENT_SAME_MONTH,2019-06,ADDV A/SE0001306119|ADDV B/SE0007464862
ALM,ISSUER_MULTIPLE_INSTRUMENT_SAME_MONTH,2019-06,ALM/SE0000540163|ALM PREF/SE0004109627
BONE,ISSUER_MULTIPLE_INSTRUMENT_SAME_MONTH,2019-06,BONEH/FI4000260583|BONES/FI4000260583
FOOT,ISSUER_MULTIPLE_INSTRUMENT_SAME_MONTH,2019-06,FOOT B/SE0011563295|FOOT PREF/SE0007186176
LOUD,ISSUER_MULTIPLE_INSTRUMENT_SAME_MONTH,2019-06,LOUD/FI4000092523|LOUDS/FI4000092523
NXTM,ISSUER_MULTIPLE_INSTRUMENT_SAME_MONTH,2019-06,NXTMH/FI4000354162|NXTMS/FI4000354162
QUART,ISSUER_MULTIPLE_INSTRUMENT_SAME_MONTH,2019-06,QUART/SE0009697204|QUART PREF/SE0009697212
SAVOS,ISSUER_MULTIPLE_INSTRUMENT_SAME_MONTH,2019-06,SAVOH/FI4000123096|SAVOS/FI4000123096
TOBIN,ISSUER_MULTIPLE_INSTRUMENT_SAME_MONTH,2019-06,TOBIN/SE0006026985|TOBIN PREF/SE0006117487
AMAST,ISSUER_MULTIPLE_INSTRUMENT_SAME_MONTH,2019-07,AMAST/SE0005034550|AMAST PREF/SE0005933322
PRIME,ISSUER_MULTIPLE_INSTRUMENT_SAME_MONTH,2019-07,PRIME/SE0006422309|PRIME PREF B/SE0006422317
SBB,ISSUER_MULTIPLE_INSTRUMENT_SAME_MONTH,2019-07,SBB B/SE0009554454|SBB D/SE0011844091|SBB PREF/SE0009580715
SDIP,ISSUER_MULTIPLE_INSTRUMENT_SAME_MONTH,2019-07,SDIP B/SE0003756758|SDIP PREF/SE0006758348
ADDV,ISSUER_MULTIPLE_INSTRUMENT_SAME_MONTH,2019-07,ADDV A/SE0001306119|ADDV B/SE0007464862
ALM,ISSUER_MULTIPLE_INSTRUMENT_SAME_MONTH,2019-07,ALM/SE0000540163|ALM PREF/SE0004109627
BONE,ISSUER_MULTIPLE_INSTRUMENT_SAME_MONTH,2019-07,BONEH/FI4000260583|BONES/FI4000260583
FOOT,ISSUER_MULTIPLE_INSTRUMENT_SAME_MONTH,2019-07,FOOT B/SE0011563295|FOOT PREF/SE0007186176
LOUD,ISSUER_MULTIPLE_INSTRUMENT_SAME_MONTH,2019-07,LOUD/FI4000092523|LOUDS/FI4000092523
NXTM,ISSUER_MULTIPLE_INSTRUMENT_SAME_MONTH,2019-07,NXTMH/FI4000354162|NXTMS/FI4000354162
QUART,ISSUER_MULTIPLE_INSTRUMENT_SAME_MONTH,2019-07,QUART/SE0009697204|QUART PREF/SE0009697212
SAVOS,ISSUER_MULTIPLE_INSTRUMENT_SAME_MONTH,2019-07,SAVOH/FI4000123096|SAVOS/FI4000123096
AMAST,ISSUER_MULTIPLE_INSTRUMENT_SAME_MONTH,2019-08,AMAST/SE0005034550|AMAST PREF/SE0005933322
PRIME,ISSUER_MULTIPLE_INSTRUMENT_SAME_MONTH,2019-08,PRIME/SE0006422309|PRIME PREF B/SE0006422317
SBB,ISSUER_MULTIPLE_INSTRUMENT_SAME_MONTH,2019-08,SBB B/SE0009554454|SBB D/SE0011844091|SBB PREF/SE0009580715
SDIP,ISSUER_MULTIPLE_INSTRUMENT_SAME_MONTH,2019-08,SDIP B/SE0003756758|SDIP PREF/SE0006758348
ADDV,ISSUER_MULTIPLE_INSTRUMENT_SAME_MONTH,2019-08,ADDV A/SE0001306119|ADDV B/SE0007464862
ALM,ISSUER_MULTIPLE_INSTRUMENT_SAME_MONTH,2019-08,ALM/SE0000540163|ALM PREF/SE0004109627
BONE,ISSUER_MULTIPLE_INSTRUMENT_SAME_MONTH,2019-08,BONEH/FI4000260583|BONES/FI4000260583
FOOT,ISSUER_MULTIPLE_INSTRUMENT_SAME_MONTH,2019-08,FOOT B/SE0011563295|FOOT PREF/SE0007186176
LOUD,ISSUER_MULTIPLE_INSTRUMENT_SAME_MONTH,2019-08,LOUD/FI4000092523|LOUDS/FI4000092523
NXTM,ISSUER_MULTIPLE_INSTRUMENT_SAME_MONTH,2019-08,NXTMH/FI4000354162|NXTMS/FI4000354162
QUART,ISSUER_MULTIPLE_INSTRUMENT_SAME_MONTH,2019-08,QUART/SE0009697204|QUART PREF/SE0009697212
SAVOS,ISSUER_MULTIPLE_INSTRUMENT_SAME_MONTH,2019-08,SAVOH/FI4000123096|SAVOS/FI4000123096
AMAST,ISSUER_MULTIPLE_INSTRUMENT_SAME_MONTH,2019-09,AMAST/SE0005034550|AMAST PREF/SE0005933322
PRIME,ISSUER_MULTIPLE_INSTRUMENT_SAME_MONTH,2019-09,PRIME/SE0006422309|PRIME PREF B/SE0006422317
SDIP,ISSUER_MULTIPLE_INSTRUMENT_SAME_MONTH,2019-09,SDIP B/SE0003756758|SDIP PREF/SE0006758348
ADDV,ISSUER_MULTIPLE_INSTRUMENT_SAME_MONTH,2019-09,ADDV A/SE0001306119|ADDV B/SE0007464862
ALM,ISSUER_MULTIPLE_INSTRUMENT_SAME_MONTH,2019-09,ALM/SE0000540163|ALM PREF/SE0004109627
BONE,ISSUER_MULTIPLE_INSTRUMENT_SAME_MONTH,2019-09,BONEH/FI4000260583|BONES/FI4000260583
FOOT,ISSUER_MULTIPLE_INSTRUMENT_SAME_MONTH,2019-09,FOOT B/SE0011563295|FOOT PREF/SE0007186176
LOUD,ISSUER_MULTIPLE_INSTRUMENT_SAME_MONTH,2019-09,LOUD/FI4000092523|LOUDS/FI4000092523
NXTM,ISSUER_MULTIPLE_INSTRUMENT_SAME_MONTH,2019-09,NXTMH/FI4000354162|NXTMS/FI4000354162
QUART,ISSUER_MULTIPLE_INSTRUMENT_SAME_MONTH,2019-09,QUART/SE0009697204|QUART PREF/SE0009697212
SAVOS,ISSUER_MULTIPLE_INSTRUMENT_SAME_MONTH,2019-09,SAVOH/FI4000123096|SAVOS/FI4000123096
AMAST,ISSUER_MULTIPLE_INSTRUMENT_SAME_MONTH,2019-10,AMAST/SE0005034550|AMAST PREF/SE0005933322
PRIME,ISSUER_MULTIPLE_INSTRUMENT_SAME_MONTH,2019-10,PRIME/SE0006422309|PRIME PREF B/SE0006422317
SDIP,ISSUER_MULTIPLE_INSTRUMENT_SAME_MONTH,2019-10,SDIP B/SE0003756758|SDIP PREF/SE0006758348
ADDV,ISSUER_MULTIPLE_INSTRUMENT_SAME_MONTH,2019-10,ADDV A/SE0001306119|ADDV B/SE0007464862
AKEL,ISSUER_MULTIPLE_INSTRUMENT_SAME_MONTH,2019-10,AKEL D/SE0013110186|AKEL PREF/SE0005936713
ALM,ISSUER_MULTIPLE_INSTRUMENT_SAME_MONTH,2019-10,ALM/SE0000540163|ALM PREF/SE0004109627
BONE,ISSUER_MULTIPLE_INSTRUMENT_SAME_MONTH,2019-10,BONEH/FI4000260583|BONES/FI4000260583
FOOT,ISSUER_MULTIPLE_INSTRUMENT_SAME_MONTH,2019-10,FOOT B/SE0011563295|FOOT PREF/SE0007186176
LOUD,ISSUER_MULTIPLE_INSTRUMENT_SAME_MONTH,2019-10,LOUD/FI4000092523|LOUDS/FI4000092523
NXTM,ISSUER_MULTIPLE_INSTRUMENT_SAME_MONTH,2019-10,NXTMH/FI4000354162|NXTMS/FI4000354162
QUART,ISSUER_MULTIPLE_INSTRUMENT_SAME_MONTH,2019-10,QUART/SE0009697204|QUART PREF/SE0009697212
SAVOS,ISSUER_MULTIPLE_INSTRUMENT_SAME_MONTH,2019-10,SAVOH/FI4000123096|SAVOS/FI4000123096
AMAST,ISSUER_MULTIPLE_INSTRUMENT_SAME_MONTH,2019-11,AMAST/SE0005034550|AMAST PREF/SE0005933322
PRIME,ISSUER_MULTIPLE_INSTRUMENT_SAME_MONTH,2019-11,PRIME/SE0006422309|PRIME PREF B/SE0006422317
SDIP,ISSUER_MULTIPLE_INSTRUMENT_SAME_MONTH,2019-11,SDIP B/SE0003756758|SDIP PREF/SE0006758348
ADDV,ISSUER_MULTIPLE_INSTRUMENT_SAME_MONTH,2019-11,ADDV A/SE0001306119|ADDV B/SE0007464862
AKEL,ISSUER_MULTIPLE_INSTRUMENT_SAME_MONTH,2019-11,AKEL D/SE0013110186|AKEL PREF/SE0005936713
ALM,ISSUER_MULTIPLE_INSTRUMENT_SAME_MONTH,2019-11,ALM/SE0000540163|ALM PREF/SE0004109627
BONE,ISSUER_MULTIPLE_INSTRUMENT_SAME_MONTH,2019-11,BONEH/FI4000260583|BONES/FI4000260583
FOOT,ISSUER_MULTIPLE_INSTRUMENT_SAME_MONTH,2019-11,FOOT B/SE0011563295|FOOT PREF/SE0007186176
LOUD,ISSUER_MULTIPLE_INSTRUMENT_SAME_MONTH,2019-11,LOUD/FI4000092523|LOUDS/FI4000092523
NXTM,ISSUER_MULTIPLE_INSTRUMENT_SAME_MONTH,2019-11,NXTMH/FI4000354162|NXTMS/FI4000354162
QUART,ISSUER_MULTIPLE_INSTRUMENT_SAME_MONTH,2019-11,QUART/SE0009697204|QUART PREF/SE0009697212
SAVOS,ISSUER_MULTIPLE_INSTRUMENT_SAME_MONTH,2019-11,SAVOH/FI4000123096|SAVOS/FI4000123096
AMAST,ISSUER_MULTIPLE_INSTRUMENT_SAME_MONTH,2019-12,AMAST/SE0005034550|AMAST PREF/SE0005933322
PRIME,ISSUER_MULTIPLE_INSTRUMENT_SAME_MONTH,2019-12,PRIME/SE0006422309|PRIME PREF B/SE0006422317
SDIP,ISSUER_MULTIPLE_INSTRUMENT_SAME_MONTH,2019-12,SDIP B/SE0003756758|SDIP PREF/SE0006758348
ADDV,ISSUER_MULTIPLE_INSTRUMENT_SAME_MONTH,2019-12,ADDV A/SE0001306119|ADDV B/SE0007464862
ALM,ISSUER_MULTIPLE_INSTRUMENT_SAME_MONTH,2019-12,ALM/SE0000540163|ALM PREF/SE0004109627
BONE,ISSUER_MULTIPLE_INSTRUMENT_SAME_MONTH,2019-12,BONEH/FI4000260583|BONES/FI4000260583
FOOT,ISSUER_MULTIPLE_INSTRUMENT_SAME_MONTH,2019-12,FOOT B/SE0011563295|FOOT PREF/SE0007186176
HRTIS,ISSUER_MULTIPLE_INSTRUMENT_SAME_MONTH,2019-12,HRNTS/FI4000087861|HRTIS/FI4000087861
LOUD,ISSUER_MULTIPLE_INSTRUMENT_SAME_MONTH,2019-12,LOUD/FI4000092523|LOUDS/FI4000092523
NXTM,ISSUER_MULTIPLE_INSTRUMENT_SAME_MONTH,2019-12,NXTMH/FI4000354162|NXTMS/FI4000354162
QUART,ISSUER_MULTIPLE_INSTRUMENT_SAME_MONTH,2019-12,QUART/SE0009697204|QUART PREF/SE0009697212
SAVOS,ISSUER_MULTIPLE_INSTRUMENT_SAME_MONTH,2019-12,SAVOH/FI4000123096|SAVOS/FI4000123096
AMAST,ISSUER_MULTIPLE_INSTRUMENT_SAME_MONTH,2020-01,AMAST/SE0005034550|AMAST PREF/SE0005933322
PRIME,ISSUER_MULTIPLE_INSTRUMENT_SAME_MONTH,2020-01,PRIME/SE0006422309|PRIME PREF B/SE0006422317
SDIP,ISSUER_MULTIPLE_INSTRUMENT_SAME_MONTH,2020-01,SDIP B/SE0003756758|SDIP PREF/SE0006758348
ADDV,ISSUER_MULTIPLE_INSTRUMENT_SAME_MONTH,2020-01,ADDV A/SE0001306119|ADDV B/SE0007464862
ALM,ISSUER_MULTIPLE_INSTRUMENT_SAME_MONTH,2020-01,ALM/SE0000540163|ALM PREF/SE0004109627
BONE,ISSUER_MULTIPLE_INSTRUMENT_SAME_MONTH,2020-01,BONEH/FI4000260583|BONES/FI4000260583
FOOT,ISSUER_MULTIPLE_INSTRUMENT_SAME_MONTH,2020-01,FOOT B/SE0011563295|FOOT PREF/SE0007186176
HRTIS,ISSUER_MULTIPLE_INSTRUMENT_SAME_MONTH,2020-01,HRNTS/FI4000087861|HRTIS/FI4000087861
LOUD,ISSUER_MULTIPLE_INSTRUMENT_SAME_MONTH,2020-01,LOUD/FI4000092523|LOUDS/FI4000092523
NXTM,ISSUER_MULTIPLE_INSTRUMENT_SAME_MONTH,2020-01,NXTMH/FI4000354162|NXTMS/FI4000354162
QUART,ISSUER_MULTIPLE_INSTRUMENT_SAME_MONTH,2020-01,QUART/SE0009697204|QUART PREF/SE0009697212
SAVOS,ISSUER_MULTIPLE_INSTRUMENT_SAME_MONTH,2020-01,SAVOH/FI4000123096|SAVOS/FI4000123096
AMAST,ISSUER_MULTIPLE_INSTRUMENT_SAME_MONTH,2020-02,AMAST/SE0005034550|AMAST PREF/SE0005933322
PRIME,ISSUER_MULTIPLE_INSTRUMENT_SAME_MONTH,2020-02,PRIME/SE0006422309|PRIME PREF B/SE0006422317
SDIP,ISSUER_MULTIPLE_INSTRUMENT_SAME_MONTH,2020-02,SDIP B/SE0003756758|SDIP PREF/SE0006758348
ADDV,ISSUER_MULTIPLE_INSTRUMENT_SAME_MONTH,2020-02,ADDV A/SE0001306119|ADDV B/SE0007464862
ALM,ISSUER_MULTIPLE_INSTRUMENT_SAME_MONTH,2020-02,ALM/SE0000540163|ALM PREF/SE0004109627
BONE,ISSUER_MULTIPLE_INSTRUMENT_SAME_MONTH,2020-02,BONEH/FI4000260583|BONES/FI4000260583
FOOT,ISSUER_MULTIPLE_INSTRUMENT_SAME_MONTH,2020-02,FOOT B/SE0011563295|FOOT PREF/SE0007186176
HRTIS,ISSUER_MULTIPLE_INSTRUMENT_SAME_MONTH,2020-02,HRNTS/FI4000087861|HRTIS/FI4000087861
LOUD,ISSUER_MULTIPLE_INSTRUMENT_SAME_MONTH,2020-02,LOUD/FI4000092523|LOUDS/FI4000092523
NXTM,ISSUER_MULTIPLE_INSTRUMENT_SAME_MONTH,2020-02,NXTMH/FI4000354162|NXTMS/FI4000354162
QUART,ISSUER_MULTIPLE_INSTRUMENT_SAME_MONTH,2020-02,QUART/SE0009697204|QUART PREF/SE0009697212
SAVOS,ISSUER_MULTIPLE_INSTRUMENT_SAME_MONTH,2020-02,SAVOH/FI4000123096|SAVOS/FI4000123096
AMAST,ISSUER_MULTIPLE_INSTRUMENT_SAME_MONTH,2020-03,AMAST/SE0005034550|AMAST PREF/SE0005933322
PRIME,ISSUER_MULTIPLE_INSTRUMENT_SAME_MONTH,2020-03,PRIME/SE0006422309|PRIME PREF B/SE0006422317
SDIP,ISSUER_MULTIPLE_INSTRUMENT_SAME_MONTH,2020-03,SDIP B/SE0003756758|SDIP PREF/SE0006758348
ADDV,ISSUER_MULTIPLE_INSTRUMENT_SAME_MONTH,2020-03,ADDV A/SE0001306119|ADDV B/SE0007464862
ALM,ISSUER_MULTIPLE_INSTRUMENT_SAME_MONTH,2020-03,ALM/SE0000540163|ALM PREF/SE0004109627
BONE,ISSUER_MULTIPLE_INSTRUMENT_SAME_MONTH,2020-03,BONEH/FI4000260583|BONES/FI4000260583
FOOT,ISSUER_MULTIPLE_INSTRUMENT_SAME_MONTH,2020-03,FOOT B/SE0011563295|FOOT PREF/SE0007186176
HRTIS,ISSUER_MULTIPLE_INSTRUMENT_SAME_MONTH,2020-03,HRNTS/FI4000087861|HRTIS/FI4000087861
LOUD,ISSUER_MULTIPLE_INSTRUMENT_SAME_MONTH,2020-03,LOUD/FI4000092523|LOUDS/FI4000092523
NXTM,ISSUER_MULTIPLE_INSTRUMENT_SAME_MONTH,2020-03,NXTMH/FI4000354162|NXTMS/FI4000354162
QUART,ISSUER_MULTIPLE_INSTRUMENT_SAME_MONTH,2020-03,QUART/SE0009697204|QUART PREF/SE0009697212
SAVOS,ISSUER_MULTIPLE_INSTRUMENT_SAME_MONTH,2020-03,SAVOH/FI4000123096|SAVOS/FI4000123096
AMAST,ISSUER_MULTIPLE_INSTRUMENT_SAME_MONTH,2020-04,AMAST/SE0005034550|AMAST PREF/SE0005933322
PRIME,ISSUER_MULTIPLE_INSTRUMENT_SAME_MONTH,2020-04,PRIME/SE0006422309|PRIME PREF B/SE0006422317
SDIP,ISSUER_MULTIPLE_INSTRUMENT_SAME_MONTH,2020-04,SDIP B/SE0003756758|SDIP PREF/SE0006758348
ADDV,ISSUER_MULTIPLE_INSTRUMENT_SAME_MONTH,2020-04,ADDV A/SE0001306119|ADDV B/SE0007464862
ALM,ISSUER_MULTIPLE_INSTRUMENT_SAME_MONTH,2020-04,ALM/SE0000540163|ALM PREF/SE0004109627
BONE,ISSUER_MULTIPLE_INSTRUMENT_SAME_MONTH,2020-04,BONEH/FI4000260583|BONES/FI4000260583
FOOT,ISSUER_MULTIPLE_INSTRUMENT_SAME_MONTH,2020-04,FOOT B/SE0011563295|FOOT PREF/SE0007186176
HRTIS,ISSUER_MULTIPLE_INSTRUMENT_SAME_MONTH,2020-04,HRNTS/FI4000087861|HRTIS/FI4000087861
LOUD,ISSUER_MULTIPLE_INSTRUMENT_SAME_MONTH,2020-04,LOUD/FI4000092523|LOUDS/FI4000092523
NXTM,ISSUER_MULTIPLE_INSTRUMENT_SAME_MONTH,2020-04,NXTMH/FI4000354162|NXTMS/FI4000354162
QUART,ISSUER_MULTIPLE_INSTRUMENT_SAME_MONTH,2020-04,QUART/SE0009697204|QUART PREF/SE0009697212
SAVOS,ISSUER_MULTIPLE_INSTRUMENT_SAME_MONTH,2020-04,SAVOH/FI4000425848|SAVOS/FI4000425848
AMAST,ISSUER_MULTIPLE_INSTRUMENT_SAME_MONTH,2020-05,AMAST/SE0005034550|AMAST PREF/SE0005933322
PRIME,ISSUER_MULTIPLE_INSTRUMENT_SAME_MONTH,2020-05,PRIME/SE0006422309|PRIME PREF B/SE0006422317|PRIME PREF C/SE0013647054
SDIP,ISSUER_MULTIPLE_INSTRUMENT_SAME_MONTH,2020-05,SDIP B/SE0003756758|SDIP PREF/SE0006758348
ADDV,ISSUER_MULTIPLE_INSTRUMENT_SAME_MONTH,2020-05,ADDV A/SE0001306119|ADDV B/SE0007464862
ALM,ISSUER_MULTIPLE_INSTRUMENT_SAME_MONTH,2020-05,ALM/SE0000540163|ALM PREF/SE0004109627
BONE,ISSUER_MULTIPLE_INSTRUMENT_SAME_MONTH,2020-05,BONEH/FI4000260583|BONES/FI4000260583
FOOT,ISSUER_MULTIPLE_INSTRUMENT_SAME_MONTH,2020-05,FOOT B/SE0011563295|FOOT PREF/SE0007186176
HRTIS,ISSUER_MULTIPLE_INSTRUMENT_SAME_MONTH,2020-05,HRNTS/FI4000087861|HRTIS/FI4000087861
LOUD,ISSUER_MULTIPLE_INSTRUMENT_SAME_MONTH,2020-05,LOUD/FI4000092523|LOUDS/FI4000092523
NXTM,ISSUER_MULTIPLE_INSTRUMENT_SAME_MONTH,2020-05,NXTMH/FI4000354162|NXTMHN0120/FI4000429212|NXTMS/FI4000354162
QUART,ISSUER_MULTIPLE_INSTRUMENT_SAME_MONTH,2020-05,QUART/SE0009697204|QUART PREF/SE0009697212
SAVOS,ISSUER_MULTIPLE_INSTRUMENT_SAME_MONTH,2020-05,SAVOH/FI4000425848|SAVOS/FI4000425848
AMAST,ISSUER_MULTIPLE_INSTRUMENT_SAME_MONTH,2020-06,AMAST/SE0005034550|AMAST PREF/SE0005933322
NANOFH,ISSUER_MULTIPLE_INSTRUMENT_SAME_MONTH,2020-06,NANOFH/FI4000330972|NANOFS/FI4000330972
PRIME,ISSUER_MULTIPLE_INSTRUMENT_SAME_MONTH,2020-06,PRIME/SE0006422309|PRIME PREF B/SE0006422317|PRIME PREF C/SE0013647054
SDIP,ISSUER_MULTIPLE_INSTRUMENT_SAME_MONTH,2020-06,SDIP B/SE0003756758|SDIP PREF/SE0006758348
ADDV,ISSUER_MULTIPLE_INSTRUMENT_SAME_MONTH,2020-06,ADDV A/SE0001306119|ADDV B/SE0007464862
ALM,ISSUER_MULTIPLE_INSTRUMENT_SAME_MONTH,2020-06,ALM/SE0000540163|ALM PREF/SE0004109627
BONE,ISSUER_MULTIPLE_INSTRUMENT_SAME_MONTH,2020-06,BONEH/FI4000260583|BONES/FI4000260583
FOOT,ISSUER_MULTIPLE_INSTRUMENT_SAME_MONTH,2020-06,FOOT B/SE0011563295|FOOT PREF/SE0007186176
HRTIS,ISSUER_MULTIPLE_INSTRUMENT_SAME_MONTH,2020-06,HRNTS/FI4000087861|HRTIS/FI4000087861
LOUD,ISSUER_MULTIPLE_INSTRUMENT_SAME_MONTH,2020-06,LOUD/FI4000092523|LOUDS/FI4000092523
NXTM,ISSUER_MULTIPLE_INSTRUMENT_SAME_MONTH,2020-06,NXTMH/FI4000354162|NXTMS/FI4000354162
QUART,ISSUER_MULTIPLE_INSTRUMENT_SAME_MONTH,2020-06,QUART/SE0009697204|QUART PREF/SE0009697212
SAVOS,ISSUER_MULTIPLE_INSTRUMENT_SAME_MONTH,2020-06,SAVOH/FI4000425848|SAVOS/FI4000425848
AMAST,ISSUER_MULTIPLE_INSTRUMENT_SAME_MONTH,2020-07,AMAST/SE0005034550|AMAST PREF/SE0005933322
PRIME,ISSUER_MULTIPLE_INSTRUMENT_SAME_MONTH,2020-07,PRIME/SE0006422309|PRIME PREF B/SE0006422317|PRIME PREF C/SE0013647054
SDIP,ISSUER_MULTIPLE_INSTRUMENT_SAME_MONTH,2020-07,SDIP B/SE0003756758|SDIP PREF/SE0006758348
ADDV,ISSUER_MULTIPLE_INSTRUMENT_SAME_MONTH,2020-07,ADDV A/SE0001306119|ADDV B/SE0007464862
ALM,ISSUER_MULTIPLE_INSTRUMENT_SAME_MONTH,2020-07,ALM/SE0000540163|ALM PREF/SE0004109627
BONE,ISSUER_MULTIPLE_INSTRUMENT_SAME_MONTH,2020-07,BONEH/FI4000260583|BONES/FI4000260583
FOOT,ISSUER_MULTIPLE_INSTRUMENT_SAME_MONTH,2020-07,FOOT B/SE0011563295|FOOT PREF/SE0007186176
HRTIS,ISSUER_MULTIPLE_INSTRUMENT_SAME_MONTH,2020-07,HRNTS/FI4000087861|HRTIS/FI4000087861
LOUD,ISSUER_MULTIPLE_INSTRUMENT_SAME_MONTH,2020-07,LOUD/FI4000092523|LOUDS/FI4000092523
NXTM,ISSUER_MULTIPLE_INSTRUMENT_SAME_MONTH,2020-07,NXTMH/FI4000354162|NXTMS/FI4000354162
QUART,ISSUER_MULTIPLE_INSTRUMENT_SAME_MONTH,2020-07,QUART/SE0009697204|QUART PREF/SE0009697212
SAVOS,ISSUER_MULTIPLE_INSTRUMENT_SAME_MONTH,2020-07,SAVOH/FI4000425848|SAVOS/FI4000425848
AMAST,ISSUER_MULTIPLE_INSTRUMENT_SAME_MONTH,2020-08,AMAST/SE0005034550|AMAST PREF/SE0005933322
PRIME,ISSUER_MULTIPLE_INSTRUMENT_SAME_MONTH,2020-08,PRIME/SE0006422309|PRIME PREF B/SE0006422317|PRIME PREF C/SE0013647054
SDIP,ISSUER_MULTIPLE_INSTRUMENT_SAME_MONTH,2020-08,SDIP B/SE0003756758|SDIP PREF/SE0006758348
ADDV,ISSUER_MULTIPLE_INSTRUMENT_SAME_MONTH,2020-08,ADDV A/SE0001306119|ADDV B/SE0007464862
ALM,ISSUER_MULTIPLE_INSTRUMENT_SAME_MONTH,2020-08,ALM/SE0000540163|ALM PREF/SE0004109627
BONE,ISSUER_MULTIPLE_INSTRUMENT_SAME_MONTH,2020-08,BONEH/FI4000260583|BONES/FI4000260583
FOOT,ISSUER_MULTIPLE_INSTRUMENT_SAME_MONTH,2020-08,FOOT B/SE0011563295|FOOT PREF/SE0007186176
HRTIS,ISSUER_MULTIPLE_INSTRUMENT_SAME_MONTH,2020-08,HRNTS/FI4000087861|HRTIS/FI4000087861
LOUD,ISSUER_MULTIPLE_INSTRUMENT_SAME_MONTH,2020-08,LOUD/FI4000092523|LOUDS/FI4000092523
NXTM,ISSUER_MULTIPLE_INSTRUMENT_SAME_MONTH,2020-08,NXTMH/FI4000354162|NXTMS/FI4000354162
QUART,ISSUER_MULTIPLE_INSTRUMENT_SAME_MONTH,2020-08,QUART/SE0009697204|QUART PREF/SE0009697212
SAVOS,ISSUER_MULTIPLE_INSTRUMENT_SAME_MONTH,2020-08,SAVOH/FI4000425848|SAVOS/FI4000425848
AMAST,ISSUER_MULTIPLE_INSTRUMENT_SAME_MONTH,2020-09,AMAST/SE0005034550|AMAST PREF/SE0005933322
NANOFH,ISSUER_MULTIPLE_INSTRUMENT_SAME_MONTH,2020-09,NANOFH/FI4000330972|NANOFS/FI4000330972
PRIME,ISSUER_MULTIPLE_INSTRUMENT_SAME_MONTH,2020-09,PRIME/SE0006422309|PRIME PREF B/SE0006422317|PRIME PREF C/SE0013647054
SDIP,ISSUER_MULTIPLE_INSTRUMENT_SAME_MONTH,2020-09,SDIP B/SE0003756758|SDIP PREF/SE0006758348
ADDV,ISSUER_MULTIPLE_INSTRUMENT_SAME_MONTH,2020-09,ADDV A/SE0001306119|ADDV B/SE0007464862
ALM,ISSUER_MULTIPLE_INSTRUMENT_SAME_MONTH,2020-09,ALM/SE0000540163|ALM PREF/SE0004109627
BONE,ISSUER_MULTIPLE_INSTRUMENT_SAME_MONTH,2020-09,BONEH/FI4000260583|BONES/FI4000260583
FOOT,ISSUER_MULTIPLE_INSTRUMENT_SAME_MONTH,2020-09,FOOT B/SE0011563295|FOOT PREF/SE0007186176
HRTIS,ISSUER_MULTIPLE_INSTRUMENT_SAME_MONTH,2020-09,HRNTS/FI4000087861|HRTIS/FI4000087861
LOUD,ISSUER_MULTIPLE_INSTRUMENT_SAME_MONTH,2020-09,LOUD/FI4000092523|LOUDS/FI4000092523
NXTM,ISSUER_MULTIPLE_INSTRUMENT_SAME_MONTH,2020-09,NXTMH/FI4000354162|NXTMS/FI4000354162
QUART,ISSUER_MULTIPLE_INSTRUMENT_SAME_MONTH,2020-09,QUART/SE0009697204|QUART PREF/SE0009697212
SAVOS,ISSUER_MULTIPLE_INSTRUMENT_SAME_MONTH,2020-09,SAVOH/FI4000425848|SAVOS/FI4000425848
AMAST,ISSUER_MULTIPLE_INSTRUMENT_SAME_MONTH,2020-10,AMAST/SE0005034550|AMAST PREF/SE0005933322
NANOFH,ISSUER_MULTIPLE_INSTRUMENT_SAME_MONTH,2020-10,NANOFH/FI4000330972|NANOFS/FI4000330972
PRIME,ISSUER_MULTIPLE_INSTRUMENT_SAME_MONTH,2020-10,PRIME/SE0006422309|PRIME PREF B/SE0006422317|PRIME PREF C/SE0013647054
SDIP,ISSUER_MULTIPLE_INSTRUMENT_SAME_MONTH,2020-10,SDIP B/SE0003756758|SDIP PREF/SE0006758348
ADDV,ISSUER_MULTIPLE_INSTRUMENT_SAME_MONTH,2020-10,ADDV A/SE0001306119|ADDV B/SE0007464862
ALM,ISSUER_MULTIPLE_INSTRUMENT_SAME_MONTH,2020-10,ALM/SE0000540163|ALM PREF/SE0004109627
BONE,ISSUER_MULTIPLE_INSTRUMENT_SAME_MONTH,2020-10,BONEH/FI4000260583|BONES/FI4000260583
FOOT,ISSUER_MULTIPLE_INSTRUMENT_SAME_MONTH,2020-10,FOOT B/SE0011563295|FOOT PREF/SE0007186176
HRTIS,ISSUER_MULTIPLE_INSTRUMENT_SAME_MONTH,2020-10,HRNTS/FI4000087861|HRTIS/FI4000087861
LOUD,ISSUER_MULTIPLE_INSTRUMENT_SAME_MONTH,2020-10,LOUD/FI4000092523|LOUDS/FI4000092523
NXTM,ISSUER_MULTIPLE_INSTRUMENT_SAME_MONTH,2020-10,NXTMH/FI4000354162|NXTMS/FI4000354162
QUART,ISSUER_MULTIPLE_INSTRUMENT_SAME_MONTH,2020-10,QUART/SE0009697204|QUART PREF/SE0009697212
SAVOS,ISSUER_MULTIPLE_INSTRUMENT_SAME_MONTH,2020-10,SAVOH/FI4000425848|SAVOS/FI4000425848
AMAST,ISSUER_MULTIPLE_INSTRUMENT_SAME_MONTH,2020-12,AMAST/SE0005034550|AMAST PREF/SE0005933322
NANOFH,ISSUER_MULTIPLE_INSTRUMENT_SAME_MONTH,2020-12,NANOFH/FI4000330972|NANOFS/FI4000330972
SDIP,ISSUER_MULTIPLE_INSTRUMENT_SAME_MONTH,2020-12,SDIP B/SE0003756758|SDIP PREF/SE0006758348
STUDBO,ISSUER_MULTIPLE_INSTRUMENT_SAME_MONTH,2020-12,STUDBO/SE0006422309|STUDBO PREF C/SE0013647054
ADDV,ISSUER_MULTIPLE_INSTRUMENT_SAME_MONTH,2020-12,ADDV A/SE0001306119|ADDV B/SE0007464862
ALM,ISSUER_MULTIPLE_INSTRUMENT_SAME_MONTH,2020-12,ALM/SE0000540163|ALM PREF/SE0004109627
AROS,ISSUER_MULTIPLE_INSTRUMENT_SAME_MONTH,2020-12,AROS PREF A/SE0015243712|AROS PREF B/SE0015195706
BONE,ISSUER_MULTIPLE_INSTRUMENT_SAME_MONTH,2020-12,BONEH/FI4000260583|BONES/FI4000260583
FOOT,ISSUER_MULTIPLE_INSTRUMENT_SAME_MONTH,2020-12,FOOT B/SE0011563295|FOOT PREF/SE0007186176
HRTIS,ISSUER_MULTIPLE_INSTRUMENT_SAME_MONTH,2020-12,HRNTS/FI4000087861|HRTIS/FI4000087861
LOUD,ISSUER_MULTIPLE_INSTRUMENT_SAME_MONTH,2020-12,LOUD/FI4000092523|LOUDS/FI4000092523
NXTM,ISSUER_MULTIPLE_INSTRUMENT_SAME_MONTH,2020-12,NXTMH/FI4000354162|NXTMS/FI4000354162
QUART,ISSUER_MULTIPLE_INSTRUMENT_SAME_MONTH,2020-12,QUART/SE0009697204|QUART PREF/SE0009697212
SAVOS,ISSUER_MULTIPLE_INSTRUMENT_SAME_MONTH,2020-12,SAVOH/FI4000425848|SAVOS/FI4000425848
NYTTO,ISSUER_MULTIPLE_INSTRUMENT_SAME_MONTH,2020-12,NYTTO/SE0014808853|NYTTO PREF/SE0014808861
AMAST,ISSUER_MULTIPLE_INSTRUMENT_SAME_MONTH,2021-01,AMAST/SE0005034550|AMAST PREF/SE0005933322
NANOFH,ISSUER_MULTIPLE_INSTRUMENT_SAME_MONTH,2021-01,NANOFH/FI4000330972|NANOFS/FI4000330972
SDIP,ISSUER_MULTIPLE_INSTRUMENT_SAME_MONTH,2021-01,SDIP B/SE0003756758|SDIP PREF/SE0006758348
STUDBO,ISSUER_MULTIPLE_INSTRUMENT_SAME_MONTH,2021-01,STUDBO/SE0006422309|STUDBO PREF C/SE0013647054
ADDV,ISSUER_MULTIPLE_INSTRUMENT_SAME_MONTH,2021-01,ADDV A/SE0001306119|ADDV B/SE0007464862
ALM,ISSUER_MULTIPLE_INSTRUMENT_SAME_MONTH,2021-01,ALM/SE0000540163|ALM PREF/SE0004109627
AROS,ISSUER_MULTIPLE_INSTRUMENT_SAME_MONTH,2021-01,AROS PREF A/SE0015243712|AROS PREF B/SE0015195706
BONE,ISSUER_MULTIPLE_INSTRUMENT_SAME_MONTH,2021-01,BONEH/FI4000260583|BONES/FI4000260583
FOOT,ISSUER_MULTIPLE_INSTRUMENT_SAME_MONTH,2021-01,FOOT B/SE0011563295|FOOT PREF/SE0007186176
HRTIS,ISSUER_MULTIPLE_INSTRUMENT_SAME_MONTH,2021-01,HRNTS/FI4000087861|HRTIS/FI4000087861
LOUD,ISSUER_MULTIPLE_INSTRUMENT_SAME_MONTH,2021-01,LOUD/FI4000092523|LOUDS/FI4000092523
NXTM,ISSUER_MULTIPLE_INSTRUMENT_SAME_MONTH,2021-01,NXTMH/FI4000354162|NXTMS/FI4000354162
QUART,ISSUER_MULTIPLE_INSTRUMENT_SAME_MONTH,2021-01,QUART/SE0009697204|QUART PREF/SE0009697212
SAVOS,ISSUER_MULTIPLE_INSTRUMENT_SAME_MONTH,2021-01,SAVOH/FI4000425848|SAVOS/FI4000425848
NYTTO,ISSUER_MULTIPLE_INSTRUMENT_SAME_MONTH,2021-01,NYTTO/SE0014808853|NYTTO PREF/SE0014808861
AMAST,ISSUER_MULTIPLE_INSTRUMENT_SAME_MONTH,2021-02,AMAST/SE0005034550|AMAST PREF/SE0005933322
SDIP,ISSUER_MULTIPLE_INSTRUMENT_SAME_MONTH,2021-02,SDIP B/SE0003756758|SDIP PREF/SE0006758348
STUDBO,ISSUER_MULTIPLE_INSTRUMENT_SAME_MONTH,2021-02,STUDBO/SE0006422309|STUDBO PREF C/SE0013647054
ADDV,ISSUER_MULTIPLE_INSTRUMENT_SAME_MONTH,2021-02,ADDV A/SE0001306119|ADDV B/SE0007464862
ALM,ISSUER_MULTIPLE_INSTRUMENT_SAME_MONTH,2021-02,ALM/SE0000540163|ALM PREF/SE0004109627
AROS,ISSUER_MULTIPLE_INSTRUMENT_SAME_MONTH,2021-02,AROS PREF A/SE0015243712|AROS PREF B/SE0015195706
BONE,ISSUER_MULTIPLE_INSTRUMENT_SAME_MONTH,2021-02,BONEH/FI4000260583|BONES/FI4000260583
FOOT,ISSUER_MULTIPLE_INSTRUMENT_SAME_MONTH,2021-02,FOOT B/SE0011563295|FOOT PREF/SE0007186176
HRTIS,ISSUER_MULTIPLE_INSTRUMENT_SAME_MONTH,2021-02,HRNTS/FI4000087861|HRTIS/FI4000087861
LOUD,ISSUER_MULTIPLE_INSTRUMENT_SAME_MONTH,2021-02,LOUD/FI4000092523|LOUDS/FI4000092523
NXTM,ISSUER_MULTIPLE_INSTRUMENT_SAME_MONTH,2021-02,NXTMH/FI4000354162|NXTMS/FI4000354162
QUART,ISSUER_MULTIPLE_INSTRUMENT_SAME_MONTH,2021-02,QUART/SE0009697204|QUART PREF/SE0009697212
SAVOS,ISSUER_MULTIPLE_INSTRUMENT_SAME_MONTH,2021-02,SAVOH/FI4000425848|SAVOS/FI4000425848
NYTTO,ISSUER_MULTIPLE_INSTRUMENT_SAME_MONTH,2021-02,NYTTO/SE0014808853|NYTTO PREF/SE0014808861
ACRI,ISSUER_MULTIPLE_INSTRUMENT_SAME_MONTH,2021-03,ACRI A/SE0015660014|ACRI B/SE0015660030
AMAST,ISSUER_MULTIPLE_INSTRUMENT_SAME_MONTH,2021-03,AMAST/SE0005034550|AMAST PREF/SE0005933322
NANOFH,ISSUER_MULTIPLE_INSTRUMENT_SAME_MONTH,2021-03,NANOFH/FI4000330972|NANOFS/FI4000330972
SDIP,ISSUER_MULTIPLE_INSTRUMENT_SAME_MONTH,2021-03,SDIP B/SE0003756758|SDIP PREF/SE0006758348
ADDV,ISSUER_MULTIPLE_INSTRUMENT_SAME_MONTH,2021-03,ADDV A/SE0001306119|ADDV B/SE0007464862
ALM,ISSUER_MULTIPLE_INSTRUMENT_SAME_MONTH,2021-03,ALM/SE0000540163|ALM PREF/SE0004109627
AROS,ISSUER_MULTIPLE_INSTRUMENT_SAME_MONTH,2021-03,AROS PREF A/SE0015243712|AROS PREF B/SE0015195706
BONE,ISSUER_MULTIPLE_INSTRUMENT_SAME_MONTH,2021-03,BONEH/FI4000260583|BONES/FI4000260583
FOOT,ISSUER_MULTIPLE_INSTRUMENT_SAME_MONTH,2021-03,FOOT B/SE0011563295|FOOT PREF/SE0007186176
HRTIS,ISSUER_MULTIPLE_INSTRUMENT_SAME_MONTH,2021-03,HRNTS/FI4000087861|HRTIS/FI4000087861
LOUD,ISSUER_MULTIPLE_INSTRUMENT_SAME_MONTH,2021-03,LOUD/FI4000092523|LOUDS/FI4000092523
NXTM,ISSUER_MULTIPLE_INSTRUMENT_SAME_MONTH,2021-03,NXTMH/FI4000354162|NXTMHN0121/FI4000480470|NXTMS/FI4000354162
QUART,ISSUER_MULTIPLE_INSTRUMENT_SAME_MONTH,2021-03,QUART/SE0009697204|QUART PREF/SE0009697212
SAVOS,ISSUER_MULTIPLE_INSTRUMENT_SAME_MONTH,2021-03,SAVOH/FI4000425848|SAVOS/FI4000425848
NYTTO,ISSUER_MULTIPLE_INSTRUMENT_SAME_MONTH,2021-03,NYTTO/SE0014808853|NYTTO PREF/SE0014808861
ACRI,ISSUER_MULTIPLE_INSTRUMENT_SAME_MONTH,2021-04,ACRI A/SE0015660014|ACRI B/SE0015660030
AMAST,ISSUER_MULTIPLE_INSTRUMENT_SAME_MONTH,2021-04,AMAST/SE0005034550|AMAST PREF/SE0005933322
NANOFH,ISSUER_MULTIPLE_INSTRUMENT_SAME_MONTH,2021-04,NANOFH/FI4000330972|NANOFS/FI4000330972
SDIP,ISSUER_MULTIPLE_INSTRUMENT_SAME_MONTH,2021-04,SDIP B/SE0003756758|SDIP PREF/SE0006758348
ADDV,ISSUER_MULTIPLE_INSTRUMENT_SAME_MONTH,2021-04,ADDV A/SE0001306119|ADDV B/SE0007464862
ALM,ISSUER_MULTIPLE_INSTRUMENT_SAME_MONTH,2021-04,ALM/SE0000540163|ALM PREF/SE0004109627
AROS,ISSUER_MULTIPLE_INSTRUMENT_SAME_MONTH,2021-04,AROS PREF A/SE0015243712|AROS PREF B/SE0015195706
BONE,ISSUER_MULTIPLE_INSTRUMENT_SAME_MONTH,2021-04,BONEH/FI4000260583|BONES/FI4000260583
FOOT,ISSUER_MULTIPLE_INSTRUMENT_SAME_MONTH,2021-04,FOOT B/SE0011563295|FOOT PREF/SE0007186176
HRTIS,ISSUER_MULTIPLE_INSTRUMENT_SAME_MONTH,2021-04,HRNTS/FI4000087861|HRTIS/FI4000087861
LOUD,ISSUER_MULTIPLE_INSTRUMENT_SAME_MONTH,2021-04,LOUD/FI4000092523|LOUDS/FI4000092523
NXTM,ISSUER_MULTIPLE_INSTRUMENT_SAME_MONTH,2021-04,NXTMH/FI4000354162|NXTMS/FI4000354162
QUART,ISSUER_MULTIPLE_INSTRUMENT_SAME_MONTH,2021-04,QUART/SE0009697204|QUART PREF/SE0009697212
SAVOS,ISSUER_MULTIPLE_INSTRUMENT_SAME_MONTH,2021-04,SAVOH/FI4000425848|SAVOS/FI4000425848
NYTTO,ISSUER_MULTIPLE_INSTRUMENT_SAME_MONTH,2021-04,NYTTO/SE0014808853|NYTTO PREF/SE0014808861
ACRI,ISSUER_MULTIPLE_INSTRUMENT_SAME_MONTH,2021-05,ACRI A/SE0015660014|ACRI B/SE0015660030
AMAST,ISSUER_MULTIPLE_INSTRUMENT_SAME_MONTH,2021-05,AMAST/SE0005034550|AMAST PREF/SE0005933322
NANOFH,ISSUER_MULTIPLE_INSTRUMENT_SAME_MONTH,2021-05,NANOFH/FI4000330972|NANOFS/FI4000330972
SDIP,ISSUER_MULTIPLE_INSTRUMENT_SAME_MONTH,2021-05,SDIP B/SE0003756758|SDIP PREF/SE0006758348
ADDV,ISSUER_MULTIPLE_INSTRUMENT_SAME_MONTH,2021-05,ADDV A/SE0001306119|ADDV B/SE0007464862
ALM,ISSUER_MULTIPLE_INSTRUMENT_SAME_MONTH,2021-05,ALM/SE0000540163|ALM PREF/SE0004109627
AROS,ISSUER_MULTIPLE_INSTRUMENT_SAME_MONTH,2021-05,AROS PREF A/SE0015243712|AROS PREF B/SE0015195706
BONE,ISSUER_MULTIPLE_INSTRUMENT_SAME_MONTH,2021-05,BONEH/FI4000260583|BONES/FI4000260583
FOOT,ISSUER_MULTIPLE_INSTRUMENT_SAME_MONTH,2021-05,FOOT B/SE0011563295|FOOT PREF/SE0007186176
HRTIS,ISSUER_MULTIPLE_INSTRUMENT_SAME_MONTH,2021-05,HRNTS/FI4000087861|HRTIS/FI4000087861
LOUD,ISSUER_MULTIPLE_INSTRUMENT_SAME_MONTH,2021-05,LOUD/FI4000092523|LOUDS/FI4000092523
NXTM,ISSUER_MULTIPLE_INSTRUMENT_SAME_MONTH,2021-05,NXTMH/FI4000506811|NXTMS/FI4000506811
QUART,ISSUER_MULTIPLE_INSTRUMENT_SAME_MONTH,2021-05,QUART/SE0009697204|QUART PREF/SE0009697212
SAVOS,ISSUER_MULTIPLE_INSTRUMENT_SAME_MONTH,2021-05,SAVOH/FI4000425848|SAVOS/FI4000425848
NYTTO,ISSUER_MULTIPLE_INSTRUMENT_SAME_MONTH,2021-05,NYTTO/SE0014808853|NYTTO PREF/SE0014808861
ACRI,ISSUER_MULTIPLE_INSTRUMENT_SAME_MONTH,2021-06,ACRI A/SE0015660014|ACRI B/SE0015660030
AMAST,ISSUER_MULTIPLE_INSTRUMENT_SAME_MONTH,2021-06,AMAST/SE0005034550|AMAST PREF/SE0005933322
NANOFH,ISSUER_MULTIPLE_INSTRUMENT_SAME_MONTH,2021-06,NANOFH/FI4000330972|NANOFS/FI4000330972
ADDV,ISSUER_MULTIPLE_INSTRUMENT_SAME_MONTH,2021-06,ADDV A/SE0001306119|ADDV B/SE0007464862
ALM,ISSUER_MULTIPLE_INSTRUMENT_SAME_MONTH,2021-06,ALM/SE0000540163|ALM PREF/SE0004109627
AROS,ISSUER_MULTIPLE_INSTRUMENT_SAME_MONTH,2021-06,AROS/SE0010547786|AROS PREF A/SE0015243712|AROS PREF B/SE0015195706
BONE,ISSUER_MULTIPLE_INSTRUMENT_SAME_MONTH,2021-06,BONEH/FI4000260583|BONES/FI4000260583
FOOT,ISSUER_MULTIPLE_INSTRUMENT_SAME_MONTH,2021-06,FOOT B/SE0011563295|FOOT PREF/SE0007186176
HRTIS,ISSUER_MULTIPLE_INSTRUMENT_SAME_MONTH,2021-06,HRNTS/FI4000087861|HRTIS/FI4000087861
LOUD,ISSUER_MULTIPLE_INSTRUMENT_SAME_MONTH,2021-06,LOUD/FI4000092523|LOUDS/FI4000092523
NXTM,ISSUER_MULTIPLE_INSTRUMENT_SAME_MONTH,2021-06,NXTMH/FI4000506811|NXTMS/FI4000506811
QUART,ISSUER_MULTIPLE_INSTRUMENT_SAME_MONTH,2021-06,QUART/SE0009697204|QUART PREF/SE0009697212
SAVOS,ISSUER_MULTIPLE_INSTRUMENT_SAME_MONTH,2021-06,SAVOH/FI4000425848|SAVOS/FI4000425848
NYTTO,ISSUER_MULTIPLE_INSTRUMENT_SAME_MONTH,2021-06,NYTTO/SE0014808853|NYTTO PREF/SE0014808861
ACRI,ISSUER_MULTIPLE_INSTRUMENT_SAME_MONTH,2021-07,ACRI A/SE0015660014|ACRI B/SE0015660030
AMAST,ISSUER_MULTIPLE_INSTRUMENT_SAME_MONTH,2021-07,AMAST/SE0005034550|AMAST PREF/SE0005933322
NANOFH,ISSUER_MULTIPLE_INSTRUMENT_SAME_MONTH,2021-07,NANOFH/FI4000330972|NANOFS/FI4000330972
ADDV,ISSUER_MULTIPLE_INSTRUMENT_SAME_MONTH,2021-07,ADDV A/SE0001306119|ADDV B/SE0007464862
ALM,ISSUER_MULTIPLE_INSTRUMENT_SAME_MONTH,2021-07,ALM/SE0000540163|ALM PREF/SE0004109627
AROS,ISSUER_MULTIPLE_INSTRUMENT_SAME_MONTH,2021-07,AROS/SE0010547786|AROS PREF B/SE0015195706
BONE,ISSUER_MULTIPLE_INSTRUMENT_SAME_MONTH,2021-07,BONEH/FI4000260583|BONES/FI4000260583
FOOT,ISSUER_MULTIPLE_INSTRUMENT_SAME_MONTH,2021-07,FOOT B/SE0011563295|FOOT PREF/SE0007186176
HRTIS,ISSUER_MULTIPLE_INSTRUMENT_SAME_MONTH,2021-07,HRNTS/FI4000087861|HRTIS/FI4000087861
LOUD,ISSUER_MULTIPLE_INSTRUMENT_SAME_MONTH,2021-07,LOUD/FI4000092523|LOUDS/FI4000092523
NXTM,ISSUER_MULTIPLE_INSTRUMENT_SAME_MONTH,2021-07,NXTMH/FI4000506811|NXTMS/FI4000506811
QUART,ISSUER_MULTIPLE_INSTRUMENT_SAME_MONTH,2021-07,QUART/SE0009697204|QUART PREF/SE0009697212
SAVOS,ISSUER_MULTIPLE_INSTRUMENT_SAME_MONTH,2021-07,SAVOH/FI4000425848|SAVOS/FI4000425848
NYTTO,ISSUER_MULTIPLE_INSTRUMENT_SAME_MONTH,2021-07,NYTTO/SE0014808853|NYTTO PREF/SE0014808861
ACRI,ISSUER_MULTIPLE_INSTRUMENT_SAME_MONTH,2021-08,ACRI A/SE0015660014|ACRI B/SE0015660030
AMAST,ISSUER_MULTIPLE_INSTRUMENT_SAME_MONTH,2021-08,AMAST/SE0005034550|AMAST PREF/SE0005933322
NANOFH,ISSUER_MULTIPLE_INSTRUMENT_SAME_MONTH,2021-08,NANOFH/FI4000330972|NANOFS/FI4000330972
ADDV,ISSUER_MULTIPLE_INSTRUMENT_SAME_MONTH,2021-08,ADDV A/SE0001306119|ADDV B/SE0007464862
ALM,ISSUER_MULTIPLE_INSTRUMENT_SAME_MONTH,2021-08,ALM/SE0000540163|ALM PREF/SE0004109627
AROS,ISSUER_MULTIPLE_INSTRUMENT_SAME_MONTH,2021-08,AROS/SE0010547786|AROS PREF B/SE0015195706
BONE,ISSUER_MULTIPLE_INSTRUMENT_SAME_MONTH,2021-08,BONEH/FI4000260583|BONES/FI4000260583
FOOT,ISSUER_MULTIPLE_INSTRUMENT_SAME_MONTH,2021-08,FOOT B/SE0011563295|FOOT PREF/SE0007186176
HRTIS,ISSUER_MULTIPLE_INSTRUMENT_SAME_MONTH,2021-08,HRNTS/FI4000087861|HRTIS/FI4000087861
LOUD,ISSUER_MULTIPLE_INSTRUMENT_SAME_MONTH,2021-08,LOUD/FI4000092523|LOUDS/FI4000092523
NXTM,ISSUER_MULTIPLE_INSTRUMENT_SAME_MONTH,2021-08,NXTMH/FI4000506811|NXTMS/FI4000506811
QUART,ISSUER_MULTIPLE_INSTRUMENT_SAME_MONTH,2021-08,QUART/SE0009697204|QUART PREF/SE0009697212
SAVOS,ISSUER_MULTIPLE_INSTRUMENT_SAME_MONTH,2021-08,SAVOH/FI4000425848|SAVOS/FI4000425848
NYTTO,ISSUER_MULTIPLE_INSTRUMENT_SAME_MONTH,2021-08,NYTTO/SE0014808853|NYTTO PREF/SE0014808861
ACRI,ISSUER_MULTIPLE_INSTRUMENT_SAME_MONTH,2021-09,ACRI A/SE0015660014|ACRI B/SE0015660030
AMAST,ISSUER_MULTIPLE_INSTRUMENT_SAME_MONTH,2021-09,AMAST/SE0005034550|AMAST PREF/SE0005933322
NANOFH,ISSUER_MULTIPLE_INSTRUMENT_SAME_MONTH,2021-09,NANOFH/FI4000330972|NANOFS/FI4000330972
ADDV,ISSUER_MULTIPLE_INSTRUMENT_SAME_MONTH,2021-09,ADDV A/SE0001306119|ADDV B/SE0007464862
ALM,ISSUER_MULTIPLE_INSTRUMENT_SAME_MONTH,2021-09,ALM/SE0000540163|ALM PREF/SE0004109627
AROS,ISSUER_MULTIPLE_INSTRUMENT_SAME_MONTH,2021-09,AROS/SE0010547786|AROS PREF B/SE0015195706
BONE,ISSUER_MULTIPLE_INSTRUMENT_SAME_MONTH,2021-09,BONEH/FI4000260583|BONES/FI4000260583
FOOT,ISSUER_MULTIPLE_INSTRUMENT_SAME_MONTH,2021-09,FOOT B/SE0011563295|FOOT PREF/SE0007186176
HRTIS,ISSUER_MULTIPLE_INSTRUMENT_SAME_MONTH,2021-09,HRNTS/FI4000087861|HRTIS/FI4000087861
LOUD,ISSUER_MULTIPLE_INSTRUMENT_SAME_MONTH,2021-09,LOUD/FI4000092523|LOUDS/FI4000092523
NXTM,ISSUER_MULTIPLE_INSTRUMENT_SAME_MONTH,2021-09,NXTMH/FI4000506811|NXTMS/FI4000506811
QUART,ISSUER_MULTIPLE_INSTRUMENT_SAME_MONTH,2021-09,QUART/SE0009697204|QUART PREF/SE0009697212
SAVOS,ISSUER_MULTIPLE_INSTRUMENT_SAME_MONTH,2021-09,SAVOH/FI4000425848|SAVOS/FI4000425848
NYTTO,ISSUER_MULTIPLE_INSTRUMENT_SAME_MONTH,2021-09,NYTTO/SE0014808853|NYTTO PREF/SE0014808861
ACRI,ISSUER_MULTIPLE_INSTRUMENT_SAME_MONTH,2021-10,ACRI A/SE0015660014|ACRI B/SE0015660030
AMAST,ISSUER_MULTIPLE_INSTRUMENT_SAME_MONTH,2021-10,AMAST/SE0005034550|AMAST PREF/SE0005933322
NANOFH,ISSUER_MULTIPLE_INSTRUMENT_SAME_MONTH,2021-10,NANOFH/FI4000330972|NANOFS/FI4000330972
ADDV,ISSUER_MULTIPLE_INSTRUMENT_SAME_MONTH,2021-10,ADDV A/SE0001306119|ADDV B/SE0007464862
ALM,ISSUER_MULTIPLE_INSTRUMENT_SAME_MONTH,2021-10,ALM/SE0000540163|ALM PREF/SE0004109627
AROS,ISSUER_MULTIPLE_INSTRUMENT_SAME_MONTH,2021-10,AROS/SE0010547786|AROS PREF B/SE0015195706
BONE,ISSUER_MULTIPLE_INSTRUMENT_SAME_MONTH,2021-10,BONEH/FI4000260583|BONES/FI4000260583
FOOT,ISSUER_MULTIPLE_INSTRUMENT_SAME_MONTH,2021-10,FOOT B/SE0011563295|FOOT PREF/SE0007186176
HRTIS,ISSUER_MULTIPLE_INSTRUMENT_SAME_MONTH,2021-10,HRNTS/FI4000087861|HRTIS/FI4000087861
LOUD,ISSUER_MULTIPLE_INSTRUMENT_SAME_MONTH,2021-10,LOUD/FI4000092523|LOUDS/FI4000092523
NXTM,ISSUER_MULTIPLE_INSTRUMENT_SAME_MONTH,2021-10,NXTMH/FI4000506811|NXTMS/FI4000506811
QUART,ISSUER_MULTIPLE_INSTRUMENT_SAME_MONTH,2021-10,QUART/SE0009697204|QUART PREF/SE0009697212
SAVOS,ISSUER_MULTIPLE_INSTRUMENT_SAME_MONTH,2021-10,SAVOH/FI4000425848|SAVOHN0121/FI4000512256|SAVOS/FI4000425848
NYTTO,ISSUER_MULTIPLE_INSTRUMENT_SAME_MONTH,2021-10,NYTTO/SE0014808853|NYTTO PREF/SE0014808861
ACRI,ISSUER_MULTIPLE_INSTRUMENT_SAME_MONTH,2021-11,ACRI A/SE0015660014|ACRI B/SE0015660030
AMAST,ISSUER_MULTIPLE_INSTRUMENT_SAME_MONTH,2021-11,AMAST/SE0005034550|AMAST PREF/SE0005933322
NANOFH,ISSUER_MULTIPLE_INSTRUMENT_SAME_MONTH,2021-11,NANOFH/FI4000330972|NANOFS/FI4000330972
ADDV,ISSUER_MULTIPLE_INSTRUMENT_SAME_MONTH,2021-11,ADDV A/SE0001306119|ADDV B/SE0007464862
ALM,ISSUER_MULTIPLE_INSTRUMENT_SAME_MONTH,2021-11,ALM/SE0000540163|ALM PREF/SE0004109627
AROS,ISSUER_MULTIPLE_INSTRUMENT_SAME_MONTH,2021-11,AROS/SE0010547786|AROS PREF B/SE0015195706
BONE,ISSUER_MULTIPLE_INSTRUMENT_SAME_MONTH,2021-11,BONEH/FI4000260583|BONES/FI4000260583
FOOT,ISSUER_MULTIPLE_INSTRUMENT_SAME_MONTH,2021-11,FOOT B/SE0011563295|FOOT PREF/SE0007186176
HRTIS,ISSUER_MULTIPLE_INSTRUMENT_SAME_MONTH,2021-11,HRNTS/FI4000087861|HRTIS/FI4000087861
LOUD,ISSUER_MULTIPLE_INSTRUMENT_SAME_MONTH,2021-11,LOUD/FI4000092523|LOUDS/FI4000092523
NXTM,ISSUER_MULTIPLE_INSTRUMENT_SAME_MONTH,2021-11,NXTMH/FI4000506811|NXTMS/FI4000506811
QUART,ISSUER_MULTIPLE_INSTRUMENT_SAME_MONTH,2021-11,QUART/SE0009697204|QUART PREF/SE0009697212
SAVOS,ISSUER_MULTIPLE_INSTRUMENT_SAME_MONTH,2021-11,SAVOH/FI4000425848|SAVOS/FI4000425848
NYTTO,ISSUER_MULTIPLE_INSTRUMENT_SAME_MONTH,2021-11,NYTTO/SE0014808853|NYTTO PREF/SE0014808861
ACRI,ISSUER_MULTIPLE_INSTRUMENT_SAME_MONTH,2021-12,ACRI A/SE0015660014|ACRI B/SE0015660030
ADDV,ISSUER_MULTIPLE_INSTRUMENT_SAME_MONTH,2021-12,ADDV A/SE0001306119|ADDV B/SE0007464862
AMAST,ISSUER_MULTIPLE_INSTRUMENT_SAME_MONTH,2021-12,AMAST/SE0005034550|AMAST PREF/SE0005933322
NANOFH,ISSUER_MULTIPLE_INSTRUMENT_SAME_MONTH,2021-12,NANOFH/FI4000330972|NANOFS/FI4000330972
ALM,ISSUER_MULTIPLE_INSTRUMENT_SAME_MONTH,2021-12,ALM/SE0000540163|ALM PREF/SE0004109627
AROS,ISSUER_MULTIPLE_INSTRUMENT_SAME_MONTH,2021-12,AROS/SE0010547786|AROS PREF B/SE0015195706
BONE,ISSUER_MULTIPLE_INSTRUMENT_SAME_MONTH,2021-12,BONEH/FI4000260583|BONES/FI4000260583
FOOT,ISSUER_MULTIPLE_INSTRUMENT_SAME_MONTH,2021-12,FOOT B/SE0011563295|FOOT PREF/SE0007186176
HRTIS,ISSUER_MULTIPLE_INSTRUMENT_SAME_MONTH,2021-12,HRNTS/FI4000087861|HRTIS/FI4000087861
LOUD,ISSUER_MULTIPLE_INSTRUMENT_SAME_MONTH,2021-12,LOUD/FI4000092523|LOUDS/FI4000092523
NXTM,ISSUER_MULTIPLE_INSTRUMENT_SAME_MONTH,2021-12,NXTMH/FI4000506811|NXTMS/FI4000506811
QUART,ISSUER_MULTIPLE_INSTRUMENT_SAME_MONTH,2021-12,QUART/SE0009697204|QUART PREF/SE0009697212
SAVOS,ISSUER_MULTIPLE_INSTRUMENT_SAME_MONTH,2021-12,SAVOH/FI4000425848|SAVOS/FI4000425848
NYTTO,ISSUER_MULTIPLE_INSTRUMENT_SAME_MONTH,2021-12,NYTTO/SE0014808853|NYTTO PREF/SE0014808861
ACRI,ISSUER_MULTIPLE_INSTRUMENT_SAME_MONTH,2022-01,ACRI A/SE0015660014|ACRI B/SE0015660030
ADDV,ISSUER_MULTIPLE_INSTRUMENT_SAME_MONTH,2022-01,ADDV A/SE0001306119|ADDV B/SE0007464862
AMAST,ISSUER_MULTIPLE_INSTRUMENT_SAME_MONTH,2022-01,AMAST/SE0005034550|AMAST PREF/SE0005933322
NANOFH,ISSUER_MULTIPLE_INSTRUMENT_SAME_MONTH,2022-01,NANOFH/FI4000330972|NANOFS/FI4000330972
ALM,ISSUER_MULTIPLE_INSTRUMENT_SAME_MONTH,2022-01,ALM/SE0000540163|ALM PREF/SE0004109627
AROS,ISSUER_MULTIPLE_INSTRUMENT_SAME_MONTH,2022-01,AROS/SE0010547786|AROS PREF B/SE0015195706
BONE,ISSUER_MULTIPLE_INSTRUMENT_SAME_MONTH,2022-01,BONEH/FI4000260583|BONES/FI4000260583
FOOT,ISSUER_MULTIPLE_INSTRUMENT_SAME_MONTH,2022-01,FOOT B/SE0011563295|FOOT PREF/SE0007186176
HRTIS,ISSUER_MULTIPLE_INSTRUMENT_SAME_MONTH,2022-01,HRNTS/FI4000087861|HRTIS/FI4000087861
LOUD,ISSUER_MULTIPLE_INSTRUMENT_SAME_MONTH,2022-01,LOUD/FI4000092523|LOUDS/FI4000092523
NXTM,ISSUER_MULTIPLE_INSTRUMENT_SAME_MONTH,2022-01,NXTMH/FI4000506811|NXTMS/FI4000506811
QUART,ISSUER_MULTIPLE_INSTRUMENT_SAME_MONTH,2022-01,QUART/SE0009697204|QUART PREF/SE0009697212
SAVOS,ISSUER_MULTIPLE_INSTRUMENT_SAME_MONTH,2022-01,SAVOH/FI4000425848|SAVOS/FI4000425848
NYTTO,ISSUER_MULTIPLE_INSTRUMENT_SAME_MONTH,2022-01,NYTTO/SE0014808853|NYTTO PREF/SE0014808861
ACRI,ISSUER_MULTIPLE_INSTRUMENT_SAME_MONTH,2022-02,ACRI A/SE0015660014|ACRI B/SE0015660030
ADDV,ISSUER_MULTIPLE_INSTRUMENT_SAME_MONTH,2022-02,ADDV A/SE0001306119|ADDV B/SE0007464862
NANOFH,ISSUER_MULTIPLE_INSTRUMENT_SAME_MONTH,2022-02,NANOFH/FI4000330972|NANOFS/FI4000330972
ALM,ISSUER_MULTIPLE_INSTRUMENT_SAME_MONTH,2022-02,ALM/SE0000540163|ALM PREF/SE0004109627
AROS,ISSUER_MULTIPLE_INSTRUMENT_SAME_MONTH,2022-02,AROS/SE0010547786|AROS PREF B/SE0015195706
BONE,ISSUER_MULTIPLE_INSTRUMENT_SAME_MONTH,2022-02,BONEH/FI4000260583|BONES/FI4000260583
FOOT,ISSUER_MULTIPLE_INSTRUMENT_SAME_MONTH,2022-02,FOOT B/SE0011563295|FOOT PREF/SE0007186176
HRTIS,ISSUER_MULTIPLE_INSTRUMENT_SAME_MONTH,2022-02,HRNTS/FI4000087861|HRTIS/FI4000087861
LOUD,ISSUER_MULTIPLE_INSTRUMENT_SAME_MONTH,2022-02,LOUD/FI4000092523|LOUDS/FI4000092523
NXTM,ISSUER_MULTIPLE_INSTRUMENT_SAME_MONTH,2022-02,NXTMH/FI4000506811|NXTMS/FI4000506811
QUART,ISSUER_MULTIPLE_INSTRUMENT_SAME_MONTH,2022-02,QUART/SE0009697204|QUART PREF/SE0009697212
SAVOS,ISSUER_MULTIPLE_INSTRUMENT_SAME_MONTH,2022-02,SAVOH/FI4000425848|SAVOS/FI4000425848
NYTTO,ISSUER_MULTIPLE_INSTRUMENT_SAME_MONTH,2022-02,NYTTO/SE0014808853|NYTTO PREF/SE0014808861
ACRI,ISSUER_MULTIPLE_INSTRUMENT_SAME_MONTH,2022-03,ACRI A/SE0015660014|ACRI B/SE0015660030
ADDV,ISSUER_MULTIPLE_INSTRUMENT_SAME_MONTH,2022-03,ADDV A/SE0001306119|ADDV B/SE0007464862
NANOFH,ISSUER_MULTIPLE_INSTRUMENT_SAME_MONTH,2022-03,NANOFH/FI4000330972|NANOFS/FI4000330972
ALM,ISSUER_MULTIPLE_INSTRUMENT_SAME_MONTH,2022-03,ALM/SE0000540163|ALM PREF/SE0004109627
AROS,ISSUER_MULTIPLE_INSTRUMENT_SAME_MONTH,2022-03,AROS/SE0010547786|AROS PREF B/SE0015195706
BONE,ISSUER_MULTIPLE_INSTRUMENT_SAME_MONTH,2022-03,BONEH/FI4000260583|BONES/FI4000260583
FOOT,ISSUER_MULTIPLE_INSTRUMENT_SAME_MONTH,2022-03,FOOT B/SE0011563295|FOOT PREF/SE0007186176
HRTIS,ISSUER_MULTIPLE_INSTRUMENT_SAME_MONTH,2022-03,HRNTS/FI4000087861|HRTIS/FI4000087861
LOUD,ISSUER_MULTIPLE_INSTRUMENT_SAME_MONTH,2022-03,LOUD/FI4000092523|LOUDN0122/FI4000518204|LOUDS/FI4000092523
NXTM,ISSUER_MULTIPLE_INSTRUMENT_SAME_MONTH,2022-03,NXTMH/FI4000506811|NXTMS/FI4000506811
QUART,ISSUER_MULTIPLE_INSTRUMENT_SAME_MONTH,2022-03,QUART/SE0009697204|QUART PREF/SE0009697212
SAVOS,ISSUER_MULTIPLE_INSTRUMENT_SAME_MONTH,2022-03,SAVOH/FI4000425848|SAVOS/FI4000425848
NYTTO,ISSUER_MULTIPLE_INSTRUMENT_SAME_MONTH,2022-03,NYTTO/SE0014808853|NYTTO PREF/SE0014808861
ACRI,ISSUER_MULTIPLE_INSTRUMENT_SAME_MONTH,2022-04,ACRI A/SE0015660014|ACRI B/SE0015660030
ADDV,ISSUER_MULTIPLE_INSTRUMENT_SAME_MONTH,2022-04,ADDV A/SE0001306119|ADDV B/SE0007464862
NANOFH,ISSUER_MULTIPLE_INSTRUMENT_SAME_MONTH,2022-04,NANOFH/FI4000330972|NANOFS/FI4000330972
ALM,ISSUER_MULTIPLE_INSTRUMENT_SAME_MONTH,2022-04,ALM/SE0000540163|ALM PREF/SE0004109627
AROS,ISSUER_MULTIPLE_INSTRUMENT_SAME_MONTH,2022-04,AROS/SE0010547786|AROS PREF B/SE0015195706
BONE,ISSUER_MULTIPLE_INSTRUMENT_SAME_MONTH,2022-04,BONEH/FI4000260583|BONES/FI4000260583
FOOT,ISSUER_MULTIPLE_INSTRUMENT_SAME_MONTH,2022-04,FOOT B/SE0011563295|FOOT PREF/SE0007186176
HRTIS,ISSUER_MULTIPLE_INSTRUMENT_SAME_MONTH,2022-04,HRNTS/FI4000087861|HRTIS/FI4000087861
LOUD,ISSUER_MULTIPLE_INSTRUMENT_SAME_MONTH,2022-04,LOUD/FI4000092523|LOUDS/FI4000092523
NXTM,ISSUER_MULTIPLE_INSTRUMENT_SAME_MONTH,2022-04,NXTMH/FI4000506811|NXTMS/FI4000506811
QUART,ISSUER_MULTIPLE_INSTRUMENT_SAME_MONTH,2022-04,QUART/SE0009697204|QUART PREF/SE0009697212
SAVOS,ISSUER_MULTIPLE_INSTRUMENT_SAME_MONTH,2022-04,SAVOH/FI4000425848|SAVOS/FI4000425848
NYTTO,ISSUER_MULTIPLE_INSTRUMENT_SAME_MONTH,2022-04,NYTTO/SE0014808853|NYTTO PREF/SE0014808861
ACRI,ISSUER_MULTIPLE_INSTRUMENT_SAME_MONTH,2022-05,ACRI A/SE0015660014|ACRI B/SE0015660030
ADDV,ISSUER_MULTIPLE_INSTRUMENT_SAME_MONTH,2022-05,ADDV A/SE0001306119|ADDV B/SE0007464862
NANOFH,ISSUER_MULTIPLE_INSTRUMENT_SAME_MONTH,2022-05,NANOFH/FI4000330972|NANOFS/FI4000330972
ALM,ISSUER_MULTIPLE_INSTRUMENT_SAME_MONTH,2022-05,ALM/SE0000540163|ALM PREF/SE0004109627
AROS,ISSUER_MULTIPLE_INSTRUMENT_SAME_MONTH,2022-05,AROS/SE0010547786|AROS PREF B/SE0015195706
BONE,ISSUER_MULTIPLE_INSTRUMENT_SAME_MONTH,2022-05,BONEH/FI4000260583|BONEHN0122/FI4000522826|BONES/FI4000260583
FOOT,ISSUER_MULTIPLE_INSTRUMENT_SAME_MONTH,2022-05,FOOT B/SE0011563295|FOOT PREF/SE0007186176
HRTIS,ISSUER_MULTIPLE_INSTRUMENT_SAME_MONTH,2022-05,HRNTS/FI4000087861|HRTIS/FI4000087861|HRTSN0122/FI4000522578
LOUD,ISSUER_MULTIPLE_INSTRUMENT_SAME_MONTH,2022-05,LOUD/FI4000092523|LOUDS/FI4000092523
NXTM,ISSUER_MULTIPLE_INSTRUMENT_SAME_MONTH,2022-05,NXTMH/FI4000506811|NXTMS/FI4000506811
QUART,ISSUER_MULTIPLE_INSTRUMENT_SAME_MONTH,2022-05,QUART/SE0009697204|QUART PREF/SE0009697212
SAVOS,ISSUER_MULTIPLE_INSTRUMENT_SAME_MONTH,2022-05,SAVOH/FI4000425848|SAVOS/FI4000425848
NYTTO,ISSUER_MULTIPLE_INSTRUMENT_SAME_MONTH,2022-05,NYTTO/SE0014808853|NYTTO PREF/SE0014808861
ACRI,ISSUER_MULTIPLE_INSTRUMENT_SAME_MONTH,2022-06,ACRI A/SE0015660014|ACRI B/SE0015660030
ADDV,ISSUER_MULTIPLE_INSTRUMENT_SAME_MONTH,2022-06,ADDV A/SE0001306119|ADDV B/SE0007464862
NANOFH,ISSUER_MULTIPLE_INSTRUMENT_SAME_MONTH,2022-06,NANOFH/FI4000330972|NANOFS/FI4000330972
ALM,ISSUER_MULTIPLE_INSTRUMENT_SAME_MONTH,2022-06,ALM/SE0000540163|ALM PREF/SE0004109627
AROS,ISSUER_MULTIPLE_INSTRUMENT_SAME_MONTH,2022-06,AROS/SE0010547786|AROS PREF B/SE0015195706
BONE,ISSUER_MULTIPLE_INSTRUMENT_SAME_MONTH,2022-06,BONEH/FI4000260583|BONES/FI4000260583
FOOT,ISSUER_MULTIPLE_INSTRUMENT_SAME_MONTH,2022-06,FOOT B/SE0011563295|FOOT PREF/SE0007186176
HRTIS,ISSUER_MULTIPLE_INSTRUMENT_SAME_MONTH,2022-06,HRNTS/FI4000087861|HRTIS/FI4000087861
LOUD,ISSUER_MULTIPLE_INSTRUMENT_SAME_MONTH,2022-06,LOUD/FI4000092523|LOUDS/FI4000092523
NXTM,ISSUER_MULTIPLE_INSTRUMENT_SAME_MONTH,2022-06,NXTMH/FI4000506811|NXTMS/FI4000506811
QUART,ISSUER_MULTIPLE_INSTRUMENT_SAME_MONTH,2022-06,QUART/SE0009697204|QUART PREF/SE0009697212
SAVOS,ISSUER_MULTIPLE_INSTRUMENT_SAME_MONTH,2022-06,SAVOH/FI4000425848|SAVOS/FI4000425848
NYTTO,ISSUER_MULTIPLE_INSTRUMENT_SAME_MONTH,2022-06,NYTTO/SE0014808853|NYTTO PREF/SE0014808861
ACRI,ISSUER_MULTIPLE_INSTRUMENT_SAME_MONTH,2022-07,ACRI A/SE0015660014|ACRI B/SE0015660030
ADDV,ISSUER_MULTIPLE_INSTRUMENT_SAME_MONTH,2022-07,ADDV A/SE0001306119|ADDV B/SE0007464862
NANOFH,ISSUER_MULTIPLE_INSTRUMENT_SAME_MONTH,2022-07,NANOFH/FI4000330972|NANOFS/FI4000330972
ALM,ISSUER_MULTIPLE_INSTRUMENT_SAME_MONTH,2022-07,ALM/SE0000540163|ALM PREF/SE0004109627
AROS,ISSUER_MULTIPLE_INSTRUMENT_SAME_MONTH,2022-07,AROS/SE0010547786|AROS PREF B/SE0015195706
BONE,ISSUER_MULTIPLE_INSTRUMENT_SAME_MONTH,2022-07,BONEH/FI4000260583|BONES/FI4000260583
FOOT,ISSUER_MULTIPLE_INSTRUMENT_SAME_MONTH,2022-07,FOOT B/SE0011563295|FOOT PREF/SE0007186176
HRTIS,ISSUER_MULTIPLE_INSTRUMENT_SAME_MONTH,2022-07,HRNTS/FI4000087861|HRTIS/FI4000087861
LOUD,ISSUER_MULTIPLE_INSTRUMENT_SAME_MONTH,2022-07,LOUD/FI4000092523|LOUDS/FI4000092523
NXTM,ISSUER_MULTIPLE_INSTRUMENT_SAME_MONTH,2022-07,NXTMH/FI4000506811|NXTMS/FI4000506811
QUART,ISSUER_MULTIPLE_INSTRUMENT_SAME_MONTH,2022-07,QUART/SE0009697204|QUART PREF/SE0009697212
SAVOS,ISSUER_MULTIPLE_INSTRUMENT_SAME_MONTH,2022-07,SAVOH/FI4000425848|SAVOS/FI4000425848
NYTTO,ISSUER_MULTIPLE_INSTRUMENT_SAME_MONTH,2022-07,NYTTO/SE0014808853|NYTTO PREF/SE0014808861
ACRI,ISSUER_MULTIPLE_INSTRUMENT_SAME_MONTH,2022-08,ACRI A/SE0015660014|ACRI B/SE0015660030
ADDV,ISSUER_MULTIPLE_INSTRUMENT_SAME_MONTH,2022-08,ADDV A/SE0001306119|ADDV B/SE0007464862
NANOFH,ISSUER_MULTIPLE_INSTRUMENT_SAME_MONTH,2022-08,NANOFH/FI4000330972|NANOFS/FI4000330972
ALM,ISSUER_MULTIPLE_INSTRUMENT_SAME_MONTH,2022-08,ALM/SE0000540163|ALM PREF/SE0004109627
AROS,ISSUER_MULTIPLE_INSTRUMENT_SAME_MONTH,2022-08,AROS/SE0010547786|AROS PREF B/SE0015195706
BONE,ISSUER_MULTIPLE_INSTRUMENT_SAME_MONTH,2022-08,BONEH/FI4000260583|BONES/FI4000260583
FOOT,ISSUER_MULTIPLE_INSTRUMENT_SAME_MONTH,2022-08,FOOT B/SE0011563295|FOOT PREF/SE0007186176
HRTIS,ISSUER_MULTIPLE_INSTRUMENT_SAME_MONTH,2022-08,HRNTS/FI4000087861|HRTIS/FI4000087861
LOUD,ISSUER_MULTIPLE_INSTRUMENT_SAME_MONTH,2022-08,LOUD/FI4000092523|LOUDS/FI4000092523
NXTM,ISSUER_MULTIPLE_INSTRUMENT_SAME_MONTH,2022-08,NXTMH/FI4000506811|NXTMS/FI4000506811
QUART,ISSUER_MULTIPLE_INSTRUMENT_SAME_MONTH,2022-08,QUART/SE0009697204|QUART PREF/SE0009697212
SAVOS,ISSUER_MULTIPLE_INSTRUMENT_SAME_MONTH,2022-08,SAVOH/FI4000425848|SAVOS/FI4000425848
NYTTO,ISSUER_MULTIPLE_INSTRUMENT_SAME_MONTH,2022-08,NYTTO/SE0014808853|NYTTO PREF/SE0014808861
ACRI,ISSUER_MULTIPLE_INSTRUMENT_SAME_MONTH,2022-09,ACRI A/SE0015660014|ACRI B/SE0015660030
ADDV,ISSUER_MULTIPLE_INSTRUMENT_SAME_MONTH,2022-09,ADDV A/SE0001306119|ADDV B/SE0007464862
NANOFH,ISSUER_MULTIPLE_INSTRUMENT_SAME_MONTH,2022-09,NANOFH/FI4000330972|NANOFS/FI4000330972
ALM,ISSUER_MULTIPLE_INSTRUMENT_SAME_MONTH,2022-09,ALM/SE0000540163|ALM PREF/SE0004109627
AROS,ISSUER_MULTIPLE_INSTRUMENT_SAME_MONTH,2022-09,AROS/SE0010547786|AROS PREF B/SE0015195706
BONE,ISSUER_MULTIPLE_INSTRUMENT_SAME_MONTH,2022-09,BONEH/FI4000260583|BONES/FI4000260583
FOOT,ISSUER_MULTIPLE_INSTRUMENT_SAME_MONTH,2022-09,FOOT B/SE0011563295|FOOT PREF/SE0007186176
HRTIS,ISSUER_MULTIPLE_INSTRUMENT_SAME_MONTH,2022-09,HRNTS/FI4000087861|HRTIS/FI4000087861
LOUD,ISSUER_MULTIPLE_INSTRUMENT_SAME_MONTH,2022-09,LOUD/FI4000092523|LOUDS/FI4000092523
NXTM,ISSUER_MULTIPLE_INSTRUMENT_SAME_MONTH,2022-09,NXTMH/FI4000506811|NXTMS/FI4000506811
QUART,ISSUER_MULTIPLE_INSTRUMENT_SAME_MONTH,2022-09,QUART/SE0009697204|QUART PREF/SE0009697212
SAVOS,ISSUER_MULTIPLE_INSTRUMENT_SAME_MONTH,2022-09,SAVOH/FI4000425848|SAVOS/FI4000425848
NYTTO,ISSUER_MULTIPLE_INSTRUMENT_SAME_MONTH,2022-09,NYTTO/SE0014808853|NYTTO PREF/SE0014808861
ACRI,ISSUER_MULTIPLE_INSTRUMENT_SAME_MONTH,2022-10,ACRI A/SE0015660014|ACRI B/SE0015660030
ADDV,ISSUER_MULTIPLE_INSTRUMENT_SAME_MONTH,2022-10,ADDV A/SE0001306119|ADDV B/SE0007464862
NANOFH,ISSUER_MULTIPLE_INSTRUMENT_SAME_MONTH,2022-10,NANOFH/FI4000330972|NANOFS/FI4000330972
ALM,ISSUER_MULTIPLE_INSTRUMENT_SAME_MONTH,2022-10,ALM/SE0018741985|ALM PREF/SE0004109627
AROS,ISSUER_MULTIPLE_INSTRUMENT_SAME_MONTH,2022-10,AROS/SE0010547786|AROS PREF B/SE0015195706
BONE,ISSUER_MULTIPLE_INSTRUMENT_SAME_MONTH,2022-10,BONEH/FI4000260583|BONES/FI4000260583
FOOT,ISSUER_MULTIPLE_INSTRUMENT_SAME_MONTH,2022-10,FOOT B/SE0011563295|FOOT PREF/SE0007186176
HRTIS,ISSUER_MULTIPLE_INSTRUMENT_SAME_MONTH,2022-10,HRNTS/FI4000087861|HRTIS/FI4000087861
LOUD,ISSUER_MULTIPLE_INSTRUMENT_SAME_MONTH,2022-10,LOUD/FI4000092523|LOUDS/FI4000092523
NXTM,ISSUER_MULTIPLE_INSTRUMENT_SAME_MONTH,2022-10,NXTMH/FI4000506811|NXTMS/FI4000506811
QUART,ISSUER_MULTIPLE_INSTRUMENT_SAME_MONTH,2022-10,QUART/SE0009697204|QUART PREF/SE0009697212
SAVOS,ISSUER_MULTIPLE_INSTRUMENT_SAME_MONTH,2022-10,SAVOH/FI4000425848|SAVOS/FI4000425848
NYTTO,ISSUER_MULTIPLE_INSTRUMENT_SAME_MONTH,2022-10,NYTTO/SE0014808853|NYTTO PREF/SE0014808861
ACRI,ISSUER_MULTIPLE_INSTRUMENT_SAME_MONTH,2022-11,ACRI A/SE0015660014|ACRI B/SE0015660030
ADDV,ISSUER_MULTIPLE_INSTRUMENT_SAME_MONTH,2022-11,ADDV A/SE0001306119|ADDV B/SE0007464862
NANOFH,ISSUER_MULTIPLE_INSTRUMENT_SAME_MONTH,2022-11,NANOFH/FI4000330972|NANOFS/FI4000330972
ALM,ISSUER_MULTIPLE_INSTRUMENT_SAME_MONTH,2022-11,ALM/SE0018741985|ALM PREF/SE0004109627
AROS,ISSUER_MULTIPLE_INSTRUMENT_SAME_MONTH,2022-11,AROS/SE0010547786|AROS PREF B/SE0015195706
BONE,ISSUER_MULTIPLE_INSTRUMENT_SAME_MONTH,2022-11,BONEH/FI4000260583|BONES/FI4000260583
EAGLE,ISSUER_MULTIPLE_INSTRUMENT_SAME_MONTH,2022-11,EAGLE/FI4000092523|EAGLES/FI4000092523
FOOT,ISSUER_MULTIPLE_INSTRUMENT_SAME_MONTH,2022-11,FOOT B/SE0011563295|FOOT PREF/SE0007186176
HRTIS,ISSUER_MULTIPLE_INSTRUMENT_SAME_MONTH,2022-11,HRNTS/FI4000087861|HRTIS/FI4000087861
NXTM,ISSUER_MULTIPLE_INSTRUMENT_SAME_MONTH,2022-11,NXTMH/FI4000506811|NXTMS/FI4000506811
QUART,ISSUER_MULTIPLE_INSTRUMENT_SAME_MONTH,2022-11,QUART/SE0009697204|QUART PREF/SE0009697212
SAVOS,ISSUER_MULTIPLE_INSTRUMENT_SAME_MONTH,2022-11,SAVOH/FI4000425848|SAVOS/FI4000425848
NYTTO,ISSUER_MULTIPLE_INSTRUMENT_SAME_MONTH,2022-11,NYTTO/SE0014808853|NYTTO PREF/SE0014808861
ADDV,ISSUER_MULTIPLE_INSTRUMENT_SAME_MONTH,2022-12,ADDV A/SE0001306119|ADDV B/SE0007464862
NANOFH,ISSUER_MULTIPLE_INSTRUMENT_SAME_MONTH,2022-12,NANOFH/FI4000330972|NANOFS/FI4000330972
ALM,ISSUER_MULTIPLE_INSTRUMENT_SAME_MONTH,2022-12,ALM/SE0018741985|ALM PREF/SE0004109627
AROS,ISSUER_MULTIPLE_INSTRUMENT_SAME_MONTH,2022-12,AROS/SE0010547786|AROS PREF B/SE0015195706
BONE,ISSUER_MULTIPLE_INSTRUMENT_SAME_MONTH,2022-12,BONEH/FI4000260583|BONES/FI4000260583
EAGLE,ISSUER_MULTIPLE_INSTRUMENT_SAME_MONTH,2022-12,EAGLE/FI4000092523|EAGLES/FI4000092523
FOOT,ISSUER_MULTIPLE_INSTRUMENT_SAME_MONTH,2022-12,FOOT B/SE0011563295|FOOT PREF/SE0007186176
HRTIS,ISSUER_MULTIPLE_INSTRUMENT_SAME_MONTH,2022-12,HRNTS/FI4000087861|HRTIS/FI4000087861
NXTM,ISSUER_MULTIPLE_INSTRUMENT_SAME_MONTH,2022-12,NXTMH/FI4000506811|NXTMS/FI4000506811
QUART,ISSUER_MULTIPLE_INSTRUMENT_SAME_MONTH,2022-12,QUART/SE0009697204|QUART PREF/SE0009697212
GOTL,ISSUER_MULTIPLE_INSTRUMENT_SAME_MONTH,2022-12,GOTL A/SE0000105371|GOTL B/SE0000105397
SAVOS,ISSUER_MULTIPLE_INSTRUMENT_SAME_MONTH,2022-12,SAVOH/FI4000425848|SAVOS/FI4000425848
NYTTO,ISSUER_MULTIPLE_INSTRUMENT_SAME_MONTH,2022-12,NYTTO/SE0014808853|NYTTO PREF/SE0014808861
ALM,ISSUER_MULTIPLE_INSTRUMENT_SAME_MONTH,2023-01,ALM/SE0018741985|ALM PREF/SE0004109627
AROS,ISSUER_MULTIPLE_INSTRUMENT_SAME_MONTH,2023-01,AROS/SE0010547786|AROS PREF B/SE0015195706
BONE,ISSUER_MULTIPLE_INSTRUMENT_SAME_MONTH,2023-01,BONEH/FI4000260583|BONES/FI4000260583
EAGLE,ISSUER_MULTIPLE_INSTRUMENT_SAME_MONTH,2023-01,EAGLE/FI4000092523|EAGLES/FI4000092523
FOOT,ISSUER_MULTIPLE_INSTRUMENT_SAME_MONTH,2023-01,FOOT B/SE0011563295|FOOT PREF/SE0007186176
HRTIS,ISSUER_MULTIPLE_INSTRUMENT_SAME_MONTH,2023-01,HRNTS/FI4000087861|HRTIS/FI4000087861
NXTM,ISSUER_MULTIPLE_INSTRUMENT_SAME_MONTH,2023-01,NXTMH/FI4000506811|NXTMS/FI4000506811
QUART,ISSUER_MULTIPLE_INSTRUMENT_SAME_MONTH,2023-01,QUART/SE0009697204|QUART PREF/SE0009697212
GOTL,ISSUER_MULTIPLE_INSTRUMENT_SAME_MONTH,2023-01,GOTL A/SE0000105371|GOTL B/SE0000105397
SAVOS,ISSUER_MULTIPLE_INSTRUMENT_SAME_MONTH,2023-01,SAVOH/FI4000425848|SAVOS/FI4000425848
NYTTO,ISSUER_MULTIPLE_INSTRUMENT_SAME_MONTH,2023-01,NYTTO/SE0014808853|NYTTO PREF/SE0014808861
ADDV,ISSUER_MULTIPLE_INSTRUMENT_SAME_MONTH,2023-01,ADDV A/SE0001306119|ADDV B/SE0007464862
NANOFH,ISSUER_MULTIPLE_INSTRUMENT_SAME_MONTH,2023-01,NANOFH/FI4000330972|NANOFS/FI4000330972
ALM,ISSUER_MULTIPLE_INSTRUMENT_SAME_MONTH,2023-02,ALM/SE0018741985|ALM PREF/SE0004109627
AROS,ISSUER_MULTIPLE_INSTRUMENT_SAME_MONTH,2023-02,AROS/SE0010547786|AROS PREF B/SE0015195706
BONE,ISSUER_MULTIPLE_INSTRUMENT_SAME_MONTH,2023-02,BONEH/FI4000260583|BONES/FI4000260583
EAGLE,ISSUER_MULTIPLE_INSTRUMENT_SAME_MONTH,2023-02,EAGLE/FI4000092523|EAGLES/FI4000092523
FOOT,ISSUER_MULTIPLE_INSTRUMENT_SAME_MONTH,2023-02,FOOT B/SE0011563295|FOOT PREF/SE0007186176
NXTM,ISSUER_MULTIPLE_INSTRUMENT_SAME_MONTH,2023-02,NXTMH/FI4000506811|NXTMS/FI4000506811
QUART,ISSUER_MULTIPLE_INSTRUMENT_SAME_MONTH,2023-02,QUART/SE0009697204|QUART PREF/SE0009697212
GOTL,ISSUER_MULTIPLE_INSTRUMENT_SAME_MONTH,2023-02,GOTL A/SE0000105371|GOTL B/SE0000105397
SAVOS,ISSUER_MULTIPLE_INSTRUMENT_SAME_MONTH,2023-02,SAVOH/FI4000425848|SAVOS/FI4000425848
NYTTO,ISSUER_MULTIPLE_INSTRUMENT_SAME_MONTH,2023-02,NYTTO/SE0014808853|NYTTO PREF/SE0014808861
ADDV,ISSUER_MULTIPLE_INSTRUMENT_SAME_MONTH,2023-02,ADDV A/SE0001306119|ADDV B/SE0007464862
NANOFH,ISSUER_MULTIPLE_INSTRUMENT_SAME_MONTH,2023-02,NANOFH/FI4000330972|NANOFS/FI4000330972
ALM,ISSUER_MULTIPLE_INSTRUMENT_SAME_MONTH,2023-03,ALM/SE0018741985|ALM PREF/SE0004109627
AROS,ISSUER_MULTIPLE_INSTRUMENT_SAME_MONTH,2023-03,AROS/SE0010547786|AROS PREF B/SE0015195706
EAGLE,ISSUER_MULTIPLE_INSTRUMENT_SAME_MONTH,2023-03,EAGLE/FI4000092523|EAGLES/FI4000092523
FIFAX,ISSUER_MULTIPLE_INSTRUMENT_SAME_MONTH,2023-03,FIFAX/FI4000496328|FIFAXN0123/FI4000549100
FOOT,ISSUER_MULTIPLE_INSTRUMENT_SAME_MONTH,2023-03,FOOT B/SE0011563295|FOOT PREF/SE0007186176
NXTM,ISSUER_MULTIPLE_INSTRUMENT_SAME_MONTH,2023-03,NXTMH/FI4000506811|NXTMS/FI4000506811
QUART,ISSUER_MULTIPLE_INSTRUMENT_SAME_MONTH,2023-03,QUART/SE0009697204|QUART PREF/SE0009697212
GOTL,ISSUER_MULTIPLE_INSTRUMENT_SAME_MONTH,2023-03,GOTL A/SE0000105371|GOTL B/SE0000105397
SAVOS,ISSUER_MULTIPLE_INSTRUMENT_SAME_MONTH,2023-03,SAVOH/FI4000425848|SAVOS/FI4000425848
NYTTO,ISSUER_MULTIPLE_INSTRUMENT_SAME_MONTH,2023-03,NYTTO/SE0014808853|NYTTO PREF/SE0014808861
ADDV,ISSUER_MULTIPLE_INSTRUMENT_SAME_MONTH,2023-03,ADDV A/SE0001306119|ADDV B/SE0007464862
NANOFH,ISSUER_MULTIPLE_INSTRUMENT_SAME_MONTH,2023-03,NANOFH/FI4000330972|NANOFS/FI4000330972
ALM,ISSUER_MULTIPLE_INSTRUMENT_SAME_MONTH,2023-04,ALM/SE0018741985|ALM PREF/SE0004109627
AROS,ISSUER_MULTIPLE_INSTRUMENT_SAME_MONTH,2023-04,AROS/SE0010547786|AROS PREF B/SE0015195706
EAGLE,ISSUER_MULTIPLE_INSTRUMENT_SAME_MONTH,2023-04,EAGLE/FI4000092523|EAGLES/FI4000092523
FOOT,ISSUER_MULTIPLE_INSTRUMENT_SAME_MONTH,2023-04,FOOT B/SE0011563295|FOOT PREF/SE0007186176
QUART,ISSUER_MULTIPLE_INSTRUMENT_SAME_MONTH,2023-04,QUART/SE0009697204|QUART PREF/SE0009697212
GOTL,ISSUER_MULTIPLE_INSTRUMENT_SAME_MONTH,2023-04,GOTL A/SE0000105371|GOTL B/SE0000105397
SAVOS,ISSUER_MULTIPLE_INSTRUMENT_SAME_MONTH,2023-04,SAVOH/FI4000425848|SAVOS/FI4000425848
NYTTO,ISSUER_MULTIPLE_INSTRUMENT_SAME_MONTH,2023-04,NYTTO/SE0014808853|NYTTO PREF/SE0014808861
ADDV,ISSUER_MULTIPLE_INSTRUMENT_SAME_MONTH,2023-04,ADDV A/SE0001306119|ADDV B/SE0007464862
NANOFH,ISSUER_MULTIPLE_INSTRUMENT_SAME_MONTH,2023-04,NANOFH/FI4000330972|NANOFS/FI4000330972
ALM,ISSUER_MULTIPLE_INSTRUMENT_SAME_MONTH,2023-05,ALM/SE0018741985|ALM PREF/SE0004109627
AROS,ISSUER_MULTIPLE_INSTRUMENT_SAME_MONTH,2023-05,AROS/SE0010547786|AROS PREF B/SE0015195706
FOOT,ISSUER_MULTIPLE_INSTRUMENT_SAME_MONTH,2023-05,FOOT B/SE0011563295|FOOT PREF/SE0007186176
QUART,ISSUER_MULTIPLE_INSTRUMENT_SAME_MONTH,2023-05,QUART/SE0009697204|QUART PREF/SE0009697212
GOTL,ISSUER_MULTIPLE_INSTRUMENT_SAME_MONTH,2023-05,GOTL A/SE0000105371|GOTL B/SE0000105397
SAVOS,ISSUER_MULTIPLE_INSTRUMENT_SAME_MONTH,2023-05,SAVOH/FI4000425848|SAVOS/FI4000425848
NYTTO,ISSUER_MULTIPLE_INSTRUMENT_SAME_MONTH,2023-05,NYTTO/SE0014808853|NYTTO PREF/SE0014808861
ADDV,ISSUER_MULTIPLE_INSTRUMENT_SAME_MONTH,2023-05,ADDV A/SE0001306119|ADDV B/SE0007464862
NANOFH,ISSUER_MULTIPLE_INSTRUMENT_SAME_MONTH,2023-05,NANOFH/FI4000330972|NANOFS/FI4000330972
ALM,ISSUER_MULTIPLE_INSTRUMENT_SAME_MONTH,2023-06,ALM/SE0018741985|ALM PREF/SE0004109627
AROS,ISSUER_MULTIPLE_INSTRUMENT_SAME_MONTH,2023-06,AROS/SE0010547786|AROS PREF B/SE0015195706
BONE,ISSUER_MULTIPLE_INSTRUMENT_SAME_MONTH,2023-06,BONEH/FI4000260583|BONEHN0123/FI4000556246
FOOT,ISSUER_MULTIPLE_INSTRUMENT_SAME_MONTH,2023-06,FOOT B/SE0011563295|FOOT PREF/SE0007186176
MERI,ISSUER_MULTIPLE_INSTRUMENT_SAME_MONTH,2023-06,MERIH/FI4000425848|MERIS/FI4000425848
QUART,ISSUER_MULTIPLE_INSTRUMENT_SAME_MONTH,2023-06,QUART/SE0009697204|QUART PREF/SE0009697212
GOTL,ISSUER_MULTIPLE_INSTRUMENT_SAME_MONTH,2023-06,GOTL A/SE0000105371|GOTL B/SE0000105397
NYTTO,ISSUER_MULTIPLE_INSTRUMENT_SAME_MONTH,2023-06,NYTTO/SE0014808853|NYTTO PREF/SE0014808861
ADDV,ISSUER_MULTIPLE_INSTRUMENT_SAME_MONTH,2023-06,ADDV A/SE0001306119|ADDV B/SE0007464862
NANOFH,ISSUER_MULTIPLE_INSTRUMENT_SAME_MONTH,2023-06,NANOFH/FI4000330972|NANOFS/FI4000330972
ALM,ISSUER_MULTIPLE_INSTRUMENT_SAME_MONTH,2023-07,ALM/SE0018741985|ALM PREF/SE0004109627
AROS,ISSUER_MULTIPLE_INSTRUMENT_SAME_MONTH,2023-07,AROS/SE0010547786|AROS PREF B/SE0015195706
FOOT,ISSUER_MULTIPLE_INSTRUMENT_SAME_MONTH,2023-07,FOOT B/SE0011563295|FOOT PREF/SE0007186176
MERI,ISSUER_MULTIPLE_INSTRUMENT_SAME_MONTH,2023-07,MERIH/FI4000425848|MERIS/FI4000425848
QUART,ISSUER_MULTIPLE_INSTRUMENT_SAME_MONTH,2023-07,QUART/SE0009697204|QUART PREF/SE0009697212
GOTL,ISSUER_MULTIPLE_INSTRUMENT_SAME_MONTH,2023-07,GOTL A/SE0000105371|GOTL B/SE0000105397
NYTTO,ISSUER_MULTIPLE_INSTRUMENT_SAME_MONTH,2023-07,NYTTO/SE0014808853|NYTTO PREF/SE0014808861
ADDV,ISSUER_MULTIPLE_INSTRUMENT_SAME_MONTH,2023-07,ADDV A/SE0001306119|ADDV B/SE0007464862
NANOFH,ISSUER_MULTIPLE_INSTRUMENT_SAME_MONTH,2023-07,NANOFH/FI4000330972|NANOFS/FI4000330972
ALM,ISSUER_MULTIPLE_INSTRUMENT_SAME_MONTH,2023-08,ALM/SE0018741985|ALM PREF/SE0004109627
AROS,ISSUER_MULTIPLE_INSTRUMENT_SAME_MONTH,2023-08,AROS/SE0010547786|AROS PREF B/SE0015195706
FOOT,ISSUER_MULTIPLE_INSTRUMENT_SAME_MONTH,2023-08,FOOT B/SE0011563295|FOOT PREF/SE0007186176
MERI,ISSUER_MULTIPLE_INSTRUMENT_SAME_MONTH,2023-08,MERIH/FI4000425848|MERIS/FI4000425848
QUART,ISSUER_MULTIPLE_INSTRUMENT_SAME_MONTH,2023-08,QUART/SE0009697204|QUART PREF/SE0009697212
GOTL,ISSUER_MULTIPLE_INSTRUMENT_SAME_MONTH,2023-08,GOTL A/SE0000105371|GOTL B/SE0000105397
NYTTO,ISSUER_MULTIPLE_INSTRUMENT_SAME_MONTH,2023-08,NYTTO/SE0014808853|NYTTO PREF/SE0014808861
ADDV,ISSUER_MULTIPLE_INSTRUMENT_SAME_MONTH,2023-08,ADDV A/SE0001306119|ADDV B/SE0007464862
NANOFH,ISSUER_MULTIPLE_INSTRUMENT_SAME_MONTH,2023-08,NANOFH/FI4000330972|NANOFS/FI4000330972
ALM,ISSUER_MULTIPLE_INSTRUMENT_SAME_MONTH,2023-09,ALM/SE0018741985|ALM PREF/SE0004109627
AROS,ISSUER_MULTIPLE_INSTRUMENT_SAME_MONTH,2023-09,AROS/SE0010547786|AROS PREF B/SE0015195706
FOOT,ISSUER_MULTIPLE_INSTRUMENT_SAME_MONTH,2023-09,FOOT B/SE0011563295|FOOT PREF/SE0007186176
MERI,ISSUER_MULTIPLE_INSTRUMENT_SAME_MONTH,2023-09,MERIH/FI4000425848|MERIS/FI4000425848
QUART,ISSUER_MULTIPLE_INSTRUMENT_SAME_MONTH,2023-09,QUART/SE0009697204|QUART PREF/SE0009697212
GOTL,ISSUER_MULTIPLE_INSTRUMENT_SAME_MONTH,2023-09,GOTL A/SE0000105371|GOTL B/SE0000105397
NYTTO,ISSUER_MULTIPLE_INSTRUMENT_SAME_MONTH,2023-09,NYTTO/SE0014808853|NYTTO PREF/SE0014808861
ADDV,ISSUER_MULTIPLE_INSTRUMENT_SAME_MONTH,2023-09,ADDV A/SE0001306119|ADDV B/SE0007464862
NANOFH,ISSUER_MULTIPLE_INSTRUMENT_SAME_MONTH,2023-09,NANOFH/FI4000330972|NANOFS/FI4000330972
NAVIGO,ISSUER_MULTIPLE_INSTRUMENT_SAME_MONTH,2023-09,NAVIGO PREF/SE0007100540|NAVIGO STAM/SE0007100532
ALM,ISSUER_MULTIPLE_INSTRUMENT_SAME_MONTH,2023-10,ALM/SE0018741985|ALM PREF/SE0004109627
AROS,ISSUER_MULTIPLE_INSTRUMENT_SAME_MONTH,2023-10,AROS/SE0010547786|AROS PREF B/SE0015195706
FOOT,ISSUER_MULTIPLE_INSTRUMENT_SAME_MONTH,2023-10,FOOT B/SE0011563295|FOOT PREF/SE0007186176
MERI,ISSUER_MULTIPLE_INSTRUMENT_SAME_MONTH,2023-10,MERIH/FI4000425848|MERIS/FI4000425848
QUART,ISSUER_MULTIPLE_INSTRUMENT_SAME_MONTH,2023-10,QUART/SE0009697204|QUART PREF/SE0009697212
GOTL,ISSUER_MULTIPLE_INSTRUMENT_SAME_MONTH,2023-10,GOTL A/SE0000105371|GOTL B/SE0000105397
NYTTO,ISSUER_MULTIPLE_INSTRUMENT_SAME_MONTH,2023-10,NYTTO/SE0014808853|NYTTO PREF/SE0014808861
ADDV,ISSUER_MULTIPLE_INSTRUMENT_SAME_MONTH,2023-10,ADDV A/SE0001306119|ADDV B/SE0007464862
NANOFH,ISSUER_MULTIPLE_INSTRUMENT_SAME_MONTH,2023-10,NANOFH/FI4000330972|NANOFS/FI4000330972
NAVIGO,ISSUER_MULTIPLE_INSTRUMENT_SAME_MONTH,2023-10,NAVIGO PREF/SE0007100540|NAVIGO STAM/SE0007100532
ALM,ISSUER_MULTIPLE_INSTRUMENT_SAME_MONTH,2023-11,ALM/SE0018741985|ALM PREF/SE0004109627
AROS,ISSUER_MULTIPLE_INSTRUMENT_SAME_MONTH,2023-11,AROS/SE0010547786|AROS PREF B/SE0015195706
BONE,ISSUER_MULTIPLE_INSTRUMENT_SAME_MONTH,2023-11,BONEH/FI4000260583|BONEHN0223/FI4000562327
FOOT,ISSUER_MULTIPLE_INSTRUMENT_SAME_MONTH,2023-11,FOOT B/SE0011563295|FOOT PREF/SE0007186176
MERI,ISSUER_MULTIPLE_INSTRUMENT_SAME_MONTH,2023-11,MERIH/FI4000425848|MERIS/FI4000425848
QUART,ISSUER_MULTIPLE_INSTRUMENT_SAME_MONTH,2023-11,QUART/SE0009697204|QUART PREF/SE0009697212
GOTL,ISSUER_MULTIPLE_INSTRUMENT_SAME_MONTH,2023-11,GOTL A/SE0000105371|GOTL B/SE0000105397
NYTTO,ISSUER_MULTIPLE_INSTRUMENT_SAME_MONTH,2023-11,NYTTO/SE0014808853|NYTTO PREF/SE0014808861
ADDV,ISSUER_MULTIPLE_INSTRUMENT_SAME_MONTH,2023-11,ADDV A/SE0001306119|ADDV B/SE0007464862
NANOFH,ISSUER_MULTIPLE_INSTRUMENT_SAME_MONTH,2023-11,NANOFH/FI4000330972|NANOFS/FI4000330972
NAVIGO,ISSUER_MULTIPLE_INSTRUMENT_SAME_MONTH,2023-11,NAVIGO PREF/SE0007100540|NAVIGO STAM/SE0007100532
ALM,ISSUER_MULTIPLE_INSTRUMENT_SAME_MONTH,2023-12,ALM/SE0018741985|ALM PREF/SE0004109627
AROS,ISSUER_MULTIPLE_INSTRUMENT_SAME_MONTH,2023-12,AROS/SE0010547786|AROS PREF B/SE0015195706
DUELL,ISSUER_MULTIPLE_INSTRUMENT_SAME_MONTH,2023-12,DUELL/FI4000513072|DUELLN0123/FI4000565627
FOOT,ISSUER_MULTIPLE_INSTRUMENT_SAME_MONTH,2023-12,FOOT B/SE0011563295|FOOT PREF/SE0007186176
MERI,ISSUER_MULTIPLE_INSTRUMENT_SAME_MONTH,2023-12,MERIH/FI4000425848|MERIS/FI4000425848
QUART,ISSUER_MULTIPLE_INSTRUMENT_SAME_MONTH,2023-12,QUART/SE0009697204|QUART PREF/SE0009697212
GOTL,ISSUER_MULTIPLE_INSTRUMENT_SAME_MONTH,2023-12,GOTL A/SE0000105371|GOTL B/SE0000105397
NYTTO,ISSUER_MULTIPLE_INSTRUMENT_SAME_MONTH,2023-12,NYTTO/SE0014808853|NYTTO PREF/SE0014808861
ADDV,ISSUER_MULTIPLE_INSTRUMENT_SAME_MONTH,2023-12,ADDV A/SE0001306119|ADDV B/SE0007464862
NANOFH,ISSUER_MULTIPLE_INSTRUMENT_SAME_MONTH,2023-12,NANOFH/FI4000330972|NANOFS/FI4000330972
NAVIGO,ISSUER_MULTIPLE_INSTRUMENT_SAME_MONTH,2023-12,NAVIGO PREF/SE0007100540|NAVIGO STAM/SE0007100532
ALM,ISSUER_MULTIPLE_INSTRUMENT_SAME_MONTH,2024-01,ALM/SE0018741985|ALM PREF/SE0004109627
AROS,ISSUER_MULTIPLE_INSTRUMENT_SAME_MONTH,2024-01,AROS/SE0010547786|AROS PREF B/SE0015195706
FOOT,ISSUER_MULTIPLE_INSTRUMENT_SAME_MONTH,2024-01,FOOT B/SE0011563295|FOOT PREF/SE0007186176
MERI,ISSUER_MULTIPLE_INSTRUMENT_SAME_MONTH,2024-01,MERIH/FI4000425848|MERIS/FI4000425848
QUART,ISSUER_MULTIPLE_INSTRUMENT_SAME_MONTH,2024-01,QUART/SE0009697204|QUART PREF/SE0009697212
GOTL,ISSUER_MULTIPLE_INSTRUMENT_SAME_MONTH,2024-01,GOTL A/SE0000105371|GOTL B/SE0000105397
NYTTO,ISSUER_MULTIPLE_INSTRUMENT_SAME_MONTH,2024-01,NYTTO/SE0014808853|NYTTO PREF/SE0014808861
ADDV,ISSUER_MULTIPLE_INSTRUMENT_SAME_MONTH,2024-01,ADDV A/|ADDV B/
NANOFH,ISSUER_MULTIPLE_INSTRUMENT_SAME_MONTH,2024-01,NANOFH/|NANOFS/
NAVIGO,ISSUER_MULTIPLE_INSTRUMENT_SAME_MONTH,2024-01,NAVIGO PREF/|NAVIGO STAM/
ALM,ISSUER_MULTIPLE_INSTRUMENT_SAME_MONTH,2024-02,ALM/SE0018741985|ALM PREF/SE0004109627
AROS,ISSUER_MULTIPLE_INSTRUMENT_SAME_MONTH,2024-02,AROS/SE0010547786|AROS PREF B/SE0015195706
FOOT,ISSUER_MULTIPLE_INSTRUMENT_SAME_MONTH,2024-02,FOOT B/SE0011563295|FOOT PREF/SE0007186176
MERI,ISSUER_MULTIPLE_INSTRUMENT_SAME_MONTH,2024-02,MERIH/FI4000425848|MERIS/FI4000425848
QUART,ISSUER_MULTIPLE_INSTRUMENT_SAME_MONTH,2024-02,QUART/SE0009697204|QUART PREF/SE0009697212
GOTL,ISSUER_MULTIPLE_INSTRUMENT_SAME_MONTH,2024-02,GOTL A/SE0000105371|GOTL B/SE0000105397
NYTTO,ISSUER_MULTIPLE_INSTRUMENT_SAME_MONTH,2024-02,NYTTO/SE0014808853|NYTTO PREF/SE0014808861
ADDV,ISSUER_MULTIPLE_INSTRUMENT_SAME_MONTH,2024-02,ADDV A/|ADDV B/
NANOFH,ISSUER_MULTIPLE_INSTRUMENT_SAME_MONTH,2024-02,NANOFH/|NANOFS/
NAVIGO,ISSUER_MULTIPLE_INSTRUMENT_SAME_MONTH,2024-02,NAVIGO PREF/|NAVIGO STAM/
ALM,ISSUER_MULTIPLE_INSTRUMENT_SAME_MONTH,2024-03,ALM/SE0018741985|ALM PREF/SE0004109627
AROS,ISSUER_MULTIPLE_INSTRUMENT_SAME_MONTH,2024-03,AROS/SE0010547786|AROS PREF B/SE0015195706
FOOT,ISSUER_MULTIPLE_INSTRUMENT_SAME_MONTH,2024-03,FOOT B/SE0011563295|FOOT PREF/SE0007186176
MERI,ISSUER_MULTIPLE_INSTRUMENT_SAME_MONTH,2024-03,MERIH/FI4000425848|MERIS/FI4000425848
QUART,ISSUER_MULTIPLE_INSTRUMENT_SAME_MONTH,2024-03,QUART/SE0009697204|QUART PREF/SE0009697212
GOTL,ISSUER_MULTIPLE_INSTRUMENT_SAME_MONTH,2024-03,GOTL A/SE0000105371|GOTL B/SE0000105397
NYTTO,ISSUER_MULTIPLE_INSTRUMENT_SAME_MONTH,2024-03,NYTTO/SE0014808853|NYTTO PREF/SE0014808861
ADDV,ISSUER_MULTIPLE_INSTRUMENT_SAME_MONTH,2024-03,ADDV A/|ADDV B/
NANOFH,ISSUER_MULTIPLE_INSTRUMENT_SAME_MONTH,2024-03,NANOFH/|NANOFS/
NAVIGO,ISSUER_MULTIPLE_INSTRUMENT_SAME_MONTH,2024-03,NAVIGO PREF/|NAVIGO STAM/
ALM,ISSUER_MULTIPLE_INSTRUMENT_SAME_MONTH,2024-04,ALM/SE0018741985|ALM PREF/SE0004109627
BESQAB,ISSUER_MULTIPLE_INSTRUMENT_SAME_MONTH,2024-04,BESQAB/SE0010547786|BESQAB PREF B/SE0015195706
FOOT,ISSUER_MULTIPLE_INSTRUMENT_SAME_MONTH,2024-04,FOOT B/SE0011563295|FOOT PREF/SE0007186176
MERI,ISSUER_MULTIPLE_INSTRUMENT_SAME_MONTH,2024-04,MERIH/FI4000425848|MERIS/FI4000425848
QUART,ISSUER_MULTIPLE_INSTRUMENT_SAME_MONTH,2024-04,QUART/SE0009697204|QUART PREF/SE0009697212
GOTL,ISSUER_MULTIPLE_INSTRUMENT_SAME_MONTH,2024-04,GOTL A/SE0000105371|GOTL B/SE0000105397
NYTTO,ISSUER_MULTIPLE_INSTRUMENT_SAME_MONTH,2024-04,NYTTO/SE0014808853|NYTTO PREF/SE0014808861
ADDV,ISSUER_MULTIPLE_INSTRUMENT_SAME_MONTH,2024-04,ADDV A/SE0001306119|ADDV B/SE0007464862
NANOFH,ISSUER_MULTIPLE_INSTRUMENT_SAME_MONTH,2024-04,NANOFH/FI4000330972|NANOFS/FI4000330972
NAVIGO,ISSUER_MULTIPLE_INSTRUMENT_SAME_MONTH,2024-04,NAVIGO PREF/SE0007100540|NAVIGO STAM/SE0007100532
ALM,ISSUER_MULTIPLE_INSTRUMENT_SAME_MONTH,2024-05,ALM/SE0018741985|ALM PREF/SE0004109627
BESQAB,ISSUER_MULTIPLE_INSTRUMENT_SAME_MONTH,2024-05,BESQAB/SE0010547786|BESQAB PREF B/SE0015195706
FOOT,ISSUER_MULTIPLE_INSTRUMENT_SAME_MONTH,2024-05,FOOT B/SE0011563295|FOOT PREF/SE0007186176
MERI,ISSUER_MULTIPLE_INSTRUMENT_SAME_MONTH,2024-05,MERIH/FI4000425848|MERIS/FI4000425848
PALLAS,ISSUER_MULTIPLE_INSTRUMENT_SAME_MONTH,2024-05,PALLAS/FI4000518386|PALLASN0124/FI4000570569
QUART,ISSUER_MULTIPLE_INSTRUMENT_SAME_MONTH,2024-05,QUART/SE0009697204|QUART PREF/SE0009697212
GOTL,ISSUER_MULTIPLE_INSTRUMENT_SAME_MONTH,2024-05,GOTL A/SE0000105371|GOTL B/SE0000105397
NYTTO,ISSUER_MULTIPLE_INSTRUMENT_SAME_MONTH,2024-05,NYTTO/SE0014808853|NYTTO PREF/SE0014808861
ADDV,ISSUER_MULTIPLE_INSTRUMENT_SAME_MONTH,2024-05,ADDV A/SE0001306119|ADDV B/SE0007464862
NANOFH,ISSUER_MULTIPLE_INSTRUMENT_SAME_MONTH,2024-05,NANOFH/FI4000330972|NANOFS/FI4000330972
NAVIGO,ISSUER_MULTIPLE_INSTRUMENT_SAME_MONTH,2024-05,NAVIGO PREF/SE0007100540|NAVIGO STAM/SE0007100532
ALM,ISSUER_MULTIPLE_INSTRUMENT_SAME_MONTH,2024-06,ALM/SE0018741985|ALM PREF/SE0004109627
BESQAB,ISSUER_MULTIPLE_INSTRUMENT_SAME_MONTH,2024-06,BESQAB/SE0010547786|BESQAB PREF B/SE0015195706
FOOT,ISSUER_MULTIPLE_INSTRUMENT_SAME_MONTH,2024-06,FOOT B/SE0011563295|FOOT PREF/SE0007186176
MERI,ISSUER_MULTIPLE_INSTRUMENT_SAME_MONTH,2024-06,MERIH/FI4000425848|MERIS/FI4000425848
QUART,ISSUER_MULTIPLE_INSTRUMENT_SAME_MONTH,2024-06,QUART/SE0009697204|QUART PREF/SE0009697212
GOTL,ISSUER_MULTIPLE_INSTRUMENT_SAME_MONTH,2024-06,GOTL A/SE0000105371|GOTL B/SE0000105397
NYTTO,ISSUER_MULTIPLE_INSTRUMENT_SAME_MONTH,2024-06,NYTTO/SE0014808853|NYTTO PREF/SE0014808861
TINGS,ISSUER_MULTIPLE_INSTRUMENT_SAME_MONTH,2024-06,TINGS A/SE0018534471|TINGS B/SE0018534497|TINGS PREF/SE0018040727
ADDV,ISSUER_MULTIPLE_INSTRUMENT_SAME_MONTH,2024-06,ADDV A/SE0001306119|ADDV B/SE0007464862
NANOFH,ISSUER_MULTIPLE_INSTRUMENT_SAME_MONTH,2024-06,NANOFH/FI4000330972|NANOFS/FI4000330972
NAVIGO,ISSUER_MULTIPLE_INSTRUMENT_SAME_MONTH,2024-06,NAVIGO PREF/SE0007100540|NAVIGO STAM/SE0007100532
ALM,ISSUER_MULTIPLE_INSTRUMENT_SAME_MONTH,2024-07,ALM/SE0018741985|ALM PREF/SE0004109627
BESQAB,ISSUER_MULTIPLE_INSTRUMENT_SAME_MONTH,2024-07,BESQAB/SE0010547786|BESQAB PREF B/SE0015195706
FOOT,ISSUER_MULTIPLE_INSTRUMENT_SAME_MONTH,2024-07,FOOT B/SE0011563295|FOOT PREF/SE0007186176
MERI,ISSUER_MULTIPLE_INSTRUMENT_SAME_MONTH,2024-07,MERIH/FI4000425848|MERIS/FI4000425848
QUART,ISSUER_MULTIPLE_INSTRUMENT_SAME_MONTH,2024-07,QUART/SE0009697204|QUART PREF/SE0009697212
GOTL,ISSUER_MULTIPLE_INSTRUMENT_SAME_MONTH,2024-07,GOTL A/SE0000105371|GOTL B/SE0000105397
NYTTO,ISSUER_MULTIPLE_INSTRUMENT_SAME_MONTH,2024-07,NYTTO/SE0014808853|NYTTO PREF/SE0014808861
TINGS,ISSUER_MULTIPLE_INSTRUMENT_SAME_MONTH,2024-07,TINGS A/SE0018534471|TINGS B/SE0018534497|TINGS PREF/SE0018040727
ADDV,ISSUER_MULTIPLE_INSTRUMENT_SAME_MONTH,2024-07,ADDV A/SE0001306119|ADDV B/SE0007464862
NANOFH,ISSUER_MULTIPLE_INSTRUMENT_SAME_MONTH,2024-07,NANOFH/FI4000330972|NANOFS/FI4000330972
NAVIGO,ISSUER_MULTIPLE_INSTRUMENT_SAME_MONTH,2024-07,NAVIGO PREF/SE0007100540|NAVIGO STAM/SE0007100532
ALM,ISSUER_MULTIPLE_INSTRUMENT_SAME_MONTH,2024-08,ALM/SE0018741985|ALM PREF/SE0004109627
BESQAB,ISSUER_MULTIPLE_INSTRUMENT_SAME_MONTH,2024-08,BESQAB/SE0010547786|BESQAB PREF B/SE0015195706
FOOT,ISSUER_MULTIPLE_INSTRUMENT_SAME_MONTH,2024-08,FOOT B/SE0011563295|FOOT PREF/SE0007186176
MERI,ISSUER_MULTIPLE_INSTRUMENT_SAME_MONTH,2024-08,MERIH/FI4000425848|MERIS/FI4000425848
QUART,ISSUER_MULTIPLE_INSTRUMENT_SAME_MONTH,2024-08,QUART/SE0009697204|QUART PREF/SE0009697212
GOTL,ISSUER_MULTIPLE_INSTRUMENT_SAME_MONTH,2024-08,GOTL A/SE0000105371|GOTL B/SE0000105397
TINGS,ISSUER_MULTIPLE_INSTRUMENT_SAME_MONTH,2024-08,TINGS A/SE0018534471|TINGS B/SE0018534497|TINGS PREF/SE0018040727
ADDV,ISSUER_MULTIPLE_INSTRUMENT_SAME_MONTH,2024-08,ADDV A/SE0001306119|ADDV B/SE0007464862
NANOFH,ISSUER_MULTIPLE_INSTRUMENT_SAME_MONTH,2024-08,NANOFH/FI4000330972|NANOFS/FI4000330972
NAVIGO,ISSUER_MULTIPLE_INSTRUMENT_SAME_MONTH,2024-08,NAVIGO PREF/SE0007100540|NAVIGO STAM/SE0007100532
ALM,ISSUER_MULTIPLE_INSTRUMENT_SAME_MONTH,2024-09,ALM/SE0018741985|ALM PREF/SE0004109627
BONE,ISSUER_MULTIPLE_INSTRUMENT_SAME_MONTH,2024-09,BONEH/FI4000260583|BONEHN0124/FI4000577887
BESQAB,ISSUER_MULTIPLE_INSTRUMENT_SAME_MONTH,2024-09,BESQAB/SE0010547786|BESQAB PREF B/SE0015195706
BOHO,ISSUER_MULTIPLE_INSTRUMENT_SAME_MONTH,2024-09,BOHO/SE0009697204|BOHO PREF/SE0009697212
FOOT,ISSUER_MULTIPLE_INSTRUMENT_SAME_MONTH,2024-09,FOOT B/SE0011563295|FOOT PREF/SE0007186176
MERI,ISSUER_MULTIPLE_INSTRUMENT_SAME_MONTH,2024-09,MERIH/FI4000425848|MERIS/FI4000425848
GOTL,ISSUER_MULTIPLE_INSTRUMENT_SAME_MONTH,2024-09,GOTL A/SE0000105371|GOTL B/SE0000105397
TINGS,ISSUER_MULTIPLE_INSTRUMENT_SAME_MONTH,2024-09,TINGS A/SE0018534471|TINGS B/SE0018534497|TINGS PREF/SE0018040727
ADDV,ISSUER_MULTIPLE_INSTRUMENT_SAME_MONTH,2024-09,ADDV A/SE0001306119|ADDV B/SE0007464862
NANOFH,ISSUER_MULTIPLE_INSTRUMENT_SAME_MONTH,2024-09,NANOFH/FI4000330972|NANOFS/FI4000330972
NAVIGO,ISSUER_MULTIPLE_INSTRUMENT_SAME_MONTH,2024-09,NAVIGO PREF/SE0007100540|NAVIGO STAM/SE0007100532
ADDV,ISSUER_MULTIPLE_INSTRUMENT_SAME_MONTH,2024-10,ADDV A/SE0001306119|ADDV B/SE0007464862
NANOFH,ISSUER_MULTIPLE_INSTRUMENT_SAME_MONTH,2024-10,NANOFH/FI4000330972|NANOFS/FI4000330972
NAVIGO,ISSUER_MULTIPLE_INSTRUMENT_SAME_MONTH,2024-10,NAVIGO PREF/SE0007100540|NAVIGO STAM/SE0007100532
ALM,ISSUER_MULTIPLE_INSTRUMENT_SAME_MONTH,2024-10,ALM/SE0018741985|ALM PREF/SE0004109627
BESQAB,ISSUER_MULTIPLE_INSTRUMENT_SAME_MONTH,2024-10,BESQAB/SE0010547786|BESQAB PREF B/SE0015195706
BOHO,ISSUER_MULTIPLE_INSTRUMENT_SAME_MONTH,2024-10,BOHO/SE0009697204|BOHO PREF/SE0009697212
FOOT,ISSUER_MULTIPLE_INSTRUMENT_SAME_MONTH,2024-10,FOOT B/SE0011563295|FOOT PREF/SE0007186176
MERI,ISSUER_MULTIPLE_INSTRUMENT_SAME_MONTH,2024-10,MERIH/FI4000425848|MERIS/FI4000425848
GOTL,ISSUER_MULTIPLE_INSTRUMENT_SAME_MONTH,2024-10,GOTL A/SE0000105371|GOTL B/SE0000105397
TINGS,ISSUER_MULTIPLE_INSTRUMENT_SAME_MONTH,2024-10,TINGS A/SE0018534471|TINGS B/SE0018534497|TINGS PREF/SE0018040727
ADDV,ISSUER_MULTIPLE_INSTRUMENT_SAME_MONTH,2024-11,ADDV A/SE0001306119|ADDV B/SE0007464862
NANOFH,ISSUER_MULTIPLE_INSTRUMENT_SAME_MONTH,2024-11,NANOFH/FI4000330972|NANOFS/FI4000330972
NAVIGO,ISSUER_MULTIPLE_INSTRUMENT_SAME_MONTH,2024-11,NAVIGO PREF/SE0007100540|NAVIGO STAM/SE0007100532
ALM,ISSUER_MULTIPLE_INSTRUMENT_SAME_MONTH,2024-11,ALM/|ALM PREF/
BESQAB,ISSUER_MULTIPLE_INSTRUMENT_SAME_MONTH,2024-11,BESQAB/|BESQAB PREF B/
BOHO,ISSUER_MULTIPLE_INSTRUMENT_SAME_MONTH,2024-11,BOHO/|BOHO PREF/
ECTM,ISSUER_MULTIPLE_INSTRUMENT_SAME_MONTH,2024-11,ECTM B/|ECTM PREF/
MERI,ISSUER_MULTIPLE_INSTRUMENT_SAME_MONTH,2024-11,MERIH/|MERIS/
GOTL,ISSUER_MULTIPLE_INSTRUMENT_SAME_MONTH,2024-11,GOTL A/|GOTL B/
TINGS,ISSUER_MULTIPLE_INSTRUMENT_SAME_MONTH,2024-11,TINGS A/|TINGS B/|TINGS PREF/
ADDV,ISSUER_MULTIPLE_INSTRUMENT_SAME_MONTH,2024-12,ADDV A/SE0001306119|ADDV B/SE0007464862
NANOFH,ISSUER_MULTIPLE_INSTRUMENT_SAME_MONTH,2024-12,NANOFH/FI4000330972|NANOFS/FI4000330972
NAVIGO,ISSUER_MULTIPLE_INSTRUMENT_SAME_MONTH,2024-12,NAVIGO PREF/SE0007100540|NAVIGO STAM/SE0007100532
ALM,ISSUER_MULTIPLE_INSTRUMENT_SAME_MONTH,2024-12,ALM/|ALM PREF/
BESQAB,ISSUER_MULTIPLE_INSTRUMENT_SAME_MONTH,2024-12,BESQAB/|BESQAB PREF B/
BOHO,ISSUER_MULTIPLE_INSTRUMENT_SAME_MONTH,2024-12,BOHO/|BOHO PREF/
ECTM,ISSUER_MULTIPLE_INSTRUMENT_SAME_MONTH,2024-12,ECTM B/|ECTM PREF/
MERI,ISSUER_MULTIPLE_INSTRUMENT_SAME_MONTH,2024-12,MERIH/|MERIS/
ORTI,ISSUER_MULTIPLE_INSTRUMENT_SAME_MONTH,2024-12,ORTI A/|ORTI B/
GOTL,ISSUER_MULTIPLE_INSTRUMENT_SAME_MONTH,2024-12,GOTL A/|GOTL B/
TINGS,ISSUER_MULTIPLE_INSTRUMENT_SAME_MONTH,2024-12,TINGS A/|TINGS B/|TINGS PREF/
ADDV,ISSUER_MULTIPLE_INSTRUMENT_SAME_MONTH,2025-01,ADDV A/SE0001306119|ADDV B/SE0007464862
NANOFH,ISSUER_MULTIPLE_INSTRUMENT_SAME_MONTH,2025-01,NANOFH/FI4000330972|NANOFS/FI4000330972
NAVIGO,ISSUER_MULTIPLE_INSTRUMENT_SAME_MONTH,2025-01,NAVIGO PREF/SE0007100540|NAVIGO STAM/SE0007100532
ALM,ISSUER_MULTIPLE_INSTRUMENT_SAME_MONTH,2025-01,ALM/|ALM PREF/
BESQAB,ISSUER_MULTIPLE_INSTRUMENT_SAME_MONTH,2025-01,BESQAB/|BESQAB PREF B/
BOHO,ISSUER_MULTIPLE_INSTRUMENT_SAME_MONTH,2025-01,BOHO/|BOHO PREF/
ECTM,ISSUER_MULTIPLE_INSTRUMENT_SAME_MONTH,2025-01,ECTM B/|ECTM PREF/
MERI,ISSUER_MULTIPLE_INSTRUMENT_SAME_MONTH,2025-01,MERIH/|MERIS/
ORTI,ISSUER_MULTIPLE_INSTRUMENT_SAME_MONTH,2025-01,ORTI A/|ORTI B/
GOTL,ISSUER_MULTIPLE_INSTRUMENT_SAME_MONTH,2025-01,GOTL A/|GOTL B/
TINGS,ISSUER_MULTIPLE_INSTRUMENT_SAME_MONTH,2025-01,TINGS A/|TINGS B/|TINGS PREF/
ADDV,ISSUER_MULTIPLE_INSTRUMENT_SAME_MONTH,2025-02,ADDV A/SE0001306119|ADDV B/SE0007464862
NANOFH,ISSUER_MULTIPLE_INSTRUMENT_SAME_MONTH,2025-02,NANOFH/FI4000330972|NANOFS/FI4000330972
NAVIGO,ISSUER_MULTIPLE_INSTRUMENT_SAME_MONTH,2025-02,NAVIGO PREF/SE0007100540|NAVIGO STAM/SE0007100532
ALM,ISSUER_MULTIPLE_INSTRUMENT_SAME_MONTH,2025-02,ALM/|ALM PREF/
BESQAB,ISSUER_MULTIPLE_INSTRUMENT_SAME_MONTH,2025-02,BESQAB/|BESQAB PREF B/
BOHO,ISSUER_MULTIPLE_INSTRUMENT_SAME_MONTH,2025-02,BOHO/|BOHO PREF/
ECTM,ISSUER_MULTIPLE_INSTRUMENT_SAME_MONTH,2025-02,ECTM B/|ECTM PREF/
MERI,ISSUER_MULTIPLE_INSTRUMENT_SAME_MONTH,2025-02,MERIH/|MERIS/
ORTI,ISSUER_MULTIPLE_INSTRUMENT_SAME_MONTH,2025-02,ORTI A/|ORTI B/
GOTL,ISSUER_MULTIPLE_INSTRUMENT_SAME_MONTH,2025-02,GOTL A/|GOTL B/
TINGS,ISSUER_MULTIPLE_INSTRUMENT_SAME_MONTH,2025-02,TINGS A/|TINGS B/|TINGS PREF/
ADDV,ISSUER_MULTIPLE_INSTRUMENT_SAME_MONTH,2025-03,ADDV A/SE0001306119|ADDV B/SE0007464862
NANOFH,ISSUER_MULTIPLE_INSTRUMENT_SAME_MONTH,2025-03,NANOFH/FI4000330972|NANOFS/FI4000330972
NAVIGO,ISSUER_MULTIPLE_INSTRUMENT_SAME_MONTH,2025-03,NAVIGO PREF/SE0007100540|NAVIGO STAM/SE0007100532
ALM,ISSUER_MULTIPLE_INSTRUMENT_SAME_MONTH,2025-03,ALM/|ALM PREF/
BESQAB,ISSUER_MULTIPLE_INSTRUMENT_SAME_MONTH,2025-03,BESQAB/|BESQAB PREF B/
BOHO,ISSUER_MULTIPLE_INSTRUMENT_SAME_MONTH,2025-03,BOHO/|BOHO PREF/
CMH,ISSUER_MULTIPLE_INSTRUMENT_SAME_MONTH,2025-03,CMH/|CMH PREF/
ECTM,ISSUER_MULTIPLE_INSTRUMENT_SAME_MONTH,2025-03,ECTM B/|ECTM PREF/
MERI,ISSUER_MULTIPLE_INSTRUMENT_SAME_MONTH,2025-03,MERIH/|MERIS/
ORTI,ISSUER_MULTIPLE_INSTRUMENT_SAME_MONTH,2025-03,ORTI A/|ORTI B/
GOTL,ISSUER_MULTIPLE_INSTRUMENT_SAME_MONTH,2025-03,GOTL A/|GOTL B/
TINGS,ISSUER_MULTIPLE_INSTRUMENT_SAME_MONTH,2025-03,TINGS A/|TINGS B/|TINGS PREF/
ADDV,ISSUER_MULTIPLE_INSTRUMENT_SAME_MONTH,2025-04,ADDV A/SE0001306119|ADDV B/SE0007464862
NANOFH,ISSUER_MULTIPLE_INSTRUMENT_SAME_MONTH,2025-04,NANOFH/FI4000330972|NANOFS/FI4000330972
NAVIGO,ISSUER_MULTIPLE_INSTRUMENT_SAME_MONTH,2025-04,NAVIGO PREF/SE0007100540|NAVIGO STAM/SE0007100532
ALM,ISSUER_MULTIPLE_INSTRUMENT_SAME_MONTH,2025-04,ALM/|ALM PREF/
BESQAB,ISSUER_MULTIPLE_INSTRUMENT_SAME_MONTH,2025-04,BESQAB/|BESQAB PREF B/
BOHO,ISSUER_MULTIPLE_INSTRUMENT_SAME_MONTH,2025-04,BOHO/|BOHO PREF/
CMH,ISSUER_MULTIPLE_INSTRUMENT_SAME_MONTH,2025-04,CMH/|CMH PREF/
MERI,ISSUER_MULTIPLE_INSTRUMENT_SAME_MONTH,2025-04,MERIH/|MERIS/
ORTI,ISSUER_MULTIPLE_INSTRUMENT_SAME_MONTH,2025-04,ORTI A/|ORTI B/
GOTL,ISSUER_MULTIPLE_INSTRUMENT_SAME_MONTH,2025-04,GOTL A/|GOTL B/
TINGS,ISSUER_MULTIPLE_INSTRUMENT_SAME_MONTH,2025-04,TINGS A/|TINGS B/|TINGS PREF/
ADDV,ISSUER_MULTIPLE_INSTRUMENT_SAME_MONTH,2025-05,ADDV A/SE0001306119|ADDV B/SE0007464862
NANOFH,ISSUER_MULTIPLE_INSTRUMENT_SAME_MONTH,2025-05,NANOFH/FI4000330972|NANOFS/FI4000330972
NAVIGO,ISSUER_MULTIPLE_INSTRUMENT_SAME_MONTH,2025-05,NAVIGO PREF/SE0007100540|NAVIGO STAM/SE0007100532
ALM,ISSUER_MULTIPLE_INSTRUMENT_SAME_MONTH,2025-05,ALM/SE0018741985|ALM PREF/SE0004109627
BESQAB,ISSUER_MULTIPLE_INSTRUMENT_SAME_MONTH,2025-05,BESQAB/SE0010547786|BESQAB PREF B/SE0015195706
BOHO,ISSUER_MULTIPLE_INSTRUMENT_SAME_MONTH,2025-05,BOHO/SE0009697204|BOHO PREF/SE0009697212
CMH,ISSUER_MULTIPLE_INSTRUMENT_SAME_MONTH,2025-05,CMH/SE0022726139|CMH PREF/SE0023848619
MERI,ISSUER_MULTIPLE_INSTRUMENT_SAME_MONTH,2025-05,MERIH/FI4000425848|MERIS/FI4000425848
ORTI,ISSUER_MULTIPLE_INSTRUMENT_SAME_MONTH,2025-05,ORTI A/SE0000188930|ORTI B/SE0000123085
GOTL,ISSUER_MULTIPLE_INSTRUMENT_SAME_MONTH,2025-05,GOTL A/SE0000105371|GOTL B/SE0000105397
TINGS,ISSUER_MULTIPLE_INSTRUMENT_SAME_MONTH,2025-05,TINGS A/SE0018534471|TINGS B/SE0018534497|TINGS PREF/SE0018040727
ADDV,ISSUER_MULTIPLE_INSTRUMENT_SAME_MONTH,2025-06,ADDV A/SE0001306119|ADDV B/SE0007464862
NANOFH,ISSUER_MULTIPLE_INSTRUMENT_SAME_MONTH,2025-06,NANOFH/FI4000330972|NANOFS/FI4000330972
NAVIGO,ISSUER_MULTIPLE_INSTRUMENT_SAME_MONTH,2025-06,NAVIGO PREF/SE0007100540|NAVIGO STAM/SE0007100532
ALM,ISSUER_MULTIPLE_INSTRUMENT_SAME_MONTH,2025-06,ALM/|ALM PREF/
BOHO,ISSUER_MULTIPLE_INSTRUMENT_SAME_MONTH,2025-06,BOHO/|BOHO PREF/
CMH,ISSUER_MULTIPLE_INSTRUMENT_SAME_MONTH,2025-06,CMH/|CMH PREF/
ORTI,ISSUER_MULTIPLE_INSTRUMENT_SAME_MONTH,2025-06,ORTI A/|ORTI B/
GOTL,ISSUER_MULTIPLE_INSTRUMENT_SAME_MONTH,2025-06,GOTL A/|GOTL B/
SUMMA,ISSUER_MULTIPLE_INSTRUMENT_SAME_MONTH,2025-06,SUMMA/|SUMMAS/
TINGS,ISSUER_MULTIPLE_INSTRUMENT_SAME_MONTH,2025-06,TINGS A/|TINGS B/|TINGS PREF/
ADDV,ISSUER_MULTIPLE_INSTRUMENT_SAME_MONTH,2025-07,ADDV A/SE0001306119|ADDV B/SE0007464862
NANOFH,ISSUER_MULTIPLE_INSTRUMENT_SAME_MONTH,2025-07,NANOFH/FI4000330972|NANOFS/FI4000330972
NAVIGO,ISSUER_MULTIPLE_INSTRUMENT_SAME_MONTH,2025-07,NAVIGO PREF/SE0007100540|NAVIGO STAM/SE0007100532
ALM,ISSUER_MULTIPLE_INSTRUMENT_SAME_MONTH,2025-07,ALM/|ALM PREF/
BOHO,ISSUER_MULTIPLE_INSTRUMENT_SAME_MONTH,2025-07,BOHO/|BOHO PREF/
CMH,ISSUER_MULTIPLE_INSTRUMENT_SAME_MONTH,2025-07,CMH/|CMH PREF/
ORTI,ISSUER_MULTIPLE_INSTRUMENT_SAME_MONTH,2025-07,ORTI A/|ORTI B/
GOTL,ISSUER_MULTIPLE_INSTRUMENT_SAME_MONTH,2025-07,GOTL A/|GOTL B/
SUMMA,ISSUER_MULTIPLE_INSTRUMENT_SAME_MONTH,2025-07,SUMMA/|SUMMAS/
TINGS,ISSUER_MULTIPLE_INSTRUMENT_SAME_MONTH,2025-07,TINGS A/|TINGS B/|TINGS PREF/
ADDV,ISSUER_MULTIPLE_INSTRUMENT_SAME_MONTH,2025-08,ADDV A/SE0001306119|ADDV B/SE0007464862
NANOFH,ISSUER_MULTIPLE_INSTRUMENT_SAME_MONTH,2025-08,NANOFH/FI4000330972|NANOFS/FI4000330972
NAVIGO,ISSUER_MULTIPLE_INSTRUMENT_SAME_MONTH,2025-08,NAVIGO PREF/SE0007100540|NAVIGO STAM/SE0007100532
ALM,ISSUER_MULTIPLE_INSTRUMENT_SAME_MONTH,2025-08,ALM/SE0018741985|ALM PREF/SE0004109627
BOHO,ISSUER_MULTIPLE_INSTRUMENT_SAME_MONTH,2025-08,BOHO/SE0009697204|BOHO PREF/SE0009697212
CMH,ISSUER_MULTIPLE_INSTRUMENT_SAME_MONTH,2025-08,CMH/SE0022726139|CMH PREF/SE0023848619
ORTI,ISSUER_MULTIPLE_INSTRUMENT_SAME_MONTH,2025-08,ORTI A/SE0000188930|ORTI B/SE0000123085
GOTL,ISSUER_MULTIPLE_INSTRUMENT_SAME_MONTH,2025-08,GOTL A/SE0000105371|GOTL B/SE0000105397
SUMMA,ISSUER_MULTIPLE_INSTRUMENT_SAME_MONTH,2025-08,SUMMA/FI4000425848|SUMMAS/FI4000425848
TINGS,ISSUER_MULTIPLE_INSTRUMENT_SAME_MONTH,2025-08,TINGS A/SE0018534471|TINGS B/SE0018534497|TINGS PREF/SE0018040727
ADDV,ISSUER_MULTIPLE_INSTRUMENT_SAME_MONTH,2025-09,ADDV A/SE0001306119|ADDV B/SE0007464862
NANOFH,ISSUER_MULTIPLE_INSTRUMENT_SAME_MONTH,2025-09,NANOFH/FI4000330972|NANOFS/FI4000330972
NAVIGO,ISSUER_MULTIPLE_INSTRUMENT_SAME_MONTH,2025-09,NAVIGO PREF/SE0007100540|NAVIGO STAM/SE0007100532
ALM,ISSUER_MULTIPLE_INSTRUMENT_SAME_MONTH,2025-09,ALM/|ALM PREF/
BOHO,ISSUER_MULTIPLE_INSTRUMENT_SAME_MONTH,2025-09,BOHO/|BOHO PREF/
CMH,ISSUER_MULTIPLE_INSTRUMENT_SAME_MONTH,2025-09,CMH/|CMH PREF/
ORTI,ISSUER_MULTIPLE_INSTRUMENT_SAME_MONTH,2025-09,ORTI A/|ORTI B/
GOTL,ISSUER_MULTIPLE_INSTRUMENT_SAME_MONTH,2025-09,GOTL A/|GOTL B/
SUMMA,ISSUER_MULTIPLE_INSTRUMENT_SAME_MONTH,2025-09,SUMMA/|SUMMAS/
TINGS,ISSUER_MULTIPLE_INSTRUMENT_SAME_MONTH,2025-09,TINGS A/|TINGS B/|TINGS PREF/
ADDV,ISSUER_MULTIPLE_INSTRUMENT_SAME_MONTH,2025-10,ADDV A/SE0001306119|ADDV B/SE0007464862
NANOFH,ISSUER_MULTIPLE_INSTRUMENT_SAME_MONTH,2025-10,NANOFH/FI4000330972|NANOFS/FI4000330972
NAVIGO,ISSUER_MULTIPLE_INSTRUMENT_SAME_MONTH,2025-10,NAVIGO PREF/SE0007100540|NAVIGO STAM/SE0007100532
ADDV,ISSUER_MULTIPLE_INSTRUMENT_SAME_MONTH,2025-11,ADDV A/SE0001306119|ADDV B/SE0007464862
NANOF,ISSUER_MULTIPLE_INSTRUMENT_SAME_MONTH,2025-11,NANOFH/FI4000330972|NANOFS/FI4000330972
NAVIGO,ISSUER_MULTIPLE_INSTRUMENT_SAME_MONTH,2025-11,NAVIGO PREF/SE0007100540|NAVIGO STAM/SE0007100532
ALM,ISSUER_MULTIPLE_INSTRUMENT_SAME_MONTH,2025-11,ALM/|ALM PREF/
BOHO,ISSUER_MULTIPLE_INSTRUMENT_SAME_MONTH,2025-11,BOHO/|BOHO PREF/
CMH,ISSUER_MULTIPLE_INSTRUMENT_SAME_MONTH,2025-11,CMH/|CMH PREF/
ORTI,ISSUER_MULTIPLE_INSTRUMENT_SAME_MONTH,2025-11,ORTI A/|ORTI B/
GOTL,ISSUER_MULTIPLE_INSTRUMENT_SAME_MONTH,2025-11,GOTL A/|GOTL B/
SUMMA,ISSUER_MULTIPLE_INSTRUMENT_SAME_MONTH,2025-11,SUMMA/|SUMMAS/
TINGS,ISSUER_MULTIPLE_INSTRUMENT_SAME_MONTH,2025-11,TINGS A/|TINGS B/|TINGS PREF/
ADDV,ISSUER_MULTIPLE_INSTRUMENT_SAME_MONTH,2025-12,ADDV A/SE0001306119|ADDV B/SE0007464862
NANOF,ISSUER_MULTIPLE_INSTRUMENT_SAME_MONTH,2025-12,NANOFH/FI4000330972|NANOFS/FI4000330972
NAVIGO,ISSUER_MULTIPLE_INSTRUMENT_SAME_MONTH,2025-12,NAVIGO PREF/SE0007100540|NAVIGO STAM/SE0007100532
ALM,ISSUER_MULTIPLE_INSTRUMENT_SAME_MONTH,2025-12,ALM/SE0018741985|ALM PREF/SE0004109627
BOHO,ISSUER_MULTIPLE_INSTRUMENT_SAME_MONTH,2025-12,BOHO/SE0009697204|BOHO PREF/SE0009697212
CMH,ISSUER_MULTIPLE_INSTRUMENT_SAME_MONTH,2025-12,CMH/SE0022726139|CMH PREF/SE0023848619
ORTI,ISSUER_MULTIPLE_INSTRUMENT_SAME_MONTH,2025-12,ORTI A/SE0000188930|ORTI B/SE0000123085
GOTL,ISSUER_MULTIPLE_INSTRUMENT_SAME_MONTH,2025-12,GOTL A/SE0000105371|GOTL B/SE0000105397
SUMMA,ISSUER_MULTIPLE_INSTRUMENT_SAME_MONTH,2025-12,SUMMA/FI4000592282|SUMMAS/FI4000592282
TINGS,ISSUER_MULTIPLE_INSTRUMENT_SAME_MONTH,2025-12,TINGS A/SE0018534471|TINGS B/SE0018534497|TINGS PREF/SE0018040727
ADDV,ISSUER_MULTIPLE_INSTRUMENT_SAME_MONTH,2026-01,ADDV A/SE0001306119|ADDV B/SE0007464862
NANOF,ISSUER_MULTIPLE_INSTRUMENT_SAME_MONTH,2026-01,NANOFH/FI4000330972|NANOFS/FI4000330972
NAVIGO,ISSUER_MULTIPLE_INSTRUMENT_SAME_MONTH,2026-01,NAVIGO PREF/SE0007100540|NAVIGO STAM/SE0007100532
ALM,ISSUER_MULTIPLE_INSTRUMENT_SAME_MONTH,2026-01,ALM/SE0018741985|ALM PREF/SE0004109627
BOHO,ISSUER_MULTIPLE_INSTRUMENT_SAME_MONTH,2026-01,BOHO/SE0009697204|BOHO PREF/SE0009697212
CMH,ISSUER_MULTIPLE_INSTRUMENT_SAME_MONTH,2026-01,CMH/SE0022726139|CMH PREF/SE0023848619
ORTI,ISSUER_MULTIPLE_INSTRUMENT_SAME_MONTH,2026-01,ORTI A/SE0000188930|ORTI B/SE0000123085
GOTL,ISSUER_MULTIPLE_INSTRUMENT_SAME_MONTH,2026-01,GOTL A/SE0000105371|GOTL B/SE0000105397
SUMMA,ISSUER_MULTIPLE_INSTRUMENT_SAME_MONTH,2026-01,SUMMA/FI4000592282|SUMMAS/FI4000592282
TINGS,ISSUER_MULTIPLE_INSTRUMENT_SAME_MONTH,2026-01,TINGS A/SE0018534471|TINGS B/SE0018534497|TINGS PREF/SE0018040727
NANOF,ISSUER_MULTIPLE_INSTRUMENT_SAME_MONTH,2026-02,NANOFH/FI4000330972|NANOFS/FI4000330972
NAVIGO,ISSUER_MULTIPLE_INSTRUMENT_SAME_MONTH,2026-02,NAVIGO PREF/SE0007100540|NAVIGO STAM/SE0007100532
ALM,ISSUER_MULTIPLE_INSTRUMENT_SAME_MONTH,2026-02,ALM/SE0018741985|ALM PREF/SE0004109627
BOHO,ISSUER_MULTIPLE_INSTRUMENT_SAME_MONTH,2026-02,BOHO/SE0009697204|BOHO PREF/SE0009697212
CMH,ISSUER_MULTIPLE_INSTRUMENT_SAME_MONTH,2026-02,CMH/SE0022726139|CMH PREF/SE0023848619
ORTI,ISSUER_MULTIPLE_INSTRUMENT_SAME_MONTH,2026-02,ORTI A/SE0000188930|ORTI B/SE0000123085
GOTL,ISSUER_MULTIPLE_INSTRUMENT_SAME_MONTH,2026-02,GOTL A/SE0000105371|GOTL B/SE0000105397
SUMMA,ISSUER_MULTIPLE_INSTRUMENT_SAME_MONTH,2026-02,SUMMA/FI4000592282|SUMMAS/FI4000592282
TINGS,ISSUER_MULTIPLE_INSTRUMENT_SAME_MONTH,2026-02,TINGS A/SE0018534471|TINGS B/SE0018534497|TINGS PREF/SE0018040727
NANOF,ISSUER_MULTIPLE_INSTRUMENT_SAME_MONTH,2026-03,NANOFH/FI4000330972|NANOFS/FI4000330972
NAVIGO,ISSUER_MULTIPLE_INSTRUMENT_SAME_MONTH,2026-03,NAVIGO PREF/SE0007100540|NAVIGO STAM/SE0007100532
ALM,ISSUER_MULTIPLE_INSTRUMENT_SAME_MONTH,2026-03,ALM/SE0018741985|ALM PREF/SE0004109627
BOHO,ISSUER_MULTIPLE_INSTRUMENT_SAME_MONTH,2026-03,BOHO/SE0009697204|BOHO PREF/SE0009697212
ORTI,ISSUER_MULTIPLE_INSTRUMENT_SAME_MONTH,2026-03,ORTI A/SE0000188930|ORTI B/SE0000123085
GOTL,ISSUER_MULTIPLE_INSTRUMENT_SAME_MONTH,2026-03,GOTL A/SE0000105371|GOTL B/SE0000105397
SUMMA,ISSUER_MULTIPLE_INSTRUMENT_SAME_MONTH,2026-03,SUMMA/FI4000592282|SUMMAS/FI4000592282
TINGS,ISSUER_MULTIPLE_INSTRUMENT_SAME_MONTH,2026-03,TINGS A/SE0018534471|TINGS B/SE0018534497|TINGS PREF/SE0018040727
NANOF,ISSUER_MULTIPLE_INSTRUMENT_SAME_MONTH,2026-04,NANOFH/FI4000330972|NANOFS/FI4000330972
NAVIGO,ISSUER_MULTIPLE_INSTRUMENT_SAME_MONTH,2026-04,NAVIGO PREF/SE0007100540|NAVIGO STAM/SE0007100532
ALM,ISSUER_MULTIPLE_INSTRUMENT_SAME_MONTH,2026-04,ALM/SE0018741985|ALM PREF/SE0004109627
BOHO,ISSUER_MULTIPLE_INSTRUMENT_SAME_MONTH,2026-04,BOHO/SE0009697204|BOHO PREF/SE0009697212
ORTI,ISSUER_MULTIPLE_INSTRUMENT_SAME_MONTH,2026-04,ORTI A/SE0000188930|ORTI B/SE0000123085
GOTL,ISSUER_MULTIPLE_INSTRUMENT_SAME_MONTH,2026-04,GOTL A/SE0000105371|GOTL B/SE0000105397
SUMMA,ISSUER_MULTIPLE_INSTRUMENT_SAME_MONTH,2026-04,SUMMA/FI4000592282|SUMMAS/FI4000592282
TINGS,ISSUER_MULTIPLE_INSTRUMENT_SAME_MONTH,2026-04,TINGS A/SE0018534471|TINGS B/SE0018534497|TINGS PREF/SE0018040727
NANOF,ISSUER_MULTIPLE_INSTRUMENT_SAME_MONTH,2026-05,NANOFH/FI4000330972|NANOFS/FI4000330972
NAVIGO,ISSUER_MULTIPLE_INSTRUMENT_SAME_MONTH,2026-05,NAVIGO PREF/SE0007100540|NAVIGO STAM/SE0007100532
NANOF,ISSUER_MULTIPLE_INSTRUMENT_SAME_MONTH,2026-06,NANOFH/FI4000330972|NANOFS/FI4000330972
NAVIGO,ISSUER_MULTIPLE_INSTRUMENT_SAME_MONTH,2026-06,NAVIGO PREF/SE0007100540|NAVIGO STAM/SE0007100532
NANOF,ISSUER_MULTIPLE_INSTRUMENT_SAME_MONTH,2026-07,NANOFH/FI4000330972|NANOFS/FI4000330972
NAVIGO,ISSUER_MULTIPLE_INSTRUMENT_SAME_MONTH,2026-07,NAVIGO PREF/SE0007100540|NAVIGO STAM/SE0007100532
