attachment_object_id,attachment_url,cache_status,classification_reason,common_neutral_fields,disclosure_id,extracted_observations,filename,final_classification,first_north_markers,local_path,main_market_markers,provenance_verification,publication_timestamp,report_month,sha256,sheet_names
69906523b31c7a4229e6ef11edecade9dab1a62dafa36bf82f822ea8036d8ce7,https://attachment.news.eu.nasdaq.com/ada5704339aa4eeb61386d2e24490a96e,FRESH_OR_PROVENANCE_EXACT,positive First North workbook content; shared Nasdaq fields treated as neutral,company code|issuer code|orderbook code,362287,131,equity trading by company and instrument - first north 0908.xls,FIRST_NORTH_LEGACY_V1,legacy_sheet+content:Company Trading Overview/First North|content:First North,raw/nasdaq_segment/first_north_cns_objects/69/69906523b31c7a4229e6ef11edecade9dab1a62dafa36bf82f822ea8036d8ce7.xls,,PASS,2009-09-03 08:42:55,2009-08,bca3b4266a24e533bab550589fa1523071065416bd1df9ade4f2458a573d469b,Contents|Company Trading Overview|Instrument Trading Details
2d886b08c18454c7da805985ac69ba9318fa3dcfc6e531103ace62b36ed3da56,https://attachment.news.eu.nasdaq.com/a2b0da685c31d36533ffbda7f71bc8450,FRESH_OR_PROVENANCE_EXACT,positive First North workbook content; shared Nasdaq fields treated as neutral,company code|issuer code|orderbook code,367101,131,equity trading by company and instrument - first north 0909.xls,FIRST_NORTH_LEGACY_V1,legacy_sheet+content:Company Trading Overview/First North|content:First North,raw/nasdaq_segment/first_north_cns_objects/2d/2d886b08c18454c7da805985ac69ba9318fa3dcfc6e531103ace62b36ed3da56.xls,,PASS,2009-10-05 16:22:21,2009-09,16424a026bdd0805894e11388cd68752bc4a79b44593e9a387b55f414c385731,Contents|Company Trading Overview|Instrument Trading Details
0ee4cf55d4442ae5a2a258b164eaaab06ac7efd1e5b896952618c41349467ad0,https://attachment.news.eu.nasdaq.com/a74779c43baffa090e18cbbde7d654fd2,FRESH_OR_PROVENANCE_EXACT,positive First North workbook content; shared Nasdaq fields treated as neutral,company code|issuer code|orderbook code,372271,132,equity trading by company and instrument - first north 0910.xls,FIRST_NORTH_LEGACY_V1,legacy_sheet+content:Company Trading Overview/First North|content:First North,raw/nasdaq_segment/first_north_cns_objects/0e/0ee4cf55d4442ae5a2a258b164eaaab06ac7efd1e5b896952618c41349467ad0.xls,,PASS,2009-11-05 13:06:26,2009-10,6b7a3229f805e64cbd8d8003f49cc8649754e5bf157ce2e270585641945731bc,Contents|Company Trading Overview|Instrument Trading Details
f76315196b34da7f5389d7c2aff286c0b7a2662157a83b36438bb6355f77e3ff,https://attachment.news.eu.nasdaq.com/a32a74097d802051485bc1bbebedd1c65,FRESH_OR_PROVENANCE_EXACT,positive First North workbook content; shared Nasdaq fields treated as neutral,company code|issuer code|orderbook code,376411,132,equity trading by company and instrument - first north 0911.xls,FIRST_NORTH_LEGACY_V1,legacy_sheet+content:Company Trading Overview/First North|content:First North,raw/nasdaq_segment/first_north_cns_objects/f7/f76315196b34da7f5389d7c2aff286c0b7a2662157a83b36438bb6355f77e3ff.xls,,PASS,2009-12-02 16:14:38,2009-11,26a2e597b4c2df5b626221d603bb6da51f5925854f0e4e7a3f8a38b4b2c3f94b,Contents|Company Trading Overview|Instrument Trading Details
c1c8fe00a81ddd31aeca04e0f0b2b65d271fd956c56af16530fa6ceb0ea27f5c,https://attachment.news.eu.nasdaq.com/a9d2d10b2b53c390fbcb984567bdf5ed9,FRESH_OR_PROVENANCE_EXACT,positive First North workbook content; shared Nasdaq fields treated as neutral,company code|issuer code|orderbook code,381026,131,equity trading by company and instrument - first north 0912.xls,FIRST_NORTH_LEGACY_V1,legacy_sheet+content:Company Trading Overview/First North|content:First North,raw/nasdaq_segment/first_north_cns_objects/c1/c1c8fe00a81ddd31aeca04e0f0b2b65d271fd956c56af16530fa6ceb0ea27f5c.xls,,PASS,2010-01-13 18:07:16,2009-12,6c8aa918c8ab9634c7802b2cb60abb29e80b9e12874d7c7efd6f61ee488167f9,Contents|Company Trading Overview|Instrument Trading Details
d8cfd9ee38c2aeedbfec25ee2b688090c430b50c149fd82583f35456e5427696,https://attachment.news.eu.nasdaq.com/a4b16bc9451a921c0a347af1bd2bfc327,FRESH_OR_PROVENANCE_EXACT,positive First North workbook content; shared Nasdaq fields treated as neutral,company code|issuer code|orderbook code,384746,128,equity trading by company and instrument - first north 1001.xls,FIRST_NORTH_LEGACY_V1,legacy_sheet+content:Company Trading Overview/First North|content:First North,raw/nasdaq_segment/first_north_cns_objects/d8/d8cfd9ee38c2aeedbfec25ee2b688090c430b50c149fd82583f35456e5427696.xls,,PASS,2010-02-10 15:29:44,2010-01,f1ef37aed653ec9bed43f7fc0c91cb3bbe7bdb36ecdd803cb99d90405eb04236,Contents|Company Trading Overview|Instrument Trading Details
973a7b35efa7f99d4b9c06fc3ba1d1bf530d4f69d7aeba3e858a4b2ec0e3c8a1,https://attachment.news.eu.nasdaq.com/a036d33a2cb75b20443b51525396eec3b,FRESH_OR_PROVENANCE_EXACT,positive First North workbook content; shared Nasdaq fields treated as neutral,company code|issuer code|orderbook code,396461,128,equity trading by company and instrument - first north 1003.xls,FIRST_NORTH_LEGACY_V1,legacy_sheet+content:Company Trading Overview/First North|content:First North,raw/nasdaq_segment/first_north_cns_objects/97/973a7b35efa7f99d4b9c06fc3ba1d1bf530d4f69d7aeba3e858a4b2ec0e3c8a1.xls,,PASS,2010-04-15 10:17:11,2010-03,81ce4ea0fb1be223d94a77a3b3433e82d0d1a16c3c74cf8bbadc09a9fd35226c,Contents|Company Trading Overview|Instrument Trading Details
dac6d0d1c1943d80e834a56a1815d8f7b1074e86d8d76702becfcb325091dd3d,https://attachment.news.eu.nasdaq.com/a09c1759ff0e64480854acd141ac34e2e,FRESH_OR_PROVENANCE_EXACT,positive First North workbook content; shared Nasdaq fields treated as neutral,company code|issuer code|orderbook code,406081,127,equity trading by company and instrument - first north 1005.xls,FIRST_NORTH_LEGACY_V1,legacy_sheet+content:Company Trading Overview/First North|content:First North,raw/nasdaq_segment/first_north_cns_objects/da/dac6d0d1c1943d80e834a56a1815d8f7b1074e86d8d76702becfcb325091dd3d.xls,,PASS,2010-06-03 16:40:44,2010-05,d18fd19909ed4cf04a9fd4a5ff9e5198e9768aaf13655d7dce343d4922de8f88,Contents|Company Trading Overview|Instrument Trading Details
513bcb8d90ec31c3e4b79ae3e18a1f563e79d2be360df718f3090de5e9a8a4ad,https://attachment.news.eu.nasdaq.com/aa44bfa701d53e0aadcfe67c0f2e3e2fe,FRESH_OR_PROVENANCE_EXACT,positive First North workbook content; shared Nasdaq fields treated as neutral,company code|issuer code|orderbook code,409548,122,equity trading by company and instrument - first north 1006.xls,FIRST_NORTH_LEGACY_V1,legacy_sheet+content:Company Trading Overview/First North|content:First North,raw/nasdaq_segment/first_north_cns_objects/51/513bcb8d90ec31c3e4b79ae3e18a1f563e79d2be360df718f3090de5e9a8a4ad.xls,,PASS,2010-07-02 17:02:18,2010-06,4490a7c501a7a1e730b8dfef861a3c0c7c88e26fa55f04bb7b8e00481c65f716,Contents|Company Trading Overview|Instrument Trading Details
880c4d80b9c5565f34abb03a65ffdcafef207119b7ca5b0bcc7743b820ede1fe,https://attachment.news.eu.nasdaq.com/a2c4d86ee264efa470b171f92235244eb,FRESH_OR_PROVENANCE_EXACT,positive First North workbook content; shared Nasdaq fields treated as neutral,company code|issuer code|orderbook code,412965,127,equity trading by company and instrument - first north 1007.xls,FIRST_NORTH_LEGACY_V1,legacy_sheet+content:Company Trading Overview/First North|content:First North,raw/nasdaq_segment/first_north_cns_objects/88/880c4d80b9c5565f34abb03a65ffdcafef207119b7ca5b0bcc7743b820ede1fe.xls,,PASS,2010-08-09 10:30:11,2010-07,cc469c6a12efeb1aaeee579ad9cc731a9699c2f2d51bd20bcb854ef303e58117,Contents|Company Trading Overview|Instrument Trading Details
9f1737a1471c7c38ec189bd19f414215f1bde4c9f529bb36f5f3ec8413bd0c3f,https://attachment.news.eu.nasdaq.com/ac2f6da42bbc56502e59ff52f805a98f8,FRESH_OR_PROVENANCE_EXACT,positive First North workbook content; shared Nasdaq fields treated as neutral,company code|issuer code|orderbook code,418482,128,equity trading by company and instrument - first north 1008.xls,FIRST_NORTH_LEGACY_V1,legacy_sheet+content:Company Trading Overview/First North|content:First North,raw/nasdaq_segment/first_north_cns_objects/9f/9f1737a1471c7c38ec189bd19f414215f1bde4c9f529bb36f5f3ec8413bd0c3f.xls,,PASS,2010-09-21 10:55:42,2010-08,8950ff1d8b44c75dbbd5ae7f4592ab1c58065cb47dd41c7856a186c795835ac3,Contents|Company Trading Overview|Instrument Trading Details
f1b744d4358623a5b1b96607d21f4a2808242f9e83083138bd0be0a71fa33803,https://attachment.news.eu.nasdaq.com/addf6a49bb482a28a18bf206cab58afc2,FRESH_OR_PROVENANCE_EXACT,positive First North workbook content; shared Nasdaq fields treated as neutral,company code|issuer code|orderbook code,420815,129,equity trading by company and instrument - first north 1009.xls,FIRST_NORTH_LEGACY_V1,legacy_sheet+content:Company Trading Overview/First North|content:First North,raw/nasdaq_segment/first_north_cns_objects/f1/f1b744d4358623a5b1b96607d21f4a2808242f9e83083138bd0be0a71fa33803.xls,,PASS,2010-10-08 14:48:39,2010-09,69975bcf445026dee3321b08169367e3957c1f038c81519854d0322973924fe4,Contents|Company Trading Overview|Instrument Trading Details
8974f963812ca63b8b24497b6e304cfd3403f51b8266edb62aab36863e2075ba,https://attachment.news.eu.nasdaq.com/a9f305a52596feb0771097c53dc7d0f73,FRESH_OR_PROVENANCE_EXACT,positive First North workbook content; shared Nasdaq fields treated as neutral,company code|issuer code|orderbook code,424488,129,equity trading by company and instrument - first north 1010.xls,FIRST_NORTH_LEGACY_V1,legacy_sheet+content:Company Trading Overview/First North|content:First North,raw/nasdaq_segment/first_north_cns_objects/89/8974f963812ca63b8b24497b6e304cfd3403f51b8266edb62aab36863e2075ba.xls,,PASS,2010-11-03 11:17:27,2010-10,fcddce91c9b2634c2fc95458025677ee350b2c9528f69c0d040f3b0634112df1,Contents|Company Trading Overview|Instrument Trading Details
1ee97ec74d19c83082fbbb3c52bf75f739b55ee934d1d2b9ddc2ae207979615d,https://attachment.news.eu.nasdaq.com/a4c6eb9844760e9b19a7f6253b52b9a34,FRESH_OR_PROVENANCE_EXACT,positive First North workbook content; shared Nasdaq fields treated as neutral,company code|issuer code|orderbook code,429267,132,equity trading by company and instrument - first north 1011.xls,FIRST_NORTH_LEGACY_V1,legacy_sheet+content:Company Trading Overview/First North|content:First North,raw/nasdaq_segment/first_north_cns_objects/1e/1ee97ec74d19c83082fbbb3c52bf75f739b55ee934d1d2b9ddc2ae207979615d.xls,,PASS,2010-12-07 14:34:34,2010-11,3083a33a0aabfc0951f1d5152c4323d06375851312605bfc917c6c0f89509352,Contents|Company Trading Overview|Instrument Trading Details
3926c518c43c7dd6179f34dfe9a50392f53eb6ec49ad2fa0466cc7626cf78e2c,https://attachment.news.eu.nasdaq.com/a68b80f36944398e50a69046b3242533f,FRESH_OR_PROVENANCE_EXACT,positive First North workbook content; shared Nasdaq fields treated as neutral,company code|issuer code|orderbook code,435523,126,Equity Trading by Company and Instrument - First North 1012.xls,FIRST_NORTH_LEGACY_V1,legacy_sheet+content:Company Trading Overview/First North|content:First North,raw/nasdaq_segment/first_north_cns_objects/39/3926c518c43c7dd6179f34dfe9a50392f53eb6ec49ad2fa0466cc7626cf78e2c.xls,,PASS,2011-01-27 15:39:21,2010-12,41a6a65ae5f2e569322a3845554801bd2b62765a97f0c4f6e583a7c69c7f102a,Contents|Company Trading Overview|Instrument Trading Details
659fdf2c048b3914313283dc045c44807c8bb3089bca67042fb7ee9dc544f3b5,https://attachment.news.eu.nasdaq.com/a8c726ceacab43d50528f25e9a6b99348,FRESH_OR_PROVENANCE_EXACT,positive First North workbook content; shared Nasdaq fields treated as neutral,company code|issuer code|orderbook code,437663,132,Equity Trading by Company and Instrument - First North 1101.xls,FIRST_NORTH_LEGACY_V1,legacy_sheet+content:Company Trading Overview/First North|content:First North,raw/nasdaq_segment/first_north_cns_objects/65/659fdf2c048b3914313283dc045c44807c8bb3089bca67042fb7ee9dc544f3b5.xls,,PASS,2011-02-09 12:53:09,2011-01,cc3bc7ada467d30128ea2a8242255e6cc3e7e6671d62f2da9a3276e3a642586a,Contents|Company Trading Overview|Instrument Trading Details
6750f172321d97048fb006239938dfe34b7bbacc9e91456dac4d1eaab0e7aeee,https://attachment.news.eu.nasdaq.com/a796893085397d63317b9fde50c35c0ed,FRESH_OR_PROVENANCE_EXACT,positive First North workbook content; shared Nasdaq fields treated as neutral,company code|issuer code|orderbook code,442380,125,Equity Trading by Company and Instrument - First North 1102.xls,FIRST_NORTH_LEGACY_V1,legacy_sheet+content:Company Trading Overview/First North|content:First North,raw/nasdaq_segment/first_north_cns_objects/67/6750f172321d97048fb006239938dfe34b7bbacc9e91456dac4d1eaab0e7aeee.xls,,PASS,2011-03-09 15:23:01,2011-02,92df5bacd36f3ec200e4f0f4642cefad761475e22c8eca91f549e2aa45e04001,Contents|Company Trading Overview|Instrument Trading Details
c8a91d2f626d55e4af93036f33c28eedf6ba55f161f72603fcc8e35d9fa597fc,https://attachment.news.eu.nasdaq.com/a758bc51be499374dfc91091256310d50,FRESH_OR_PROVENANCE_EXACT,positive First North workbook content; shared Nasdaq fields treated as neutral,company code|issuer code|orderbook code,447487,124,Equity Trading by Company and Instrument - First North 1103.xls,FIRST_NORTH_LEGACY_V1,legacy_sheet+content:Company Trading Overview/First North|content:First North,raw/nasdaq_segment/first_north_cns_objects/c8/c8a91d2f626d55e4af93036f33c28eedf6ba55f161f72603fcc8e35d9fa597fc.xls,,PASS,2011-04-07 12:14:07,2011-03,14f02d25cfebba4c45590990ff8a840bee1892fee58f6a983159fdd93923c28c,Contents|Company Trading Overview|Instrument Trading Details
00223d10a74aa9a2a81d84f65def58ab290cbc588905dd20d26fe3cca044dedb,https://attachment.news.eu.nasdaq.com/a2471d82769a7db7cdcd1561eff090886,FRESH_OR_PROVENANCE_EXACT,positive First North workbook content; shared Nasdaq fields treated as neutral,company code|issuer code|orderbook code,453264,127,Equity Trading by Company and Instrument - First North 1104.xls,FIRST_NORTH_LEGACY_V1,legacy_sheet+content:Company Trading Overview/First North|content:First North,raw/nasdaq_segment/first_north_cns_objects/00/00223d10a74aa9a2a81d84f65def58ab290cbc588905dd20d26fe3cca044dedb.xls,,PASS,2011-05-10 16:00:54,2011-04,290890d43c4979be7510f023bb68ee76d2882236508f1668deb82932147e7612,Contents|Company Trading Overview|Instrument Trading Details
bc8d806402dbd421af5482c908a7d8765c8e61dfe5e18ace9e8c4dc693811d9a,https://attachment.news.eu.nasdaq.com/a80988edfdc7cf37bd159392399fc6781,FRESH_OR_PROVENANCE_EXACT,positive First North workbook content; shared Nasdaq fields treated as neutral,company code|issuer code|orderbook code,457699,129,Equity Trading by Company and Instrument - First North 1105.xls,FIRST_NORTH_LEGACY_V1,legacy_sheet+content:Company Trading Overview/First North|content:First North,raw/nasdaq_segment/first_north_cns_objects/bc/bc8d806402dbd421af5482c908a7d8765c8e61dfe5e18ace9e8c4dc693811d9a.xls,,PASS,2011-06-13 12:45:07,2011-05,ad11e43d71f6c1b04ca303f0a134712ce32a88211e612839ac6115781d1f2c62,Contents|Company Trading Overview|Instrument Trading Details
ad7096ab7de0ebbff4ac89bb1526075a91b0cb9e9d705eec3ece9060f38f676e,https://attachment.news.eu.nasdaq.com/a6dd2e16cde83be5a793cdd4304d2510d,FRESH_OR_PROVENANCE_EXACT,positive First North workbook content; shared Nasdaq fields treated as neutral,company code|issuer code|orderbook code,463133,129,Equity Trading by Company and Instrument - First North 1106.xls,FIRST_NORTH_LEGACY_V1,legacy_sheet+content:Company Trading Overview/First North|content:First North,raw/nasdaq_segment/first_north_cns_objects/ad/ad7096ab7de0ebbff4ac89bb1526075a91b0cb9e9d705eec3ece9060f38f676e.xls,,PASS,2011-07-25 14:01:59,2011-06,b3b4d03f28a49a6cb854ed285ca689dc7fd381945164c6d688eb217b8b08e3d4,Contents|Company Trading Overview|Instrument Trading Details
d9d76a5e3d3f4c0f6b208c882641c774fd153796c3ae84fc144f19e58f384397,https://attachment.news.eu.nasdaq.com/a79bbadfceaee19400736127a25dd8550,FRESH_OR_PROVENANCE_EXACT,positive First North workbook content; shared Nasdaq fields treated as neutral,company code|issuer code|orderbook code,463929,130,Equity Trading by Company and Instrument - First North 1107.xls,FIRST_NORTH_LEGACY_V1,legacy_sheet+content:Company Trading Overview/First North|content:First North,raw/nasdaq_segment/first_north_cns_objects/d9/d9d76a5e3d3f4c0f6b208c882641c774fd153796c3ae84fc144f19e58f384397.xls,,PASS,2011-08-01 16:58:28,2011-07,a0b56d8cf0cd004e1df6e232f0656fd806efe1105afefb7d223bf6f52627616a,Contents|Company Trading Overview|Instrument Trading Details
c18d8897f1f0ee05d4ad09f6953ef0b3a0d78845fefefb4264a25512b0eec550,https://attachment.news.eu.nasdaq.com/a070c9b544a5218171acf43e8cc1ead36,FRESH_OR_PROVENANCE_EXACT,positive First North workbook content; shared Nasdaq fields treated as neutral,company code|issuer code|orderbook code,469986,128,Equity Trading by Company and Instrument - First North 1108.xls,FIRST_NORTH_LEGACY_V1,legacy_sheet+content:Company Trading Overview/First North|content:First North,raw/nasdaq_segment/first_north_cns_objects/c1/c18d8897f1f0ee05d4ad09f6953ef0b3a0d78845fefefb4264a25512b0eec550.xls,,PASS,2011-09-15 14:20:26,2011-08,19a0ba83f445f8093648bb7b6431702b01cc3b8e207fdc41a7cc5cd6fa996d95,Contents|Company Trading Overview|Instrument Trading Details
505e6d91afd38e28c17f7c9adb82a45867f8ddaf4667287f8b63eafc3e0471a4,https://attachment.news.eu.nasdaq.com/a39927e51ef3055066daf9eae781ef7c3,FRESH_OR_PROVENANCE_EXACT,positive First North workbook content; shared Nasdaq fields treated as neutral,company code|issuer code|orderbook code,473591,128,Equity Trading by Company and Instrument - First North 1109.xls,FIRST_NORTH_LEGACY_V1,legacy_sheet+content:Company Trading Overview/First North|content:First North,raw/nasdaq_segment/first_north_cns_objects/50/505e6d91afd38e28c17f7c9adb82a45867f8ddaf4667287f8b63eafc3e0471a4.xls,,PASS,2011-10-14 10:36:23,2011-09,df55bb8f3185730fdf7ef80ff86cf1763a1f0590f3b58f2c45f4a21c9908afee,Contents|Company Trading Overview|Instrument Trading Details
277b1bc573b99ff5c43cd647d3e6ba31562812ce63611dd15f731ca16031f4a7,https://attachment.news.eu.nasdaq.com/a345468e1c70221f58fd86ac1f15aacf8,FRESH_OR_PROVENANCE_EXACT,positive First North workbook content; shared Nasdaq fields treated as neutral,company code|issuer code|orderbook code,477720,128,Equity Trading by Company and Instrument - First North 1110.xls,FIRST_NORTH_LEGACY_V1,legacy_sheet+content:Company Trading Overview/First North|content:First North,raw/nasdaq_segment/first_north_cns_objects/27/277b1bc573b99ff5c43cd647d3e6ba31562812ce63611dd15f731ca16031f4a7.xls,,PASS,2011-11-10 13:00:53,2011-10,bd9a4ea0898a32e133d26dc61028a6972be24b44d029b1de225aedc793c53727,Contents|Company Trading Overview|Instrument Trading Details
b4fa66dc7f0595a59a91664d768902b95d626fe28ec9d5d0e36715164257bd80,https://attachment.news.eu.nasdaq.com/a1bd376fec4939f16b31f13aa04f9ffdb,FRESH_OR_PROVENANCE_EXACT,positive First North workbook content; shared Nasdaq fields treated as neutral,company code|issuer code|orderbook code,483289,129,Equity Trading by Company and Instrument - First North 1111.xls,FIRST_NORTH_LEGACY_V1,legacy_sheet+content:Company Trading Overview/First North|content:First North,raw/nasdaq_segment/first_north_cns_objects/b4/b4fa66dc7f0595a59a91664d768902b95d626fe28ec9d5d0e36715164257bd80.xls,,PASS,2011-12-20 15:29:49,2011-11,f7a8fce8b5d2cc95c7892edcf96acbfd2189b7f9bb6d66c3985e527858fa887c,Contents|Company Trading Overview|Instrument Trading Details
8999983e8427c7eedc3c2e387c2a58dad9702ef6c25619266c93168d9ee61aa1,https://attachment.news.eu.nasdaq.com/aa19f39a90311968e9f34de23aa766a6d,FRESH_OR_PROVENANCE_EXACT,positive First North workbook content; shared Nasdaq fields treated as neutral,company code|issuer code|orderbook code,486968,134,Equity Trading by Company and Instrument - First North 1112.xls,FIRST_NORTH_LEGACY_V1,legacy_sheet+content:Company Trading Overview/First North|content:First North,raw/nasdaq_segment/first_north_cns_objects/89/8999983e8427c7eedc3c2e387c2a58dad9702ef6c25619266c93168d9ee61aa1.xls,,PASS,2012-01-23 13:39:05,2011-12,ad618243e54887af6930d86274047eb3fe7526b48817243e2252ea888fb786c4,Contents|Company Trading Overview|Instrument Trading Details
77ac6ae8ae096fc1a6daf8b5666e4e5b25243a7af7c7c98b7eeffa168a7784f9,https://attachment.news.eu.nasdaq.com/a3a6821b48efc918253a2739b571e2bad,FRESH_OR_PROVENANCE_EXACT,positive First North workbook content; shared Nasdaq fields treated as neutral,company code|issuer code|orderbook code,490964,133,Equity Trading by Company and Instrument - First North 1201.xls,FIRST_NORTH_LEGACY_V1,legacy_sheet+content:Company Trading Overview/First North|content:First North,raw/nasdaq_segment/first_north_cns_objects/77/77ac6ae8ae096fc1a6daf8b5666e4e5b25243a7af7c7c98b7eeffa168a7784f9.xls,,PASS,2012-02-15 14:28:00,2012-01,ba41fd5d36f43a69b427fde6462ad32259dd85522e6402c9ce8b337760d17625,Contents|Company Trading Overview|Instrument Trading Details
31f3d2758b7a162c2ca20145780d96e35ae1ad77fb847c22be2fbd2b9c00bad2,https://attachment.news.eu.nasdaq.com/af5c6906db87d904acd550b8e81e9ecac,FRESH_OR_PROVENANCE_EXACT,positive First North workbook content; shared Nasdaq fields treated as neutral,company code|issuer code|orderbook code,497006,133,Equity Trading by Company and Instrument - First North 1202.xls,FIRST_NORTH_LEGACY_V1,legacy_sheet+content:Company Trading Overview/First North|content:First North,raw/nasdaq_segment/first_north_cns_objects/31/31f3d2758b7a162c2ca20145780d96e35ae1ad77fb847c22be2fbd2b9c00bad2.xls,,PASS,2012-03-22 13:36:14,2012-02,4566e892d1903e38c0a929e710d398566eac88656ae40bb7c17b6cf761ecd978,Contents|Company Trading Overview|Instrument Trading Details
4a85f5e4b88d4b6df5f814d2d6e97c241ffd8998b7cbfa4a68959f600f7da0a4,https://attachment.news.eu.nasdaq.com/a268611292f4ba69adeeb03d1cae32be8,FRESH_OR_PROVENANCE_EXACT,positive First North workbook content; shared Nasdaq fields treated as neutral,company code|issuer code|orderbook code,503100,132,Equity Trading by Company and Instrument - First North 1203.xls,FIRST_NORTH_LEGACY_V1,legacy_sheet+content:Company Trading Overview/First North|content:First North,raw/nasdaq_segment/first_north_cns_objects/4a/4a85f5e4b88d4b6df5f814d2d6e97c241ffd8998b7cbfa4a68959f600f7da0a4.xls,,PASS,2012-04-26 14:00:21,2012-03,6e3ad16a0ef9dfac9a8fb629ef9c5915631d7d148c0a5ecf9b213341caaaaf3d,Contents|Company Trading Overview|Instrument Trading Details
e7bf92550664202d35cc36acb140e876743dc283468a98a5f2bdaa18db7c629d,https://attachment.news.eu.nasdaq.com/a4ae71716d86706fa032b40312fdc6e41,FRESH_OR_PROVENANCE_EXACT,positive First North workbook content; shared Nasdaq fields treated as neutral,company code|issuer code|orderbook code,505550,132,Equity Trading by Company and Instrument - First North 1204.xls,FIRST_NORTH_LEGACY_V1,legacy_sheet+content:Company Trading Overview/First North|content:First North,raw/nasdaq_segment/first_north_cns_objects/e7/e7bf92550664202d35cc36acb140e876743dc283468a98a5f2bdaa18db7c629d.xls,,PASS,2012-05-09 14:41:33,2012-04,d45d8f8290afcc0ea0ebc0fb410f1cd9cbde04bd05a560caeacd595857563168,Contents|Company Trading Overview|Instrument Trading Details
0095c1be584eec77a502058190e1cbceed7258ffd6509f3f39ce9db9179e5c13,https://attachment.news.eu.nasdaq.com/aff0fb4649ab920e2dff4fbcb5982a231,FRESH_OR_PROVENANCE_EXACT,positive First North workbook content; shared Nasdaq fields treated as neutral,company code|issuer code|orderbook code,509807,130,Equity Trading by Company and Instrument - First North 1205.xls,FIRST_NORTH_LEGACY_V1,legacy_sheet+content:Company Trading Overview/First North|content:First North,raw/nasdaq_segment/first_north_cns_objects/00/0095c1be584eec77a502058190e1cbceed7258ffd6509f3f39ce9db9179e5c13.xls,,PASS,2012-06-07 12:50:02,2012-05,d1d27e4a0d674982452aecbf5586a13e6d72ae9b4c6b3bb857adde01ad05a5db,Contents|Company Trading Overview|Instrument Trading Details
d120294064bdd43dd6610afaa5f6c88cd86bf6eab21e625da22124314f99b5eb,https://attachment.news.eu.nasdaq.com/ac4f54bf2d831685bd4f4dec27adb3d8d,FRESH_OR_PROVENANCE_EXACT,positive First North workbook content; shared Nasdaq fields treated as neutral,company code|issuer code|orderbook code,516862,128,Equity Trading by Company and Instrument - First North 1207.xls,FIRST_NORTH_LEGACY_V1,legacy_sheet+content:Company Trading Overview/First North|content:First North,raw/nasdaq_segment/first_north_cns_objects/d1/d120294064bdd43dd6610afaa5f6c88cd86bf6eab21e625da22124314f99b5eb.xls,,PASS,2012-08-07 15:37:38,2012-07,e36575b7e6e16f191c5af276cfea65b3a2018dba36dbbb4b7f17520397dccaa4,Contents|Company Trading Overview|Instrument Trading Details
5a6f38ed81c581b0a55d4ec12a08e18c6368be1f21dd7953a2bcaf281b366fac,https://attachment.news.eu.nasdaq.com/a72edcafddb83fea130483ca4e6a5ef82,FRESH_OR_PROVENANCE_EXACT,positive First North workbook content; shared Nasdaq fields treated as neutral,company code|issuer code|orderbook code,521111,126,Equity Trading by Company and Instrument - First North 1208.xls,FIRST_NORTH_LEGACY_V1,legacy_sheet+content:Company Trading Overview/First North|content:First North,raw/nasdaq_segment/first_north_cns_objects/5a/5a6f38ed81c581b0a55d4ec12a08e18c6368be1f21dd7953a2bcaf281b366fac.xls,,PASS,2012-09-10 15:37:17,2012-08,9510fa33514cab36b57681b9b0b33d2680ffe79079dd39c450ed1a626cc70721,Contents|Company Trading Overview|Instrument Trading Details
7ba066f1db982186b90ca7350585512078e33ef28c636ace9da71fafba6c0b2f,https://attachment.news.eu.nasdaq.com/a8f252aae47a03a6bd60a947afd3d6341,FRESH_OR_PROVENANCE_EXACT,positive First North workbook content; shared Nasdaq fields treated as neutral,company code|issuer code|orderbook code,524171,126,Equity Trading by Company and Instrument - First North 1209.xls,FIRST_NORTH_LEGACY_V1,legacy_sheet+content:Company Trading Overview/First North|content:First North,raw/nasdaq_segment/first_north_cns_objects/7b/7ba066f1db982186b90ca7350585512078e33ef28c636ace9da71fafba6c0b2f.xls,,PASS,2012-10-05 10:29:26,2012-09,5dfe144ba4845885c5d98876e451e3bdac2c711c68cafd8a78ae73484422064b,Contents|Company Trading Overview|Instrument Trading Details
7d2a13d6e433dd2cd903b33e3d725daeb50ff1965287de4fd25ebdeed81c96c1,https://attachment.news.eu.nasdaq.com/a623c616e1225a9f79b40b590ef6f6a2c,FRESH_OR_PROVENANCE_EXACT,positive First North workbook content; shared Nasdaq fields treated as neutral,company code|issuer code|orderbook code,529163,129,Equity Trading by Company and Instrument - First North 1210.xls,FIRST_NORTH_LEGACY_V1,legacy_sheet+content:Company Trading Overview/First North|content:First North,raw/nasdaq_segment/first_north_cns_objects/7d/7d2a13d6e433dd2cd903b33e3d725daeb50ff1965287de4fd25ebdeed81c96c1.xls,,PASS,2012-11-08 14:08:10,2012-10,38fc90173d5768a85a5de7a8d6f66eeb9f3b52461e4c841340ef83b8cefa302b,Contents|Company Trading Overview|Instrument Trading Details
3872c39ddfdc3f114350617a1dccc656757afac7e7ca2873d7bb653ba54e1e76,https://attachment.news.eu.nasdaq.com/a4bada2d20073a08ca7cff117ec938028,FRESH_OR_PROVENANCE_EXACT,positive First North workbook content; shared Nasdaq fields treated as neutral,company code|issuer code|orderbook code,533333,127,Equity Trading by Company and Instrument - First North 1211.xls,FIRST_NORTH_LEGACY_V1,legacy_sheet+content:Company Trading Overview/First North|content:First North,raw/nasdaq_segment/first_north_cns_objects/38/3872c39ddfdc3f114350617a1dccc656757afac7e7ca2873d7bb653ba54e1e76.xls,,PASS,2012-12-07 10:41:59,2012-11,97f4ec6ef6dc78305288cc5ba7eb21906ec7d2eab3cbdf5f074151d40d925556,Contents|Company Trading Overview|Instrument Trading Details
f1b8e7f3a21bdcdb01ae3fdeaf3d147d040ef4d31011f9e4a95d2a975abf4452,https://attachment.news.eu.nasdaq.com/aa3127db66bce98a7077b1fbde28afb96,FRESH_OR_PROVENANCE_EXACT,positive First North workbook content; shared Nasdaq fields treated as neutral,company code|issuer code|orderbook code,537823,127,Equity Trading by Company and Instrument - First North 1212.xls,FIRST_NORTH_LEGACY_V1,legacy_sheet+content:Company Trading Overview/First North|content:First North,raw/nasdaq_segment/first_north_cns_objects/f1/f1b8e7f3a21bdcdb01ae3fdeaf3d147d040ef4d31011f9e4a95d2a975abf4452.xls,,PASS,2013-01-18 10:31:15,2012-12,424b20c98d85bb333e3e76b85e42bec284c8ef7a751b58c62c5574636843b8d6,Contents|Company Trading Overview|Instrument Trading Details
9e60097860c89eaa74e5f2a89f1bb9f444ad4d42983ebd43f90c684ae712327f,https://attachment.news.eu.nasdaq.com/af8f25c21027598e62dd46d10a9c3e402,FRESH_OR_PROVENANCE_EXACT,positive First North workbook content; shared Nasdaq fields treated as neutral,company code|issuer code|orderbook code,540158,128,Equity Trading by Company and Instrument - First North 1301.xls,FIRST_NORTH_LEGACY_V1,legacy_sheet+content:Company Trading Overview/First North|content:First North,raw/nasdaq_segment/first_north_cns_objects/9e/9e60097860c89eaa74e5f2a89f1bb9f444ad4d42983ebd43f90c684ae712327f.xls,,PASS,2013-02-05 16:53:15,2013-01,89fd702d5b86a1f888fb86c8a71882b22043ac15931b4ba73fc056e451114e5a,Contents|Company Trading Overview|Instrument Trading Details
eaa4d5381fbb607ee77a5df81ad6e163a02554f7c59426bebb58e73a372320b5,https://attachment.news.eu.nasdaq.com/aeda80a20204e27abda8ca1c9cfe09865,FRESH_OR_PROVENANCE_EXACT,positive First North workbook content; shared Nasdaq fields treated as neutral,company code|issuer code|orderbook code,545286,130,Equity Trading by Company and Instrument - First North 1302.xls,FIRST_NORTH_LEGACY_V1,legacy_sheet+content:Company Trading Overview/First North|content:First North,raw/nasdaq_segment/first_north_cns_objects/ea/eaa4d5381fbb607ee77a5df81ad6e163a02554f7c59426bebb58e73a372320b5.xls,,PASS,2013-03-07 14:10:46,2013-02,21457852d59e20974ff7ec70a1b794421fa6ac238f1b579b181d11195b2589d8,Contents|Company Trading Overview|Instrument Trading Details
9bba11dddf86416d0e2b840edef95e26e209356969492f015eef555137d58fb3,https://attachment.news.eu.nasdaq.com/a41eb5e5edbf95f23cb70fedb57c3ba78,FRESH_OR_PROVENANCE_EXACT,positive First North workbook content; shared Nasdaq fields treated as neutral,company code|issuer code|orderbook code,551349,130,Equity Trading by Company and Instrument - First North 1303.xls,FIRST_NORTH_LEGACY_V1,legacy_sheet+content:Company Trading Overview/First North|content:First North,raw/nasdaq_segment/first_north_cns_objects/9b/9bba11dddf86416d0e2b840edef95e26e209356969492f015eef555137d58fb3.xls,,PASS,2013-04-12 15:14:35,2013-03,601ca6edcc2197db90d2c7e8c77aa9b201ad5c03192aa555748a541b5d4f797d,Contents|Company Trading Overview|Instrument Trading Details
2c548a021096650420e377a465d745ec2b3480b2639f83b948e86558c57ab769,https://attachment.news.eu.nasdaq.com/ae7c4a9d94becfd4fdd992e67385b0c59,FRESH_OR_PROVENANCE_EXACT,positive First North workbook content; shared Nasdaq fields treated as neutral,company code|issuer code|orderbook code,556687,133,Equity Trading by Company and Instrument - First North 1304.xls,FIRST_NORTH_LEGACY_V1,legacy_sheet+content:Company Trading Overview/First North|content:First North,raw/nasdaq_segment/first_north_cns_objects/2c/2c548a021096650420e377a465d745ec2b3480b2639f83b948e86558c57ab769.xls,,PASS,2013-05-13 13:42:31,2013-04,0475962092007c95c7f5aeb47583365875eb3ce57ee51f598519404ffcc4dec7,Contents|Company Trading Overview|Instrument Trading Details
520fe9a5a12aab48b62b9521aa1a18be88fc7e0ef95cb382a3e360396a8af917,https://attachment.news.eu.nasdaq.com/a6f275005cdfd4f5c7d458e6629d18c95,FRESH_OR_PROVENANCE_EXACT,positive First North workbook content; shared Nasdaq fields treated as neutral,company code|issuer code|orderbook code,560220,132,Equity Trading by Company and Instrument - First North 1305.xls,FIRST_NORTH_LEGACY_V1,legacy_sheet+content:Company Trading Overview/First North|content:First North,raw/nasdaq_segment/first_north_cns_objects/52/520fe9a5a12aab48b62b9521aa1a18be88fc7e0ef95cb382a3e360396a8af917.xls,,PASS,2013-06-04 10:10:00,2013-05,da84a1e866c736991ff3be6d119b4b02f0b94f95a52047ea83dd8dd534d00841,Contents|Company Trading Overview|Instrument Trading Details
5fc1949b2446694a686f151182b8b9c6d24a6abdad6bdd320cf4feeda2389af3,https://attachment.news.eu.nasdaq.com/ac15b421d9b3ac258b969e41f9d997e50,FRESH_OR_PROVENANCE_EXACT,positive First North workbook content; shared Nasdaq fields treated as neutral,company code|issuer code|orderbook code,564619,134,Equity Trading by Company and Instrument - First North 1306.xls,FIRST_NORTH_LEGACY_V1,legacy_sheet+content:Company Trading Overview/First North|content:First North,raw/nasdaq_segment/first_north_cns_objects/5f/5fc1949b2446694a686f151182b8b9c6d24a6abdad6bdd320cf4feeda2389af3.xls,,PASS,2013-07-08 14:44:40,2013-06,2331ee598946a3ad21191e36edb4bbb699572c9576f769f2712c21589afd4166,Contents|Company Trading Overview|Instrument Trading Details
895854aef48b414764529b1ea7ca9506900dccdde9d70c8063eeb05b14810a26,https://attachment.news.eu.nasdaq.com/ac10e1d2e252490c2e72db3e6d55843eb,FRESH_OR_PROVENANCE_EXACT,positive First North workbook content; shared Nasdaq fields treated as neutral,company code|issuer code|orderbook code,567788,135,Equity Trading by Company and Instrument - First North 1307.xls,FIRST_NORTH_LEGACY_V1,legacy_sheet+content:Company Trading Overview/First North|content:First North,raw/nasdaq_segment/first_north_cns_objects/89/895854aef48b414764529b1ea7ca9506900dccdde9d70c8063eeb05b14810a26.xls,,PASS,2013-08-06 12:57:52,2013-07,acdb58f25a2a46a42bb11475308c730c14db320415afa453b0d549c36920a699,Contents|Company Trading Overview|Instrument Trading Details
eaa8a0d4a4ecf7ecc7ecb27e49c0975369f99550989f9e5254bcaf24c2ccd1bc,https://attachment.news.eu.nasdaq.com/af8be08aff8f9abedd0fe8af3f6ce9bd6,FRESH_OR_PROVENANCE_EXACT,positive First North workbook content; shared Nasdaq fields treated as neutral,company code|issuer code|orderbook code,572111,134,Equity Trading by Company and Instrument - First North 1308.xls,FIRST_NORTH_LEGACY_V1,legacy_sheet+content:Company Trading Overview/First North|content:First North,raw/nasdaq_segment/first_north_cns_objects/ea/eaa8a0d4a4ecf7ecc7ecb27e49c0975369f99550989f9e5254bcaf24c2ccd1bc.xls,,PASS,2013-09-06 12:38:46,2013-08,69118f675cdf2a6c362afa8c9e3bc517354bb982da0a3d6cfd2871226fc91806,Contents|Company Trading Overview|Instrument Trading Details
142c6b2e25cefb59d2de05891f8d8b79a62566626cea519259f179a082180d84,https://attachment.news.eu.nasdaq.com/a67d7a78c3906deb1897d64af33f8efe8,FRESH_OR_PROVENANCE_EXACT,positive First North workbook content; shared Nasdaq fields treated as neutral,company code|issuer code|orderbook code,576800,132,Equity Trading by Company and Instrument - First North 1309.xls,FIRST_NORTH_LEGACY_V1,legacy_sheet+content:Company Trading Overview/First North|content:First North,raw/nasdaq_segment/first_north_cns_objects/14/142c6b2e25cefb59d2de05891f8d8b79a62566626cea519259f179a082180d84.xls,,PASS,2013-10-15 15:03:11,2013-09,d362555c27f44fa7eff97bfabc19708c7896d8af2b18867a0ae6540caaafe39d,Contents|Company Trading Overview|Instrument Trading Details
bdf7bd6748c3120efb24c6bc4fb017bcb0220d3a24820310b35d853e60b219e3,https://attachment.news.eu.nasdaq.com/aa32339ea104a7d663f9a556f04befa06,FRESH_OR_PROVENANCE_EXACT,positive First North workbook content; shared Nasdaq fields treated as neutral,company code|issuer code|orderbook code,580809,136,Equity Trading by Company and Instrument - First North 1310.xls,FIRST_NORTH_LEGACY_V1,legacy_sheet+content:Company Trading Overview/First North|content:First North,raw/nasdaq_segment/first_north_cns_objects/bd/bdf7bd6748c3120efb24c6bc4fb017bcb0220d3a24820310b35d853e60b219e3.xls,,PASS,2013-11-08 11:23:39,2013-10,dac9a94019dd2cfbfb35c5e707fd0436a0a99cb629e8d0f5fcee221648b1e188,Contents|Company Trading Overview|Instrument Trading Details
0bb1b2723b7c737487c38c62f1d2ab02d755ec9300cc617099be32bdc15795bd,https://attachment.news.eu.nasdaq.com/ad5a687942d9d766deb394beb33aba8f6,FRESH_OR_PROVENANCE_EXACT,positive First North workbook content; shared Nasdaq fields treated as neutral,company code|issuer code|orderbook code,584702,137,Equity Trading by Company and Instrument - First North 1311.xls,FIRST_NORTH_LEGACY_V1,legacy_sheet+content:Company Trading Overview/First North|content:First North,raw/nasdaq_segment/first_north_cns_objects/0b/0bb1b2723b7c737487c38c62f1d2ab02d755ec9300cc617099be32bdc15795bd.xls,,PASS,2013-12-04 17:49:47,2013-11,75ad1dd476b8c96fda0717d4e13eebe67a4c909f02100d1ed94c47222334340c,Contents|Company Trading Overview|Instrument Trading Details
51fe8b89dcdee97873ebe3cb6b2ba755e77f95f061dbc260dedbee38c2d92bea,https://attachment.news.eu.nasdaq.com/a33d62f98dce9f1648226198aa4372d83,FRESH_OR_PROVENANCE_EXACT,positive First North workbook content; shared Nasdaq fields treated as neutral,company code|issuer code|orderbook code,589674,138,Equity Trading by Company and Instrument - First North 1312.xls,FIRST_NORTH_LEGACY_V1,legacy_sheet+content:Company Trading Overview/First North|content:First North,raw/nasdaq_segment/first_north_cns_objects/51/51fe8b89dcdee97873ebe3cb6b2ba755e77f95f061dbc260dedbee38c2d92bea.xls,,PASS,2014-01-15 12:56:48,2013-12,62fb35fb158e70be73c7d77a8879736b0f65f31e5aeae901865c876c91a1017b,Contents|Company Trading Overview|Instrument Trading Details
65dcb35af7276d7df849de17af737a05a8916141c8d57547cc3af0ed3770278f,https://attachment.news.eu.nasdaq.com/aea7e6d3c32ebdbbd36ec5a4bd9c74b2b,FRESH_OR_PROVENANCE_EXACT,positive First North workbook content; shared Nasdaq fields treated as neutral,company code|issuer code|orderbook code,593356,140,Equity Trading by Company and Instrument - First North 1401.xls,FIRST_NORTH_LEGACY_V1,legacy_sheet+content:Company Trading Overview/First North|content:First North,raw/nasdaq_segment/first_north_cns_objects/65/65dcb35af7276d7df849de17af737a05a8916141c8d57547cc3af0ed3770278f.xls,,PASS,2014-02-10 15:41:44,2014-01,53fb7548582c4ff2c72536074a853653f12bdedb887f638de5bb174ac27c4a12,Contents|Company Trading Overview|Instrument Trading Details
b1fd92b00c6ddc12fb5c5d5e6be9400157db88b0f2c9952a01fb949ff6b385c9,https://attachment.news.eu.nasdaq.com/aadbc071e3835bdfbbf93e9d63676c20c,FRESH_OR_PROVENANCE_EXACT,positive First North workbook content; shared Nasdaq fields treated as neutral,company code|issuer code|orderbook code,597950,141,Equity Trading by Company and Instrument - First North 1402.xls,FIRST_NORTH_LEGACY_V1,legacy_sheet+content:Company Trading Overview/First North|content:First North,raw/nasdaq_segment/first_north_cns_objects/b1/b1fd92b00c6ddc12fb5c5d5e6be9400157db88b0f2c9952a01fb949ff6b385c9.xls,,PASS,2014-03-07 12:08:11,2014-02,b0506bb3be08132e15c9ecbf7353878890b08ce71dc3aec409263d0bf7075d24,Contents|Company Trading Overview|Instrument Trading Details
d1070e7caa8fe219e04910a415637c30c23398c812bb2aa9b9e6f63c2dbe0e57,https://attachment.news.eu.nasdaq.com/abc9cd9b92aa028e68717bfb01a79e930,FRESH_OR_PROVENANCE_EXACT,positive First North workbook content; shared Nasdaq fields treated as neutral,company code|issuer code|orderbook code,602711,143,Equity Trading by Company and Instrument - First North 1403.xls,FIRST_NORTH_LEGACY_V1,legacy_sheet+content:Company Trading Overview/First North|content:First North,raw/nasdaq_segment/first_north_cns_objects/d1/d1070e7caa8fe219e04910a415637c30c23398c812bb2aa9b9e6f63c2dbe0e57.xls,,PASS,2014-04-03 11:59:22,2014-03,65a7c610261aeb13225519806ea6252bed560e773b7c5243d1e25f509027cf6f,Contents|Company Trading Overview|Instrument Trading Details
7af1b882b74ea9fe25bc40d633ced27395f13818899d2c3d728a7720a9bb30e4,https://attachment.news.eu.nasdaq.com/a3eb0422be3cdebd710eb0ffcd2bfd3dc,FRESH_OR_PROVENANCE_EXACT,positive First North workbook content; shared Nasdaq fields treated as neutral,company code|issuer code|orderbook code,609197,146,Equity Trading by Company and Instrument - First North 1404.xls,FIRST_NORTH_LEGACY_V1,legacy_sheet+content:Company Trading Overview/First North|content:First North,raw/nasdaq_segment/first_north_cns_objects/7a/7af1b882b74ea9fe25bc40d633ced27395f13818899d2c3d728a7720a9bb30e4.xls,,PASS,2014-05-12 15:26:23,2014-04,52be54dc78355478de3681bd14b85ac3f1e114b852319232ede557163e1c631d,Contents|Company Trading Overview|Instrument Trading Details
7c3908730107762737735f2ba639b5f9c958de281795ce5e8ea2a463be47526f,https://attachment.news.eu.nasdaq.com/af52b6573b73776bc85a3e512124f767f,FRESH_OR_PROVENANCE_EXACT,positive First North workbook content; shared Nasdaq fields treated as neutral,company code|issuer code|orderbook code,613251,148,Equity Trading by Company and Instrument - First North 1405.xls,FIRST_NORTH_LEGACY_V1,legacy_sheet+content:Company Trading Overview/First North|content:First North,raw/nasdaq_segment/first_north_cns_objects/7c/7c3908730107762737735f2ba639b5f9c958de281795ce5e8ea2a463be47526f.xls,,PASS,2014-06-10 10:34:10,2014-05,07116671e041e8c7361861bd0ca44bf9bc7d5c95af5b9a115105b7df7602134c,Contents|Company Trading Overview|Instrument Trading Details
27f7d12e4d55228688615b56c487e4a1e7e6426e156dfcd9b55b5b346d9c73a7,https://attachment.news.eu.nasdaq.com/a7eee00ef09016e58900518f182958b26,FRESH_OR_PROVENANCE_EXACT,positive First North workbook content; shared Nasdaq fields treated as neutral,company code|issuer code|orderbook code,616801,157,Equity Trading by Company and Instrument - First North 1406.xls,FIRST_NORTH_LEGACY_V1,legacy_sheet+content:Company Trading Overview/First North|content:First North,raw/nasdaq_segment/first_north_cns_objects/27/27f7d12e4d55228688615b56c487e4a1e7e6426e156dfcd9b55b5b346d9c73a7.xls,,PASS,2014-07-09 10:33:38,2014-06,56d8b1881dd9076bb6aff16c9eaec0348deff2b479b98cbd1061bbd4857c9b7f,Contents|Company Trading Overview|Instrument Trading Details
b8dcd049fef13d07eafeebd9535e13befef416aa7363a89d85bef08ccfb6c98b,https://attachment.news.eu.nasdaq.com/ac820fecac93a942e9048bad4d1b39b22,FRESH_OR_PROVENANCE_EXACT,positive First North workbook content; shared Nasdaq fields treated as neutral,company code|issuer code|orderbook code,619434,157,Equity Trading by Company and Instrument - First North 1407.xls,FIRST_NORTH_LEGACY_V1,legacy_sheet+content:Company Trading Overview/First North|content:First North,raw/nasdaq_segment/first_north_cns_objects/b8/b8dcd049fef13d07eafeebd9535e13befef416aa7363a89d85bef08ccfb6c98b.xls,,PASS,2014-08-05 10:20:02,2014-07,fe5305b0ec850a7e5993cb4484ca91ec4815f8d0e93e58ab0f37e9f99622c45c,Contents|Company Trading Overview|Instrument Trading Details
f685704b34609eb4bc290d1e397391c81e20a4cfb34c8cb972e4a95843cd9f4e,https://attachment.news.eu.nasdaq.com/aa3e9208fe8a26d8da5739800792aa54d,FRESH_OR_PROVENANCE_EXACT,positive First North workbook content; shared Nasdaq fields treated as neutral,company code|issuer code|orderbook code,623420,158,Equity Trading by Company and Instrument - First North 1408.xls,FIRST_NORTH_LEGACY_V1,legacy_sheet+content:Company Trading Overview/First North|content:First North,raw/nasdaq_segment/first_north_cns_objects/f6/f685704b34609eb4bc290d1e397391c81e20a4cfb34c8cb972e4a95843cd9f4e.xls,,PASS,2014-09-04 17:02:25,2014-08,64445ec4daadaad2dda2348de8a36544354338d8c4daad0deeb5d4ad762e16e6,Contents|Company Trading Overview|Instrument Trading Details
9e23c5bf85de00d57d6f8af2812302e91ea510141ee1cf8b954c50b20f81fb3d,https://attachment.news.eu.nasdaq.com/a54fab99d81d0400a00896ee1bbd0f9f9,FRESH_OR_PROVENANCE_EXACT,positive First North workbook content; shared Nasdaq fields treated as neutral,company code|issuer code|orderbook code,628114,160,Equity Trading by Company and Instrument - First North 1409.xls,FIRST_NORTH_LEGACY_V1,legacy_sheet+content:Company Trading Overview/First North|content:First North,raw/nasdaq_segment/first_north_cns_objects/9e/9e23c5bf85de00d57d6f8af2812302e91ea510141ee1cf8b954c50b20f81fb3d.xls,,PASS,2014-10-15 11:07:27,2014-09,2d036e6c1ce32835316c7dbf98d99ebdd80f535f461e2b69a32f4a13cf61d170,Contents|Company Trading Overview|Instrument Trading Details
c57063a0c5edc695fc4a6280215a3eb55bf03a45658ac5608876a3d64652746d,https://attachment.news.eu.nasdaq.com/a6d52aab78bcb04a0ec14fdcaf25f343e,FRESH_OR_PROVENANCE_EXACT,positive First North workbook content; shared Nasdaq fields treated as neutral,company code|issuer code|orderbook code,631749,164,Equity Trading by Company and Instrument - First North 1410.xls,FIRST_NORTH_LEGACY_V1,legacy_sheet+content:Company Trading Overview/First North|content:First North,raw/nasdaq_segment/first_north_cns_objects/c5/c57063a0c5edc695fc4a6280215a3eb55bf03a45658ac5608876a3d64652746d.xls,,PASS,2014-11-06 15:00:03,2014-10,2d672450dc94d51b5383116f7164b8787590de6028ada4d2e0287d14c9c336ee,Contents|Company Trading Overview|Instrument Trading Details
0816316e759fe35c7f2528427946147a57c203a3ccfc46cd3eb17cc69397136c,https://attachment.news.eu.nasdaq.com/a5d0cb93bd4ddae53228f565f946fe323,FRESH_OR_PROVENANCE_EXACT,positive First North workbook content; shared Nasdaq fields treated as neutral,company code|issuer code|orderbook code,636861,171,Equity Trading by Company and Instrument - First North 1411.xls,FIRST_NORTH_LEGACY_V1,legacy_sheet+content:Company Trading Overview/First North|content:First North,raw/nasdaq_segment/first_north_cns_objects/08/0816316e759fe35c7f2528427946147a57c203a3ccfc46cd3eb17cc69397136c.xls,,PASS,2014-12-11 15:28:10,2014-11,69303d02fff340b8dd927d3bc8132ea20105d4f28eba2ab4ac3c13811f99038e,Contents|Company Trading Overview|Instrument Trading Details
9e8a9be044bc7ff607aecb9f70f53f40d2b7c55fb73071b97808470b21236775,https://attachment.news.eu.nasdaq.com/afab38823969bfe0d6f5856b32c683cc4,FRESH_OR_PROVENANCE_EXACT,positive First North workbook content; shared Nasdaq fields treated as neutral,company code|issuer code|orderbook code,639974,177,Equity Trading by Company and Instrument - First North 1412.xls,FIRST_NORTH_LEGACY_V1,legacy_sheet+content:Company Trading Overview/First North|content:First North,raw/nasdaq_segment/first_north_cns_objects/9e/9e8a9be044bc7ff607aecb9f70f53f40d2b7c55fb73071b97808470b21236775.xls,,PASS,2015-01-09 16:11:43,2014-12,e6bdd8c6ed46e725e5d9210ba024a883a18ad7102c7592fa9ee86f7f7b77d474,Contents|Company Trading Overview|Instrument Trading Details
cec72e2d002716e2c635ad9a03336725b6117fd0f362a25e47b82041fd7d90d7,https://attachment.news.eu.nasdaq.com/a5d71d725752cbee15ef7821f719a7b45,FRESH_OR_PROVENANCE_EXACT,positive First North workbook content; shared Nasdaq fields treated as neutral,company code|issuer code|orderbook code,644960,180,Equity Trading by Company and Instrument - First North 1501.xls,FIRST_NORTH_LEGACY_V1,legacy_sheet+content:Company Trading Overview/First North|content:First North,raw/nasdaq_segment/first_north_cns_objects/ce/cec72e2d002716e2c635ad9a03336725b6117fd0f362a25e47b82041fd7d90d7.xls,,PASS,2015-02-13 10:09:41,2015-01,0005c0e9dcf71fce3fa501c1b35de710d9e1699dd9019fefa1a4a686039f01d1,Contents|Company Trading Overview|Instrument Trading Details
6d5445a5e8cd14c20f1a380aad5dc04342198ae83253981a5212b32af0d1dbf1,https://attachment.news.eu.nasdaq.com/a4cf9c40feb5999a7f88753e726643f37,FRESH_OR_PROVENANCE_EXACT,positive First North workbook content; shared Nasdaq fields treated as neutral,company code|issuer code|orderbook code,649858,181,Equity Trading by Company and Instrument - First North 1502.xls,FIRST_NORTH_LEGACY_V1,legacy_sheet+content:Company Trading Overview/First North|content:First North,raw/nasdaq_segment/first_north_cns_objects/6d/6d5445a5e8cd14c20f1a380aad5dc04342198ae83253981a5212b32af0d1dbf1.xls,,PASS,2015-03-16 14:53:04,2015-02,b9d839cdf07324b48da37a248d9fef09ca556f49b9186866876a7bfb1b26716a,Contents|Company Trading Overview|Instrument Trading Details
6a6fd0517e94c1edb058ee5b7792a4c76001d11b80e7320f6b05272eedec1d0c,https://attachment.news.eu.nasdaq.com/aff1d03557c69c9ab49849ffae892c7c4,FRESH_OR_PROVENANCE_EXACT,positive First North workbook content; shared Nasdaq fields treated as neutral,company code|issuer code|orderbook code,654176,182,Equity Trading by Company and Instrument - First North 1503.xls,FIRST_NORTH_LEGACY_V1,legacy_sheet+content:Company Trading Overview/First North|content:First North,raw/nasdaq_segment/first_north_cns_objects/6a/6a6fd0517e94c1edb058ee5b7792a4c76001d11b80e7320f6b05272eedec1d0c.xls,,PASS,2015-04-10 13:31:49,2015-03,9ead4a27c507b5d892c21fc9977ba336e0ea144ed665ddf50b9f94a56fa5fb79,Contents|Company Trading Overview|Instrument Trading Details
31cb4ac776c86eeeba5e7c1b23cf407de1da7eb07aad0251ea1a965b9c4d01e5,https://attachment.news.eu.nasdaq.com/a3a422f57dca7395e23b472443d7512ce,FRESH_OR_PROVENANCE_EXACT,positive First North workbook content; shared Nasdaq fields treated as neutral,company code|issuer code|orderbook code,661303,189,Equity Trading by Company and Instrument - First North 1504.xls,FIRST_NORTH_LEGACY_V1,legacy_sheet+content:Company Trading Overview/First North|content:First North,raw/nasdaq_segment/first_north_cns_objects/31/31cb4ac776c86eeeba5e7c1b23cf407de1da7eb07aad0251ea1a965b9c4d01e5.xls,,PASS,2015-05-20 09:25:21,2015-04,c12cd111ea5de65a83780146b8224058cf476bd5d2e81d15a2da6afc869cd64d,Contents|Company Trading Overview|Instrument Trading Details
8695201dce3ab6e67c02ef299b9e888880578284c08e47018b5013a7b06e85a0,https://attachment.news.eu.nasdaq.com/a409afbbe8f7117188595c8bdeab714c0,FRESH_OR_PROVENANCE_EXACT,positive First North workbook content; shared Nasdaq fields treated as neutral,company code|issuer code|orderbook code,663325,188,Equity Trading by Company and Instrument - First North 1505.xls,FIRST_NORTH_LEGACY_V1,legacy_sheet+content:Company Trading Overview/First North|content:First North,raw/nasdaq_segment/first_north_cns_objects/86/8695201dce3ab6e67c02ef299b9e888880578284c08e47018b5013a7b06e85a0.xls,,PASS,2015-06-02 16:08:01,2015-05,f9544e33cfbf7250198182766b7fd3837a5af4dd90aaace79a86c9ea50b52d08,Contents|Company Trading Overview|Instrument Trading Details
5bde27a11f882c8c56d45eeca5839e4d8b415c0d9561fc4185e41714a97a84c7,https://attachment.news.eu.nasdaq.com/aaa9f16e636f324285cad8f2b02fd0450,FRESH_OR_PROVENANCE_EXACT,positive First North workbook content; shared Nasdaq fields treated as neutral,company code|issuer code|orderbook code,668157,206,Equity Trading by Company and Instrument - First North 1506.xls,FIRST_NORTH_LEGACY_V1,legacy_sheet+content:Company Trading Overview/First North|content:First North,raw/nasdaq_segment/first_north_cns_objects/5b/5bde27a11f882c8c56d45eeca5839e4d8b415c0d9561fc4185e41714a97a84c7.xls,,PASS,2015-07-09 10:39:50,2015-06,7dce6194ec17acbdfd1c63b20db12d3c93a508391f2e4f7e63dd24274805c6b3,Contents|Company Trading Overview|Instrument Trading Details
7e4de284ee6cc2e264c9b547cb7a36cd10fcc73356e9cb7241970bfa1b82fb59,https://attachment.news.eu.nasdaq.com/a26e27bb6c35ce48609a916d36acbd9c5,FRESH_OR_PROVENANCE_EXACT,positive First North workbook content; shared Nasdaq fields treated as neutral,company code|issuer code|orderbook code,671073,211,Equity Trading by Company and Instrument - First North 1507.xls,FIRST_NORTH_LEGACY_V1,legacy_sheet+content:Company Trading Overview/First North|content:First North,raw/nasdaq_segment/first_north_cns_objects/7e/7e4de284ee6cc2e264c9b547cb7a36cd10fcc73356e9cb7241970bfa1b82fb59.xls,,PASS,2015-08-05 13:28:44,2015-07,f18c19a9c195c31b5d79a5b9e3765f893d79c0ff7f657aacacbc19f289fab26b,Contents|Company Trading Overview|Instrument Trading Details
99dbc7d0c0e42238d00bcd31bfe402099e003f3fd3df61a129c3264e00230575,https://attachment.news.eu.nasdaq.com/a9e0957e7484aa89584f040fdbf7fea27,FRESH_OR_PROVENANCE_EXACT,positive First North workbook content; shared Nasdaq fields treated as neutral,company code|issuer code|orderbook code,675306,213,Equity Trading by Company and Instrument - First North 1508.xls,FIRST_NORTH_LEGACY_V1,legacy_sheet+content:Company Trading Overview/First North|content:First North,raw/nasdaq_segment/first_north_cns_objects/99/99dbc7d0c0e42238d00bcd31bfe402099e003f3fd3df61a129c3264e00230575.xls,,PASS,2015-09-07 16:35:55,2015-08,6ae57ad49a323b23e957afdb74587f0de58d5d1d52d47388c19189a33bb0bba1,Contents|Company Trading Overview|Instrument Trading Details
a53117ee40be00cce45e4f4b4a2311974c1fc5d04a1cbe8e782cd02ba6641a45,https://attachment.news.eu.nasdaq.com/a9aed3c630274103a23368319da42f9e2,FRESH_OR_PROVENANCE_EXACT,positive First North workbook content; shared Nasdaq fields treated as neutral,company code|issuer code|orderbook code,678991,214,Equity Trading by Company and Instrument - First North 1509.xls,FIRST_NORTH_LEGACY_V1,legacy_sheet+content:Company Trading Overview/First North|content:First North,raw/nasdaq_segment/first_north_cns_objects/a5/a53117ee40be00cce45e4f4b4a2311974c1fc5d04a1cbe8e782cd02ba6641a45.xls,,PASS,2015-10-07 10:45:07,2015-09,a5f07abbd332a9846a6eb420234afc1f73d712d9a964ab35dc864480248f5ca7,Contents|Company Trading Overview|Instrument Trading Details
2e0cd7a93b687913757905c7eca1538248bd903a411c6d0b683afb6ddb356751,https://attachment.news.eu.nasdaq.com/a607a7a9b0e4ef5d2b3d94823989556ae,FRESH_OR_PROVENANCE_EXACT,positive First North workbook content; shared Nasdaq fields treated as neutral,company code|issuer code|orderbook code,684151,215,Equity Trading by Company and Instrument - First North 1510.xls,FIRST_NORTH_LEGACY_V1,legacy_sheet+content:Company Trading Overview/First North|content:First North,raw/nasdaq_segment/first_north_cns_objects/2e/2e0cd7a93b687913757905c7eca1538248bd903a411c6d0b683afb6ddb356751.xls,,PASS,2015-11-10 16:07:54,2015-10,52825b7c3e91eb3e914c0ef1aed3786cc544ba9db5a5cf663411d8971a2a4250,Contents|Company Trading Overview|Instrument Trading Details
aadba6e7fbb337759cc273a3febc78a0ed9313ee6749c9bab17108f30a4dbc44,https://attachment.news.eu.nasdaq.com/aedb5caa09a9796dce55718f8df510e0c,FRESH_OR_PROVENANCE_EXACT,positive First North workbook content; shared Nasdaq fields treated as neutral,company code|issuer code|orderbook code,689100,220,Equity Trading by Company and Instrument - First North 1511.xls,FIRST_NORTH_LEGACY_V1,legacy_sheet+content:Company Trading Overview/First North|content:First North,raw/nasdaq_segment/first_north_cns_objects/aa/aadba6e7fbb337759cc273a3febc78a0ed9313ee6749c9bab17108f30a4dbc44.xls,,PASS,2015-12-14 15:07:35,2015-11,40e2738ac234751b39a7186d6109d2aee0c9bdc7edde7ac8be72c7319b4c952e,Contents|Company Trading Overview|Instrument Trading Details
cfbe43c0be87e55f5cbd4eb1067cf7d4fb7822252fa10afa7ca7c484f03a7382,https://attachment.news.eu.nasdaq.com/a5811f6c44a16b492fcc8669422bcb2d6,FRESH_OR_PROVENANCE_EXACT,positive First North workbook content; shared Nasdaq fields treated as neutral,company code|issuer code|orderbook code,692855,221,Equity Trading by Company and Instrument - First North 1512.xls,FIRST_NORTH_LEGACY_V1,legacy_sheet+content:Company Trading Overview/First North|content:First North,raw/nasdaq_segment/first_north_cns_objects/cf/cfbe43c0be87e55f5cbd4eb1067cf7d4fb7822252fa10afa7ca7c484f03a7382.xls,,PASS,2016-01-18 13:33:00,2015-12,f0ff01a4a34e87b538ed68c9a197d0a49fcaa43e1b9581fab92e388b17df357b,Contents|Company Trading Overview|Instrument Trading Details
3c9f1c36f44519fbe26cc50515061a1f4085013e80589f91ae2f14cfe384d2f5,https://attachment.news.eu.nasdaq.com/a92ec88dc84c29bb29348a221cd367b80,FRESH_OR_PROVENANCE_EXACT,positive First North workbook content; shared Nasdaq fields treated as neutral,company code|issuer code|orderbook code,697001,220,Equity Trading by Company and Instrument - First North 1601.xls,FIRST_NORTH_LEGACY_V1,legacy_sheet+content:Company Trading Overview/First North|content:First North,raw/nasdaq_segment/first_north_cns_objects/3c/3c9f1c36f44519fbe26cc50515061a1f4085013e80589f91ae2f14cfe384d2f5.xls,,PASS,2016-02-16 12:36:27,2016-01,cd46a0f51b8e7e9850830a9426815bc5368d8f3b9b95e5b3411da54d6584a62c,Contents|Company Trading Overview|Instrument Trading Details
7064f3fdd3d0c3981a15a5687c452c4107db27f205138e603ba777dfbe2d7154,https://attachment.news.eu.nasdaq.com/ad9ba754091e84526c940fa17c974bd14,FRESH_OR_PROVENANCE_EXACT,positive First North workbook content; shared Nasdaq fields treated as neutral,company code|issuer code|orderbook code,699694,219,Equity Trading by Company and Instrument - First North 1602.xls,FIRST_NORTH_LEGACY_V1,legacy_sheet+content:Company Trading Overview/First North|content:First North,raw/nasdaq_segment/first_north_cns_objects/70/7064f3fdd3d0c3981a15a5687c452c4107db27f205138e603ba777dfbe2d7154.xls,,PASS,2016-03-03 09:00:14,2016-02,25fcaa55cacbfc0ba557a4a5b01a713d4dec1cde5667580d79a85f360365c803,Contents|Company Trading Overview|Instrument Trading Details
5a086675848f91343d4fe03648c5c50e083f040e2343578c805f131dcba02766,https://attachment.news.eu.nasdaq.com/a74182dc5fa8a931753c037d5bdc26a9a,FRESH_OR_PROVENANCE_EXACT,positive First North workbook content; shared Nasdaq fields treated as neutral,company code|issuer code|orderbook code,704902,222,Equity Trading by Company and Instrument - First North 1603.xls,FIRST_NORTH_LEGACY_V1,legacy_sheet+content:Company Trading Overview/First North|content:First North,raw/nasdaq_segment/first_north_cns_objects/5a/5a086675848f91343d4fe03648c5c50e083f040e2343578c805f131dcba02766.xls,,PASS,2016-04-06 13:39:54,2016-03,8a402e03d528b4bfca42a6e3afc51421cf0a9cf5239838fcc32035158ec7d6e9,Contents|Company Trading Overview|Instrument Trading Details
d7f04f96478b2346775e08a8af99e5422a98c46e145d6473cb6b88ee2fcc71ee,https://attachment.news.eu.nasdaq.com/a49e2cac65795e8dfe75152715e7bfa08,FRESH_OR_PROVENANCE_EXACT,positive First North workbook content; shared Nasdaq fields treated as neutral,company code|issuer code|orderbook code,710190,224,Equity Trading by Company and Instrument - First North 1604.xls,FIRST_NORTH_LEGACY_V1,legacy_sheet+content:Company Trading Overview/First North|content:First North,raw/nasdaq_segment/first_north_cns_objects/d7/d7f04f96478b2346775e08a8af99e5422a98c46e145d6473cb6b88ee2fcc71ee.xls,,PASS,2016-05-04 10:38:00,2016-04,85dd43fb6ed9b116fe46c963266136f0ed0dc80b2fbb51771f37805d465d5c48,Contents|Company Trading Overview|Instrument Trading Details
ed8c1b361a15ecb5e36517bb7c33374edc444deee912e6518aa9c8c51727006d,https://attachment.news.eu.nasdaq.com/a4575ebbd9232e76a0a126c2894c7fa1f,FRESH_OR_PROVENANCE_EXACT,positive First North workbook content; shared Nasdaq fields treated as neutral,company code|issuer code|orderbook code,719427,229,Equity Trading by Company and Instrument - First North 1605.xls,FIRST_NORTH_LEGACY_V1,legacy_sheet+content:Company Trading Overview/First North|content:First North,raw/nasdaq_segment/first_north_cns_objects/ed/ed8c1b361a15ecb5e36517bb7c33374edc444deee912e6518aa9c8c51727006d.xls,,PASS,2016-07-11 11:10:59,2016-05,2ad898fd5752d5f3eec9b3ef81598c4d1076bd21d7e74d952e37c4b679ee76c7,Contents|Company Trading Overview|Instrument Trading Details
adc2d47a104684a396a10fa62112a4fe31960bd76142fd9c599e3bfbfb9c485d,https://attachment.news.eu.nasdaq.com/a7a502a2889128ea59e0371079fc4c8f9,FRESH_OR_PROVENANCE_EXACT,positive First North workbook content; shared Nasdaq fields treated as neutral,company code|issuer code|orderbook code,719428,240,Equity Trading by Company and Instrument - First North 1606.xls,FIRST_NORTH_LEGACY_V1,legacy_sheet+content:Company Trading Overview/First North|content:First North,raw/nasdaq_segment/first_north_cns_objects/ad/adc2d47a104684a396a10fa62112a4fe31960bd76142fd9c599e3bfbfb9c485d.xls,,PASS,2016-07-11 11:14:22,2016-06,c6048a2ce082e087093395c76e6745baa68aa8c179f7a551c5129cc765f3f58c,Contents|Company Trading Overview|Instrument Trading Details
68f7a67bbae6578450f1ceb2f90b130cadaffec800c3389127e050fad92926f3,https://attachment.news.eu.nasdaq.com/a73685300fc896a87f8a5a536d631e937,FRESH_OR_PROVENANCE_EXACT,positive First North workbook content; shared Nasdaq fields treated as neutral,company code|issuer code|orderbook code,721792,241,Equity Trading by Company and Instrument - First North 1607.xls,FIRST_NORTH_LEGACY_V1,legacy_sheet+content:Company Trading Overview/First North|content:First North,raw/nasdaq_segment/first_north_cns_objects/68/68f7a67bbae6578450f1ceb2f90b130cadaffec800c3389127e050fad92926f3.xls,,PASS,2016-08-02 15:02:11,2016-07,3d241bc4e9c1046efff32275625909c9b721977fece64d8c78fce6a93965dfa3,Contents|Company Trading Overview|Instrument Trading Details
fce45b710c09637832762e48c11a59b833333f0ea80fdacf486683db87363b60,https://attachment.news.eu.nasdaq.com/ae93e46d964cc7a905589415879177060,FRESH_OR_PROVENANCE_EXACT,positive First North workbook content; shared Nasdaq fields treated as neutral,company code|issuer code|orderbook code,726421,241,Equity Trading by Company and Instrument - First North 1608.xls,FIRST_NORTH_LEGACY_V1,legacy_sheet+content:Company Trading Overview/First North|content:First North,raw/nasdaq_segment/first_north_cns_objects/fc/fce45b710c09637832762e48c11a59b833333f0ea80fdacf486683db87363b60.xls,,PASS,2016-09-07 10:22:15,2016-08,37d1689d54b33af270ee290766496e0d71116ee0342cddca841dd90e01d23ee0,Contents|Company Trading Overview|Instrument Trading Details
79ca1f38ec7429175ca7847c76d8baf78dc2f2516b6471c04f592c8e5e29b87c,https://attachment.news.eu.nasdaq.com/a4aa073dbed1d7c6321ea7c2cc3a3b0b5,FRESH_OR_PROVENANCE_EXACT,positive First North workbook content; shared Nasdaq fields treated as neutral,company code|issuer code|orderbook code,730092,247,Equity Trading by Company and Instrument - First North 1609.xls,FIRST_NORTH_LEGACY_V1,legacy_sheet+content:Company Trading Overview/First North|content:First North,raw/nasdaq_segment/first_north_cns_objects/79/79ca1f38ec7429175ca7847c76d8baf78dc2f2516b6471c04f592c8e5e29b87c.xls,,PASS,2016-10-06 16:18:41,2016-09,1c2ec723d7174f45cd85b5ca563a28babeaeb00a8f47c5b1f2242208ca8cdcbe,Contents|Company Trading Overview|Instrument Trading Details
6858a7f24be8692c6c762f732b4650a40e6177e97f3d9184c54850d64fd700b7,https://attachment.news.eu.nasdaq.com/af94209e1326d7f6baaa9d37a09a6a0f3,FRESH_OR_PROVENANCE_EXACT,positive First North workbook content; shared Nasdaq fields treated as neutral,company code|issuer code|orderbook code,744019,252,Equity Trading by Company and Instrument - First North 1610.xls,FIRST_NORTH_LEGACY_V1,legacy_sheet+content:Company Trading Overview/First North|content:First North,raw/nasdaq_segment/first_north_cns_objects/68/6858a7f24be8692c6c762f732b4650a40e6177e97f3d9184c54850d64fd700b7.xls,,PASS,2016-11-02 13:18:31,2016-10,26804007a8250df13bddc0871209ab532c22c203c341082ff3e04d55ef89a4d4,Contents|Company Trading Overview|Instrument Trading Details
61a9a3088f2857520ef55173faa7c468f27f219128b67e6fe756d85514e0fa0f,https://attachment.news.eu.nasdaq.com/ab90a3893a2652cd43d36d1fc06efa28e,FRESH_OR_PROVENANCE_EXACT,positive First North workbook content; shared Nasdaq fields treated as neutral,company code|issuer code|orderbook code,749604,257,Equity Trading by Company and Instrument - First North 1611.xls,FIRST_NORTH_LEGACY_V1,legacy_sheet+content:Company Trading Overview/First North|content:First North,raw/nasdaq_segment/first_north_cns_objects/61/61a9a3088f2857520ef55173faa7c468f27f219128b67e6fe756d85514e0fa0f.xls,,PASS,2016-12-09 15:14:38,2016-11,1faedd8da1fa1f2cef2b571733018471f80f3e5aea5aef39e1544df05e04766a,Contents|Company Trading Overview|Instrument Trading Details
959cd8e8db0d386c7f8ca1afc1aa648c6e04ba50ee3ff989fe0ad80ab994081a,https://attachment.news.eu.nasdaq.com/af5aa762760061b3138d0675812793b0e,FRESH_OR_PROVENANCE_EXACT,positive First North workbook content; shared Nasdaq fields treated as neutral,company code|issuer code|orderbook code,752789,267,Equity Trading by Company and Instrument - First North 1612.xls,FIRST_NORTH_LEGACY_V1,legacy_sheet+content:Company Trading Overview/First North|content:First North,raw/nasdaq_segment/first_north_cns_objects/95/959cd8e8db0d386c7f8ca1afc1aa648c6e04ba50ee3ff989fe0ad80ab994081a.xls,,PASS,2017-01-03 10:02:12,2016-12,6f5d6716c827635fb913e44c93480b11e9cb41a229bb426e0431a82c5d1fb0f3,Contents|Company Trading Overview|Instrument Trading Details
e128283be32705b9cb9f111c4cb2e286abf7eb47d5c5261da9dfe68298d3bf2e,https://attachment.news.eu.nasdaq.com/a65cf66c378960cd1845aa966b5a6a1c0,FRESH_OR_PROVENANCE_EXACT,positive First North workbook content; shared Nasdaq fields treated as neutral,company code|issuer code|orderbook code,756892,267,Equity Trading by Company and Instrument - First North 1701.xls,FIRST_NORTH_LEGACY_V1,legacy_sheet+content:Company Trading Overview/First North|content:First North,raw/nasdaq_segment/first_north_cns_objects/e1/e128283be32705b9cb9f111c4cb2e286abf7eb47d5c5261da9dfe68298d3bf2e.xls,,PASS,2017-02-07 13:54:10,2017-01,a65b56f51cf62e20942a4195f216856645a30c60acfa190ed3503f75687567d3,Contents|Company Trading Overview|Instrument Trading Details
1398a76e59580e6fcc6b467b7324425290c2fefbc449d44688a6bbdfd634ed8c,https://attachment.news.eu.nasdaq.com/a8cbaeeba25bbe9501bd831e41a1f81a0,FRESH_OR_PROVENANCE_EXACT,positive First North workbook content; shared Nasdaq fields treated as neutral,company code|issuer code|orderbook code,761533,269,Equity Trading by Company and Instrument - First North 1702.xls,FIRST_NORTH_LEGACY_V1,legacy_sheet+content:Company Trading Overview/First North|content:First North,raw/nasdaq_segment/first_north_cns_objects/13/1398a76e59580e6fcc6b467b7324425290c2fefbc449d44688a6bbdfd634ed8c.xls,,PASS,2017-03-03 13:50:11,2017-02,dae4f792343aaa9fc3cd92f7eb3a4384d1ea6679e1aa44f26b504e37e8ed5933,Contents|Company Trading Overview|Instrument Trading Details
ff2fb034c923bf9c2c19529efa1e0b274786e032341960ca9a854704c13d55ff,https://attachment.news.eu.nasdaq.com/ab8928746715ca9de825965dc3e597ecd,FRESH_OR_PROVENANCE_EXACT,positive First North workbook content; shared Nasdaq fields treated as neutral,company code|issuer code|orderbook code,768991,273,Equity Trading by Company and Instrument - First North 1703.xls,FIRST_NORTH_LEGACY_V1,legacy_sheet+content:Company Trading Overview/First North|content:First North,raw/nasdaq_segment/first_north_cns_objects/ff/ff2fb034c923bf9c2c19529efa1e0b274786e032341960ca9a854704c13d55ff.xls,,PASS,2017-04-18 09:30:11,2017-03,70d1248deaf871ef7f1fa0426562831149267c6452ca73031f00e091ad715069,Contents|Company Trading Overview|Instrument Trading Details
d5ebd8fffdcbf0c1b5ced0f010fba1c1a3bd908b9239e21a08c1f919c6732111,https://attachment.news.eu.nasdaq.com/ab3978128e08d92746dc1b11cf1e20fd2,FRESH_OR_PROVENANCE_EXACT,positive First North workbook content; shared Nasdaq fields treated as neutral,company code|issuer code|orderbook code,772964,284,Equity Trading by Company and Instrument - First North 1704.xls,FIRST_NORTH_LEGACY_V1,legacy_sheet+content:Company Trading Overview/First North|content:First North,raw/nasdaq_segment/first_north_cns_objects/d5/d5ebd8fffdcbf0c1b5ced0f010fba1c1a3bd908b9239e21a08c1f919c6732111.xls,,PASS,2017-05-04 13:52:13,2017-04,f0d22ae56ab88c7469960dfbf9b87fe89cfafae65ef9dad0a9b4d0938cfc7768,Contents|Company Trading Overview|Instrument Trading Details
929034804444591834aa1a78967a2e286b3aa219f81897596d2fd552c7d84658,https://attachment.news.eu.nasdaq.com/afdc0d9caac109af447efd6aba823c0e3,FRESH_OR_PROVENANCE_EXACT,positive First North workbook content; shared Nasdaq fields treated as neutral,company code|issuer code|orderbook code,778259,293,Equity Trading by Company and Instrument - First North 1705.xls,FIRST_NORTH_LEGACY_V1,legacy_sheet+content:Company Trading Overview/First North|content:First North,raw/nasdaq_segment/first_north_cns_objects/92/929034804444591834aa1a78967a2e286b3aa219f81897596d2fd552c7d84658.xls,,PASS,2017-06-05 16:14:13,2017-05,a886e874d91e9d20781520849d9e8816f066efa1ec3ad852c64e0b2d0e46d0c3,Contents|Company Trading Overview|Instrument Trading Details
151b85115884a562ad782f7bd57c142bd2ec486a5c82cf5dc543d3079f2f70dc,https://attachment.news.eu.nasdaq.com/a1cb585510b2e0df54aebc931bbfab40c,FRESH_OR_PROVENANCE_EXACT,positive First North workbook content; shared Nasdaq fields treated as neutral,company code|issuer code|orderbook code,783027,303,Equity Trading by Company and Instrument - First North 1706.xls,FIRST_NORTH_LEGACY_V1,legacy_sheet+content:Company Trading Overview/First North|content:First North,raw/nasdaq_segment/first_north_cns_objects/15/151b85115884a562ad782f7bd57c142bd2ec486a5c82cf5dc543d3079f2f70dc.xls,,PASS,2017-07-11 08:39:14,2017-06,962e99cf2fded06698fc4c8105cabbb2aa586a2a384072801a69cffab5532309,Contents|Company Trading Overview|Instrument Trading Details
fe3273dca44bbc9f57abd2cab64ea8180b7196b73f0f63beff0c3ddc9167eb7e,https://attachment.news.eu.nasdaq.com/a48be513592bcc811db3aa3b2e586eef1,FRESH_OR_PROVENANCE_EXACT,positive First North workbook content; shared Nasdaq fields treated as neutral,company code|issuer code|orderbook code,785790,308,Equity Trading by Company and Instrument - First North 1707.xls,FIRST_NORTH_LEGACY_V1,legacy_sheet+content:Company Trading Overview/First North|content:First North,raw/nasdaq_segment/first_north_cns_objects/fe/fe3273dca44bbc9f57abd2cab64ea8180b7196b73f0f63beff0c3ddc9167eb7e.xls,,PASS,2017-08-03 10:47:09,2017-07,bb46bbc0438c3a63aced566a483b1053c68dab4b9c78893562b4e966e4e0eb28,Contents|Company Trading Overview|Instrument Trading Details
eff8bd4780d45a871200fb9726ec92021b2d514d2772c6477210ff250c5a3af9,https://attachment.news.eu.nasdaq.com/a34bb9de631f7ee0f72545fe5ddd1f38f,FRESH_OR_PROVENANCE_EXACT,positive First North workbook content; shared Nasdaq fields treated as neutral,company code|issuer code|orderbook code,790379,307,Equity Trading by Company and Instrument - First North 1708.xls,FIRST_NORTH_LEGACY_V1,legacy_sheet+content:Company Trading Overview/First North|content:First North,raw/nasdaq_segment/first_north_cns_objects/ef/eff8bd4780d45a871200fb9726ec92021b2d514d2772c6477210ff250c5a3af9.xls,,PASS,2017-09-06 15:01:18,2017-08,f9f0e9060b7fd70c6d7f448b27296c04369e4e736ce950620327619928793ca5,Contents|Company Trading Overview|Instrument Trading Details
ba912fc3fc4bf566d481914bf76a34911c1078031c3fb046c4efd8226f4e298b,https://attachment.news.eu.nasdaq.com/a790e1056e3a34db52c9ee7187726052c,FRESH_OR_PROVENANCE_EXACT,positive First North workbook content; shared Nasdaq fields treated as neutral,company code|issuer code|orderbook code,804500,309,Equity Trading by Company and Instrument - First North 1709.xls,FIRST_NORTH_LEGACY_V1,legacy_sheet+content:Company Trading Overview/First North|content:First North,raw/nasdaq_segment/first_north_cns_objects/ba/ba912fc3fc4bf566d481914bf76a34911c1078031c3fb046c4efd8226f4e298b.xls,,PASS,2017-10-09 13:22:46,2017-09,19a9563975804c5368adc73ac8bf8ff06109a6dfc0403e3aa26cb35fc2e49826,Contents|Company Trading Overview|Instrument Trading Details
a83add446da2329d89cb01451eff5a9da2c0dc1bcafdd4fd170509f84b13aadf,https://attachment.news.eu.nasdaq.com/a91e7b16d7276f70701957564e3a21a8b,FRESH_OR_PROVENANCE_EXACT,positive First North workbook content; shared Nasdaq fields treated as neutral,company code|issuer code|orderbook code,808439,313,Equity Trading by Company and Instrument - First North 1710.xls,FIRST_NORTH_LEGACY_V1,legacy_sheet+content:Company Trading Overview/First North|content:First North,raw/nasdaq_segment/first_north_cns_objects/a8/a83add446da2329d89cb01451eff5a9da2c0dc1bcafdd4fd170509f84b13aadf.xls,,PASS,2017-11-02 15:25:45,2017-10,ab4cf68f0fff3918234c8ddc555e613d5b3113970c0fa69e7ba02de88f8e801b,Contents|Company Trading Overview|Instrument Trading Details
098112fbdefb8560e66bfa57efd99b77d7e41609aeca78c457f2000a7986c444,https://attachment.news.eu.nasdaq.com/aeaef21ead49fc047b841b2d366295bf1,FRESH_OR_PROVENANCE_EXACT,positive First North workbook content; shared Nasdaq fields treated as neutral,company code|issuer code|orderbook code,814248,319,Equity Trading by Company and Instrument - First North 1711.xls,FIRST_NORTH_LEGACY_V1,legacy_sheet+content:Company Trading Overview/First North|content:First North,raw/nasdaq_segment/first_north_cns_objects/09/098112fbdefb8560e66bfa57efd99b77d7e41609aeca78c457f2000a7986c444.xls,,PASS,2017-12-08 10:33:57,2017-11,0c3cc23fd289b3bb316f72e673a18e066bbb4fc59dbf73c89a739cd0f77a1706,Contents|Company Trading Overview|Instrument Trading Details
7f417cf422a37cfc460250e0c26f7219b35ccbb73d7006f268df69199cfdaf4b,https://attachment.news.eu.nasdaq.com/aff0ff362c69339284420a2375e3c8f83,FRESH_OR_PROVENANCE_EXACT,positive First North workbook content; shared Nasdaq fields treated as neutral,company code|issuer code|orderbook code,817840,332,Equity Trading by Company and Instrument - First North 1712.xls,FIRST_NORTH_LEGACY_V1,legacy_sheet+content:Company Trading Overview/First North|content:First North,raw/nasdaq_segment/first_north_cns_objects/7f/7f417cf422a37cfc460250e0c26f7219b35ccbb73d7006f268df69199cfdaf4b.xls,,PASS,2018-01-05 10:16:58,2017-12,1d41f4fceb8fe1a2c709062aca06c91dc912f0d16825c7c668635bc0e0f1c6b0,Contents|Company Trading Overview|Instrument Trading Details
0be98282713a2351f0110b350b803d9738b5fbf767520dc52473704f2f7646a1,https://attachment.news.eu.nasdaq.com/a07f389b1e11a1101768b57b9dac4aaec,FRESH_OR_PROVENANCE_EXACT,positive First North workbook content; shared Nasdaq fields treated as neutral,company code|issuer code|orderbook code,823176,332,Equity Trading by Company and Instrument - First North 1801.xls,FIRST_NORTH_LEGACY_V1,legacy_sheet+content:Company Trading Overview/First North|content:First North,raw/nasdaq_segment/first_north_cns_objects/0b/0be98282713a2351f0110b350b803d9738b5fbf767520dc52473704f2f7646a1.xls,,PASS,2018-02-13 13:32:28,2018-01,a31e8f0330301e55bbfbacc118c63e14328fe8d9f303f39959a8b71f826c0628,Contents|Company Trading Overview|Instrument Trading Details
c52bb54540c9b0a4d36deba38558349ca548626e845cf88170af867272230219,https://attachment.news.eu.nasdaq.com/a4047d0ce97be6d8e87d7879acfb71b07,FRESH_OR_PROVENANCE_EXACT,positive First North workbook content; shared Nasdaq fields treated as neutral,company code|issuer code|orderbook code,827459,334,Equity Trading by Company and Instrument - First North 1802.xls,FIRST_NORTH_LEGACY_V1,legacy_sheet+content:Company Trading Overview/First North|content:First North,raw/nasdaq_segment/first_north_cns_objects/c5/c52bb54540c9b0a4d36deba38558349ca548626e845cf88170af867272230219.xls,,PASS,2018-03-08 10:38:18,2018-02,5d90ab7ba29eaf3a9f57bda643b35e5b92b59d090b9c8ff06ed158a2e0beba21,Contents|Company Trading Overview|Instrument Trading Details
b9504f40a09f776799d125a28fb9864da7deb1f3b67b602d1c61ab1d029e97fe,https://attachment.news.eu.nasdaq.com/aed5dfc44a485873a6137fb701c115a5d,FRESH_OR_PROVENANCE_EXACT,positive First North workbook content; shared Nasdaq fields treated as neutral,company code|issuer code|orderbook code,833934,338,Equity Trading by Company and Instrument - First North 1803.xls,FIRST_NORTH_LEGACY_V1,legacy_sheet+content:Company Trading Overview/First North|content:First North,raw/nasdaq_segment/first_north_cns_objects/b9/b9504f40a09f776799d125a28fb9864da7deb1f3b67b602d1c61ab1d029e97fe.xls,,PASS,2018-04-13 15:46:52,2018-03,220d64acdd28c2d2b697a5b75bfca35bababf8aeb10434921373624c20563a5e,Contents|Company Trading Overview|Instrument Trading Details
6aaedf88c086ad5ad46708cb6fa0d2f5acd78778324896b893a85211ded2fe8c,https://attachment.news.eu.nasdaq.com/ae3702d761435bc1a0bd28fa383caf88d,FRESH_OR_PROVENANCE_EXACT,positive First North workbook content; shared Nasdaq fields treated as neutral,company code|issuer code|orderbook code,838475,341,Equity Trading by Company and Instrument - First North 1804.xls,FIRST_NORTH_LEGACY_V1,legacy_sheet+content:Company Trading Overview/First North|content:First North,raw/nasdaq_segment/first_north_cns_objects/6a/6aaedf88c086ad5ad46708cb6fa0d2f5acd78778324896b893a85211ded2fe8c.xls,,PASS,2018-05-04 12:20:14,2018-04,1e71237297a13a132e8728f3478df9bae7e224d1257116ed1549900b5b0309f2,Contents|Company Trading Overview|Instrument Trading Details
f76650ed9e23311d31d9cb6d14a0bd5c6598fc3fa1bfb82521dac4b242fad2c9,https://attachment.news.eu.nasdaq.com/a5425b98fe00bb242bffdb54e1cea89dd,FRESH_OR_PROVENANCE_EXACT,positive First North workbook content; shared Nasdaq fields treated as neutral,company code|issuer code|orderbook code,844270,344,Equity Trading by Company and Instrument - First North 1805.xls,FIRST_NORTH_LEGACY_V1,legacy_sheet+content:Company Trading Overview/First North|content:First North,raw/nasdaq_segment/first_north_cns_objects/f7/f76650ed9e23311d31d9cb6d14a0bd5c6598fc3fa1bfb82521dac4b242fad2c9.xls,,PASS,2018-06-12 17:00:23,2018-05,d2419584093905189008c4c578dbbb61c18488b5151251690481837097696ee3,Contents|Company Trading Overview|Instrument Trading Details
95898fe9bea44c1e47d5efb701c5be50f5a796daa1c8ae0c6f1a485e78d11b92,https://attachment.news.eu.nasdaq.com/a105c5c449874b59c48a6477ca5b3cd98,FRESH_OR_PROVENANCE_EXACT,positive First North workbook content; shared Nasdaq fields treated as neutral,company code|issuer code|orderbook code,847343,348,Equity Trading by Company and Instrument - First North 1806.xls,FIRST_NORTH_LEGACY_V1,legacy_sheet+content:Company Trading Overview/First North|content:First North,raw/nasdaq_segment/first_north_cns_objects/95/95898fe9bea44c1e47d5efb701c5be50f5a796daa1c8ae0c6f1a485e78d11b92.xls,,PASS,2018-07-05 16:11:23,2018-06,e1adc7f6a4341127593c594c9d85cbb973e8e84c68e687059d503a384f83b32b,Contents|Company Trading Overview|Instrument Trading Details
6653d42883c1f436a0e09a3511196d3c468e7d98a7b3bcf49cf8a2bb6f0c16e4,https://attachment.news.eu.nasdaq.com/a3b081bca3bbb52293cf1cc160932b0fc,FRESH_OR_PROVENANCE_EXACT,positive First North workbook content; shared Nasdaq fields treated as neutral,company code|issuer code|orderbook code,850027,346,Equity Trading by Company and Instrument - First North 1807.xls,FIRST_NORTH_LEGACY_V1,legacy_sheet+content:Company Trading Overview/First North|content:First North,raw/nasdaq_segment/first_north_cns_objects/66/6653d42883c1f436a0e09a3511196d3c468e7d98a7b3bcf49cf8a2bb6f0c16e4.xls,,PASS,2018-08-02 10:22:13,2018-07,2ef5507643ffc5d385fecc2da65a45537979794815a732f158231ca8625f5a05,Contents|Company Trading Overview|Instrument Trading Details
cde08409ddd02dcef7f9dc9c25f75bb581c2aba91d851cd3be498d941c8f99e7,https://attachment.news.eu.nasdaq.com/a28bedca4ff0fbed69329991335435dbe,FRESH_OR_PROVENANCE_EXACT,positive First North workbook content; shared Nasdaq fields treated as neutral,company code|issuer code|orderbook code,854608,346,Equity Trading by Company and Instrument - First North 1808.xls,FIRST_NORTH_LEGACY_V1,legacy_sheet+content:Company Trading Overview/First North|content:First North,raw/nasdaq_segment/first_north_cns_objects/cd/cde08409ddd02dcef7f9dc9c25f75bb581c2aba91d851cd3be498d941c8f99e7.xls,,PASS,2018-09-07 14:44:05,2018-08,14d89f969cbf7322b23d9bf932af08e1dbaa17a3ea9c00ff36e72d50424dce5e,Contents|Company Trading Overview|Instrument Trading Details
b45180fda153d84ef01184cf76b3699672e48e9e1b642e846e355fc78d3a2060,https://attachment.news.eu.nasdaq.com/a3a984e9f243f134b577a157aac58f738,FRESH_OR_PROVENANCE_EXACT,positive First North workbook content; shared Nasdaq fields treated as neutral,company code|issuer code|orderbook code,857726,345,Equity Trading by Company and Instrument - First North 1809.xls,FIRST_NORTH_LEGACY_V1,legacy_sheet+content:Company Trading Overview/First North|content:First North,raw/nasdaq_segment/first_north_cns_objects/b4/b45180fda153d84ef01184cf76b3699672e48e9e1b642e846e355fc78d3a2060.xls,,PASS,2018-10-04 15:34:07,2018-09,3607aea854ca186217c849703071edb1130966fa25f59fc9c08f40dd9514e1ca,Contents|Company Trading Overview|Instrument Trading Details
93daf262eeac8803516315579cb431db7c461637b16e5841c097579c486d1748,https://attachment.news.eu.nasdaq.com/a8f7cec25d6a1d9e7ee1fcb019f67985e,FRESH_OR_PROVENANCE_EXACT,positive First North workbook content; shared Nasdaq fields treated as neutral,company code|issuer code|orderbook code,861666,346,Equity Trading by Company and Instrument - First North 1810.xls,FIRST_NORTH_LEGACY_V1,legacy_sheet+content:Company Trading Overview/First North|content:First North,raw/nasdaq_segment/first_north_cns_objects/93/93daf262eeac8803516315579cb431db7c461637b16e5841c097579c486d1748.xls,,PASS,2018-11-02 10:50:20,2018-10,7365a43748110302c7748ebf0dba0b4b0ee8fa8f0e69697819625e8a88ac8ab1,Contents|Company Trading Overview|Instrument Trading Details
5279393aa791809c087888e28085d82d6ff868c1268b5d8eee2565eeb218c7c1,https://attachment.news.eu.nasdaq.com/a90bc3097968bb0641fc83c8522e6d981,FRESH_OR_PROVENANCE_EXACT,positive First North workbook content; shared Nasdaq fields treated as neutral,company code|issuer code|orderbook code,866980,353,Equity Trading by Company and Instrument - First North 1811.xls,FIRST_NORTH_LEGACY_V1,legacy_sheet+content:Company Trading Overview/First North|content:First North,raw/nasdaq_segment/first_north_cns_objects/52/5279393aa791809c087888e28085d82d6ff868c1268b5d8eee2565eeb218c7c1.xls,,PASS,2018-12-06 12:09:38,2018-11,86571406689fab00bc617ae4b399701c6ab11f52cd3450034776f00bb177664d,Contents|Company Trading Overview|Instrument Trading Details
96c1c70cbdc16682c56dff64d5ff8ee4a2983e040277c942f90dee814f00f451,https://attachment.news.eu.nasdaq.com/a7495f2d5cf5194fea29ac49867b90355,FRESH_OR_PROVENANCE_EXACT,positive First North workbook content; shared Nasdaq fields treated as neutral,company code|issuer code|orderbook code,870456,357,Equity Trading by Company and Instrument - First North 1812.xls,FIRST_NORTH_LEGACY_V1,legacy_sheet+content:Company Trading Overview/First North|content:First North,raw/nasdaq_segment/first_north_cns_objects/96/96c1c70cbdc16682c56dff64d5ff8ee4a2983e040277c942f90dee814f00f451.xls,,PASS,2019-01-04 12:41:17,2018-12,a2a4a51aa0c1d73f4587ca00f112f435b6dc9c07959a964ddbc8435d2422cbb0,Contents|Company Trading Overview|Instrument Trading Details
a224999c69b2e5101533be3bd1ae10ca8e3fd12ba05c91d1d89ffc9ce2d1e2bb,https://attachment.news.eu.nasdaq.com/ae3d555568ed38f0adc40ca8645c56fb8,FRESH_OR_PROVENANCE_EXACT,positive First North workbook content; shared Nasdaq fields treated as neutral,company code|issuer code|orderbook code,874482,357,Equity Trading by Company and Instrument - First North 1901.xls,FIRST_NORTH_LEGACY_V1,legacy_sheet+content:Company Trading Overview/First North|content:First North,raw/nasdaq_segment/first_north_cns_objects/a2/a224999c69b2e5101533be3bd1ae10ca8e3fd12ba05c91d1d89ffc9ce2d1e2bb.xls,,PASS,2019-02-11 16:27:53,2019-01,d200a70300fe93774bdc324e409f0c807ca52a4c54637689e17d261d0243bd50,Contents|Company Trading Overview|Instrument Trading Details
1784a9dfbad9e1b6624db1e136369c957f11c68addc74d6af142ebdd4691b6d8,https://attachment.news.eu.nasdaq.com/a13a7b46684a94be371c7c14360226a4f,FRESH_OR_PROVENANCE_EXACT,positive First North workbook content; shared Nasdaq fields treated as neutral,company code|issuer code|orderbook code,879272,358,Equity Trading by Company and Instrument - First North 1902.xls,FIRST_NORTH_LEGACY_V1,legacy_sheet+content:Company Trading Overview/First North|content:First North,raw/nasdaq_segment/first_north_cns_objects/17/1784a9dfbad9e1b6624db1e136369c957f11c68addc74d6af142ebdd4691b6d8.xls,,PASS,2019-03-13 12:28:56,2019-02,9ac7184618e84e995e23a211e62d1971a70e4b8e681d972304ee3c13b9a00983,Contents|Company Trading Overview|Instrument Trading Details
114f09083d598d4d738a2f3e3c9fc0031eda98cd18ae2ca80924bacbd16b8c75,https://attachment.news.eu.nasdaq.com/ac82ca48f11ffafd9aab4004782e13ac0,FRESH_OR_PROVENANCE_EXACT,positive First North workbook content; shared Nasdaq fields treated as neutral,company code|issuer code|orderbook code,884071,358,Equity Trading by Company and Instrument - First North 1903.xls,FIRST_NORTH_LEGACY_V1,legacy_sheet+content:Company Trading Overview/First North|content:First North,raw/nasdaq_segment/first_north_cns_objects/11/114f09083d598d4d738a2f3e3c9fc0031eda98cd18ae2ca80924bacbd16b8c75.xls,,PASS,2019-04-09 15:36:58,2019-03,55c69233be60b889e79551b93c50c3bb3d88d7c3b650b9b61b867b18953ed01a,Contents|Company Trading Overview|Instrument Trading Details
eb9088f0e0272764919093c4db638c62aa7a546499bca2aa48caec5d89c9419f,https://attachment.news.eu.nasdaq.com/a0c5eea4924e27914153e17f59e0729ec,FRESH_OR_PROVENANCE_EXACT,positive First North workbook content; shared Nasdaq fields treated as neutral,company code|issuer code|orderbook code,888387,361,Equity Trading by Company and Instrument - First North 1904.xls,FIRST_NORTH_LEGACY_V1,legacy_sheet+content:Company Trading Overview/First North|content:First North,raw/nasdaq_segment/first_north_cns_objects/eb/eb9088f0e0272764919093c4db638c62aa7a546499bca2aa48caec5d89c9419f.xls,,PASS,2019-05-06 14:42:28,2019-04,734f2ea2521f3819e01a1409d018850dd6cbff542887cfddc273d5ad1c01594c,Contents|Company Trading Overview|Instrument Trading Details
d0f31129063ece8b86ec9e0f0af0875fae2b4f56e656517ef3c2cd240f6c4f4c,https://attachment.news.eu.nasdaq.com/a63f538f4810d76c0de0c888ff4002572,FRESH_OR_PROVENANCE_EXACT,positive First North workbook content; shared Nasdaq fields treated as neutral,company code|issuer code|orderbook code,893376,364,Equity Trading by Company and Instrument - First North 1905.xls,FIRST_NORTH_LEGACY_V1,legacy_sheet+content:Company Trading Overview/First North|content:First North,raw/nasdaq_segment/first_north_cns_objects/d0/d0f31129063ece8b86ec9e0f0af0875fae2b4f56e656517ef3c2cd240f6c4f4c.xls,,PASS,2019-06-10 13:19:06,2019-05,48107d2be74fb559933f64508d0d4b1aa0af6f7eeeb3b55971779c58aa85fe49,Contents|Company Trading Overview|Instrument Trading Details
b2c4504d8ea0d840adfd5fd8c8095d28e0885dbcc3816b48f9c3432d7b71b6a2,https://attachment.news.eu.nasdaq.com/a623ffe3e2e26cac1eeec352a8c52c30e,FRESH_OR_PROVENANCE_EXACT,positive First North workbook content; shared Nasdaq fields treated as neutral,company code|issuer code|orderbook code,896806,367,Equity Trading by Company and Instrument - First North 1906.xls,FIRST_NORTH_LEGACY_V1,legacy_sheet+content:Company Trading Overview/First North|content:First North,raw/nasdaq_segment/first_north_cns_objects/b2/b2c4504d8ea0d840adfd5fd8c8095d28e0885dbcc3816b48f9c3432d7b71b6a2.xls,,PASS,2019-07-12 13:15:40,2019-06,bfd1e043dd13e0f12d712b60b74a6995874b0c405522d6f77e3b6e895719d71a,Contents|Company Trading Overview|Instrument Trading Details
3075afe4a68bc558f9f79c1dfb23894857b53c312549ae041a425783246026e9,https://attachment.news.eu.nasdaq.com/add01a95604593494cecb5f1981a63dd0,FRESH_OR_PROVENANCE_EXACT,positive First North workbook content; shared Nasdaq fields treated as neutral,company code|issuer code|orderbook code,898642,368,Equity Trading by Company and Instrument - First North 1907.xls,FIRST_NORTH_LEGACY_V1,legacy_sheet+content:Company Trading Overview/First North|content:First North,raw/nasdaq_segment/first_north_cns_objects/30/3075afe4a68bc558f9f79c1dfb23894857b53c312549ae041a425783246026e9.xls,,PASS,2019-08-02 16:45:49,2019-07,b962a56c4dc9015b1e06c5eab0f5dd7414eeacd1f413ba6937d43e62f2df21fe,Contents|Company Trading Overview|Instrument Trading Details
43b9ac99e726240933cfa61b4b44abd59023a61900461aeabecd4b2e161afb71,https://attachment.news.eu.nasdaq.com/a231418197b146eb14ff96830985c7712,FRESH_OR_PROVENANCE_EXACT,positive First North workbook content; shared Nasdaq fields treated as neutral,company code|issuer code|orderbook code,903108,367,Equity Trading by Company and Instrument - First North 1908.xls,FIRST_NORTH_LEGACY_V1,legacy_sheet+content:Company Trading Overview/First North|content:First North,raw/nasdaq_segment/first_north_cns_objects/43/43b9ac99e726240933cfa61b4b44abd59023a61900461aeabecd4b2e161afb71.xls,,PASS,2019-09-11 10:56:46,2019-08,66f7c1c1a0e552e1bd53ce3f5d440845c134037115892e0e9bb0889d1ee684ff,Contents|Company Trading Overview|Instrument Trading Details
d289896c76b4c38fbe3691507316985f6cb49ac7bdc7ea69b615929dae559ba8,https://attachment.news.eu.nasdaq.com/a76eb1f6d4b52fb906d5fc7f5dc84744b,FRESH_OR_PROVENANCE_EXACT,positive First North workbook content; shared Nasdaq fields treated as neutral,company code|issuer code|orderbook code,906297,364,Equity Trading by Company and Instrument - First North 1909.xls,FIRST_NORTH_LEGACY_V1,legacy_sheet+content:Company Trading Overview/First North|content:First North,raw/nasdaq_segment/first_north_cns_objects/d2/d289896c76b4c38fbe3691507316985f6cb49ac7bdc7ea69b615929dae559ba8.xls,,PASS,2019-10-10 13:42:07,2019-09,19d58f55ca7eff169aba43ce51de0afeb80c1d5701c8c5de79a31426a9c60e2d,Contents|Company Trading Overview|Instrument Trading Details
4b4af116c9f88a304267cf80ab014b88a810f11b15af11845356ef8a0a3a81d2,https://attachment.news.eu.nasdaq.com/a5f96ff7a572d0a673ff1717fb2c05f0b,FRESH_OR_PROVENANCE_EXACT,positive First North workbook content; shared Nasdaq fields treated as neutral,company code|issuer code|orderbook code,911552,365,Equity Trading by Company and Instrument - First North 1910.xls,FIRST_NORTH_LEGACY_V1,legacy_sheet+content:Company Trading Overview/First North|content:First North,raw/nasdaq_segment/first_north_cns_objects/4b/4b4af116c9f88a304267cf80ab014b88a810f11b15af11845356ef8a0a3a81d2.xls,,PASS,2019-11-15 15:13:16,2019-10,affefd8b83f22e637c55c22343a2e5b9a0295b249bedfad30346acefc6e48c47,Contents|Company Trading Overview|Instrument Trading Details
a8ccab967a98aa0006c2d9a01af7bb410aca107de8c14bdf43baca9e1aad553b,https://attachment.news.eu.nasdaq.com/aa5a51000164ea9f17c747928c6fbc6ad,FRESH_OR_PROVENANCE_EXACT,positive First North workbook content; shared Nasdaq fields treated as neutral,company code|issuer code|orderbook code,914486,366,Equity Trading by Company and Instrument - First North 1911.xls,FIRST_NORTH_LEGACY_V1,legacy_sheet+content:Company Trading Overview/First North|content:First North,raw/nasdaq_segment/first_north_cns_objects/a8/a8ccab967a98aa0006c2d9a01af7bb410aca107de8c14bdf43baca9e1aad553b.xls,,PASS,2019-12-09 14:10:54,2019-11,3cc520128b4323878286e7505ac7fbc710a55c351406534dba72e2d972c91dff,Contents|Company Trading Overview|Instrument Trading Details
c79c2a03d9797f1cdeac4bfc1fa49fcd429f0d4b1e0cafd727f92574e2f3d27b,https://attachment.news.eu.nasdaq.com/a3fa7d4e85176343a41e456cc80b53900,FRESH_OR_PROVENANCE_EXACT,positive First North workbook content; shared Nasdaq fields treated as neutral,company code|issuer code|orderbook code,918502,375,Equity Trading by Company and Instrument - First North 1912.xls,FIRST_NORTH_LEGACY_V1,legacy_sheet+content:Company Trading Overview/First North|content:First North,raw/nasdaq_segment/first_north_cns_objects/c7/c79c2a03d9797f1cdeac4bfc1fa49fcd429f0d4b1e0cafd727f92574e2f3d27b.xls,,PASS,2020-01-21 08:49:37,2019-12,60c1ce831cbe7ed0a0e297efb482a17f1055bd5b17fb1bf1df594de6736859cc,Contents|Company Trading Overview|Instrument Trading Details
bb4351ab04b55b2bd252990e6d2f81cf774e1671f1a0b3ebadee4b6c5f2588ea,https://attachment.news.eu.nasdaq.com/aff9090f12143ddef20e666537bae4388,FRESH_OR_PROVENANCE_EXACT,positive First North workbook content; shared Nasdaq fields treated as neutral,company code|issuer code|orderbook code,922124,375,Equity Trading by Company and Instrument - First North 2001.xls,FIRST_NORTH_LEGACY_V1,legacy_sheet+content:Company Trading Overview/First North|content:First North,raw/nasdaq_segment/first_north_cns_objects/bb/bb4351ab04b55b2bd252990e6d2f81cf774e1671f1a0b3ebadee4b6c5f2588ea.xls,,PASS,2020-02-17 10:12:20,2020-01,843345689493aae062dae477f1f32827ce2fcd223ff5bbc1ab6e614e71d45195,Contents|Company Trading Overview|Instrument Trading Details
4386823a99f1dd479047778d96bb9feecc0671f083531190d04d0bdc70c6ea4a,https://attachment.news.eu.nasdaq.com/ab9eaabef4091343656823326fd8305b5,FRESH_OR_PROVENANCE_EXACT,positive First North workbook content; shared Nasdaq fields treated as neutral,company code|issuer code|orderbook code,929782,376,Equity Trading by Company and Instrument - First North 2002.xls,FIRST_NORTH_LEGACY_V1,legacy_sheet+content:Company Trading Overview/First North|content:First North,raw/nasdaq_segment/first_north_cns_objects/43/4386823a99f1dd479047778d96bb9feecc0671f083531190d04d0bdc70c6ea4a.xls,,PASS,2020-03-23 13:13:37,2020-02,f7bbef87ec7654d99fa92577fe00936a16e7ed824636d24c16ab5ab30f426f7f,Contents|Company Trading Overview|Instrument Trading Details
b58ec19979233e6d67ae394993e49e4e03bc7910fb860b5914f908d249e0e21d,https://attachment.news.eu.nasdaq.com/a4d69c64872a9b991fbb9ee57bb070eb3,FRESH_OR_PROVENANCE_EXACT,positive First North workbook content; shared Nasdaq fields treated as neutral,company code|issuer code|orderbook code,934488,376,Equity Trading by Company and Instrument - First North 2003.xls,FIRST_NORTH_LEGACY_V1,legacy_sheet+content:Company Trading Overview/First North|content:First North,raw/nasdaq_segment/first_north_cns_objects/b5/b58ec19979233e6d67ae394993e49e4e03bc7910fb860b5914f908d249e0e21d.xls,,PASS,2020-04-15 15:10:53,2020-03,3b919b2f6876b105a6d4231ad053bab53384732131f613c3cc0dac8d34faa005,Contents|Company Trading Overview|Instrument Trading Details
15c979b5b8af32b4cddbeea46a5776af66eb930e15518a50b2f55a2ab63d63b4,https://attachment.news.eu.nasdaq.com/ae2de3da920d335bd4a8b4eb728329dbb,FRESH_OR_PROVENANCE_EXACT,positive First North workbook content; shared Nasdaq fields treated as neutral,company code|issuer code|orderbook code,941729,375,Equity Trading by Company and Instrument - First North 2004.xls,FIRST_NORTH_LEGACY_V1,legacy_sheet+content:Company Trading Overview/First North|content:First North,raw/nasdaq_segment/first_north_cns_objects/15/15c979b5b8af32b4cddbeea46a5776af66eb930e15518a50b2f55a2ab63d63b4.xls,,PASS,2020-05-25 08:23:55,2020-04,fd56482e74d4d8f052cbf8bfbf857ee6119a68a9f38133461d95c7167e02a5aa,Contents|Company Trading Overview|Instrument Trading Details
c9cac2cdf7aafb06dc5383f3f7709a86c1407599b639ae790bcfc97622d855d9,https://attachment.news.eu.nasdaq.com/a94ac6c30c57549c9041c93adbacae76c,FRESH_OR_PROVENANCE_EXACT,positive First North workbook content; shared Nasdaq fields treated as neutral,company code|issuer code|orderbook code,944431,381,Equity Trading by Company and Instrument - First North 2005.xls,FIRST_NORTH_LEGACY_V1,legacy_sheet+content:Company Trading Overview/First North|content:First North,raw/nasdaq_segment/first_north_cns_objects/c9/c9cac2cdf7aafb06dc5383f3f7709a86c1407599b639ae790bcfc97622d855d9.xls,,PASS,2020-06-10 10:28:02,2020-05,12488f8937e39cff57de25ace3f569068975b669481540a32889126da51dc310,Contents|Company Trading Overview|Instrument Trading Details
7e4f37bef0e80fbf422b09eea9010c36eb0b3a990a83507c70ff429af6011b1a,https://attachment.news.eu.nasdaq.com/a2e0078b517841d6c3d249a5e1e9a92cd,FRESH_OR_PROVENANCE_EXACT,positive First North workbook content; shared Nasdaq fields treated as neutral,company code|issuer code|orderbook code,948201,385,Equity Trading by Company and Instrument - First North 2006.xls,FIRST_NORTH_LEGACY_V1,legacy_sheet+content:Company Trading Overview/First North|content:First North,raw/nasdaq_segment/first_north_cns_objects/7e/7e4f37bef0e80fbf422b09eea9010c36eb0b3a990a83507c70ff429af6011b1a.xls,,PASS,2020-07-10 14:01:09,2020-06,2cc005bef85e537e9215d862e3f44bf4b5e4feed121d496b9b88a918b8bf4345,Contents|Company Trading Overview|Instrument Trading Details
09e8201984fee1ac5e41ba296310bdcdb12edd16e38ba991733a8a62f5b4083b,https://attachment.news.eu.nasdaq.com/a131fc6dff5c25d37b77e1d0743fe1c89,FRESH_OR_PROVENANCE_EXACT,positive First North workbook content; shared Nasdaq fields treated as neutral,company code|issuer code|location|orderbook code,950451,385,Equity Trading by Company and Instrument - First North 2007.xls,FIRST_NORTH_MODERN_V1,sheet:First North Trading Details|content:First North,raw/nasdaq_segment/first_north_cns_objects/09/09e8201984fee1ac5e41ba296310bdcdb12edd16e38ba991733a8a62f5b4083b.xls,,PASS,2020-08-05 09:42:01,2020-07,51fccbb9266634c1e14f8880f88648f0fd2e3aa07aedb74db58ddcdf1fdb084f,Contents|First North Trading Details|Company Trading |Instrument Trading Details
53fe19774ab9f0c6a65d2bfc4c33deb393c713aeb02ee99a7c0a75b6c8ef4540,https://attachment.news.eu.nasdaq.com/abc858a1d3ccda51f872bef45979166a0,FRESH_OR_PROVENANCE_EXACT,positive First North workbook content; shared Nasdaq fields treated as neutral,company code|issuer code|location|orderbook code,954974,387,Equity Trading by Company and Instrument - First North 2008.xls,FIRST_NORTH_MODERN_V1,sheet:First North Trading Details|content:First North,raw/nasdaq_segment/first_north_cns_objects/53/53fe19774ab9f0c6a65d2bfc4c33deb393c713aeb02ee99a7c0a75b6c8ef4540.xls,,PASS,2020-09-11 16:13:21,2020-08,189b270e7c3d55cc87d49be30e1b72f8c6b33a0e10865237b340cb715b8ae1f1,Contents|First North Trading Details|Company Trading |Instrument Trading Details
83c29cd977ebcb6053e9833d5ca37f536c4920ad5a2732958f2f1c17a1b998b0,https://attachment.news.eu.nasdaq.com/a6751b0b093ffc2a38b58190ecf955f84,FRESH_OR_PROVENANCE_EXACT,positive First North workbook content; shared Nasdaq fields treated as neutral,company code|issuer code|location|orderbook code,958042,392,Equity Trading by Company and Instrument - First North 2009.xls,FIRST_NORTH_MODERN_V1,sheet:First North Trading Details|content:First North,raw/nasdaq_segment/first_north_cns_objects/83/83c29cd977ebcb6053e9833d5ca37f536c4920ad5a2732958f2f1c17a1b998b0.xls,,PASS,2020-10-12 09:33:24,2020-09,11640e2524e65628018d139980f0fc64ffc1c8aad8c1996292423200f9e6bca1,Contents|First North Trading Details|Company Trading |Company Trading per Exchange|Instrument Trading Details
dcf824ebeb9bff6e0cd31a3a4d7d33cd5e1c4fcfc09ec238e65d253c21dbeb4d,https://attachment.news.eu.nasdaq.com/a5f39a2bda62f8cca43b6f6c4a85679fb,FRESH_OR_PROVENANCE_EXACT,positive First North workbook content; shared Nasdaq fields treated as neutral,company code|issuer code|location|orderbook code,962866,398,Equity Trading by Company and Instrument - First North 2010.xls,FIRST_NORTH_MODERN_V1,sheet:First North Trading Details|content:First North,raw/nasdaq_segment/first_north_cns_objects/dc/dcf824ebeb9bff6e0cd31a3a4d7d33cd5e1c4fcfc09ec238e65d253c21dbeb4d.xls,,PASS,2020-11-12 10:31:26,2020-10,316207a8992a023db98dd90c062480d7d42b657e0f89a1b557ff805a78351fc2,Contents|First North Trading Details|Company Trading |Company Trading per Exchange|Instrument Trading Details
5ce4c7a0b8fcd4f435d893b3005b87393a89a34f7f574f25072c15d876d71fb8,https://attachment.news.eu.nasdaq.com/af50aec8c8eeb704e8a470495e7de855d,FRESH_OR_PROVENANCE_EXACT,positive First North workbook content; shared Nasdaq fields treated as neutral,company code|issuer code|location|orderbook code,1000310,412,Equity Trading by Company and Instrument - First North 2012.xls,FIRST_NORTH_MODERN_V1,sheet:First North Trading Details|content:First North,raw/nasdaq_segment/first_north_cns_objects/5c/5ce4c7a0b8fcd4f435d893b3005b87393a89a34f7f574f25072c15d876d71fb8.xls,,PASS,2021-01-13 14:58:12,2020-12,ac8209eb8bcd6308383dd87a53f90a961efa903aa582fe99a86c9d3e3c4d996c,Contents|First North Trading Details|Company Trading |Company Trading per Exchange|Instrument Trading Details
58aa9686947782dbcf06a951017561959f7097a40789d518a79e23b553dc7032,https://attachment.news.eu.nasdaq.com/a505f1b8cb01ed6f2b3fb4988899d9e4c,FRESH_OR_PROVENANCE_EXACT,positive First North workbook content; shared Nasdaq fields treated as neutral,company code|issuer code|location|orderbook code,1004651,415,Equity Trading by Company and Instrument - First North 2101.xls,FIRST_NORTH_MODERN_V1,sheet:First North Trading Details|content:First North,raw/nasdaq_segment/first_north_cns_objects/58/58aa9686947782dbcf06a951017561959f7097a40789d518a79e23b553dc7032.xls,,PASS,2021-02-15 15:28:58,2021-01,5741e523a458e8beefde8b5f5b6a0cd5b0af39f2c3ad53848777db959f408c5f,Contents|First North Trading Details|Company Trading |Company Trading per Exchange|Instrument Trading Details
9e19b88e06bc4a79cc554fab6a2c4d4ac3552a558a156978d05a4ae894cb56ba,https://attachment.news.eu.nasdaq.com/ab3b9924f8855fe264d45eba9166fc507,FRESH_OR_PROVENANCE_EXACT,positive First North workbook content; shared Nasdaq fields treated as neutral,company code|issuer code|location|orderbook code,1008835,422,Equity Trading by Company and Instrument - First North 2102.xls,FIRST_NORTH_MODERN_V1,sheet:First North Trading Details|content:First North,raw/nasdaq_segment/first_north_cns_objects/9e/9e19b88e06bc4a79cc554fab6a2c4d4ac3552a558a156978d05a4ae894cb56ba.xls,,PASS,2021-03-09 15:41:28,2021-02,c3575cc804b7ebf5461a02627e68af0c9b0477fcc8dc0e7ddb7ecf4e556f459c,Contents|First North Trading Details|Company Trading |Company Trading per Exchange|Instrument Trading Details
9b110b3dab791193437dc414099c4b1414a63fd7ded1d31b908fd10a1c6fefc2,https://attachment.news.eu.nasdaq.com/a2b082286f2af0bc6192a7569622cf61b,FRESH_OR_PROVENANCE_EXACT,positive First North workbook content; shared Nasdaq fields treated as neutral,company code|issuer code|location|orderbook code,1015932,436,Equity Trading by Company and Instrument - First North 2103.xls,FIRST_NORTH_MODERN_V1,sheet:First North Trading Details|content:First North,raw/nasdaq_segment/first_north_cns_objects/9b/9b110b3dab791193437dc414099c4b1414a63fd7ded1d31b908fd10a1c6fefc2.xls,,PASS,2021-04-19 09:38:13,2021-03,97b14e7efd63fea5ac8e8ef31cea171e653714255c03a16ad90a8e08d1089809,Contents|First North Trading Details|Company Trading |Company Trading per Exchange|Instrument Trading Details
d68b676124002b8cf5e0ceb05bdbceed14717962a65535e49fa32677f027cd32,https://attachment.news.eu.nasdaq.com/a0d615406b63298e6affe709ac64fd943,FRESH_OR_PROVENANCE_EXACT,positive First North workbook content; shared Nasdaq fields treated as neutral,company code|issuer code|location|orderbook code,1032362,443,Equity Trading by Company and Instrument - First North 2104.xls,FIRST_NORTH_MODERN_V1,sheet:First North Trading Details|content:First North,raw/nasdaq_segment/first_north_cns_objects/d6/d68b676124002b8cf5e0ceb05bdbceed14717962a65535e49fa32677f027cd32.xls,,PASS,2021-05-12 13:07:39,2021-04,54b0f7ca28cae8c4a94faee1c6b3ebf82fb020271ba5f8e6b2e63ade3d54d060,Contents|First North Trading Details|Company Trading |Company Trading per Exchange|Instrument Trading Details
dcdcf5d8ee16afdcfa1ed2850c3dc7405af06f986543dc586e81d30345af743c,https://attachment.news.eu.nasdaq.com/a2d98b62060afbd8896d7f8f5e8bd2fc6,FRESH_OR_PROVENANCE_EXACT,positive First North workbook content; shared Nasdaq fields treated as neutral,company code|issuer code|location|orderbook code,1102045,451,Equity Trading by Company and Instrument - First North 2105.xls,FIRST_NORTH_MODERN_V1,sheet:First North Trading Details|content:First North,raw/nasdaq_segment/first_north_cns_objects/dc/dcdcf5d8ee16afdcfa1ed2850c3dc7405af06f986543dc586e81d30345af743c.xls,,PASS,2021-06-11 11:47:06,2021-05,ce9db950a929993bdf58460d99e042cc463ffb4279b164b80c200f69f4ab1179,Contents|First North Trading Details|Company Trading |Company Trading per Exchange|Instrument Trading Details
af3259e8ec150f8e1c523120883220c1ccedb188b471c126b5e3a79ebeb676b9,https://attachment.news.eu.nasdaq.com/ab8bf7471c237c39f7cba44c5a982d1cd,FRESH_OR_PROVENANCE_EXACT,positive First North workbook content; shared Nasdaq fields treated as neutral,company code|issuer code|location|orderbook code,1104954,477,Equity Trading by Company and Instrument - First North 2106.xls,FIRST_NORTH_MODERN_V1,sheet:First North Trading Details|content:First North,raw/nasdaq_segment/first_north_cns_objects/af/af3259e8ec150f8e1c523120883220c1ccedb188b471c126b5e3a79ebeb676b9.xls,,PASS,2021-07-01 16:58:54,2021-06,78a5bb47ed5d0006d48a4efb6fecb10a859284c65b4f76eb27334c6f269af47e,Contents|First North Trading Details|Company Trading |Company Trading per Exchange|Instrument Trading Details
bf2c2f8dde83b5233cad0af0c9060e5be1742e76ddbde2ee348590635b490705,https://attachment.news.eu.nasdaq.com/a5a330678e2f5feab68372ce6fd5a3744,FRESH_OR_PROVENANCE_EXACT,positive First North workbook content; shared Nasdaq fields treated as neutral,company code|issuer code|location|orderbook code,1108662,490,Equity Trading by Company and Instrument - First North 2107.xls,FIRST_NORTH_MODERN_V1,sheet:First North Trading Details|content:First North,raw/nasdaq_segment/first_north_cns_objects/bf/bf2c2f8dde83b5233cad0af0c9060e5be1742e76ddbde2ee348590635b490705.xls,,PASS,2021-08-02 13:52:10,2021-07,b1106bb15ed4d9c7feb3f2f0684d42efa24bc50244f7f6e110ad1beb95a87980,Contents|First North Trading Details|Company Trading |Company Trading per Exchange|Instrument Trading Details
245ec0c75c0af940b0a6d623be4cc22fa1b0dce9b8f353279e397ed69258fd2e,https://attachment.news.eu.nasdaq.com/aad6156eb56ee5023978fea3baf916bfb,FRESH_OR_PROVENANCE_EXACT,positive First North workbook content; shared Nasdaq fields treated as neutral,company code|issuer code|location|orderbook code,1113110,489,Equity Trading by Company and Instrument - First North 2108.xls,FIRST_NORTH_MODERN_V1,sheet:First North Trading Details|content:First North,raw/nasdaq_segment/first_north_cns_objects/24/245ec0c75c0af940b0a6d623be4cc22fa1b0dce9b8f353279e397ed69258fd2e.xls,,PASS,2021-09-01 14:26:26,2021-08,b620b3411a4834278d7778216f77f1d4b1c4aa789995d0370a831e4c9857fc6a,Contents|First North Trading Details|Company Trading |Company Trading per Exchange|Instrument Trading Details
628a5caafe3f22146837661e79e78c3af3a1fbb40c08b1a6e14caf5639c94aaf,https://attachment.news.eu.nasdaq.com/aabdeda3b31dc05bb01859540b8da1409,FRESH_OR_PROVENANCE_EXACT,positive First North workbook content; shared Nasdaq fields treated as neutral,company code|issuer code|location|orderbook code,1117271,494,Equity Trading by Company and Instrument - First North 2109.xls,FIRST_NORTH_MODERN_V1,sheet:First North Trading Details|content:First North,raw/nasdaq_segment/first_north_cns_objects/62/628a5caafe3f22146837661e79e78c3af3a1fbb40c08b1a6e14caf5639c94aaf.xls,,PASS,2021-10-01 10:30:07,2021-09,5cf83c6bba5a7abb6a8e6e8df9f64b01e5429473014042baf77d0c1da80278b3,Contents|First North Trading Details|Company Trading |Company Trading per Exchange|Instrument Trading Details
fd4f58d21116d411690864bdc2e5e58453f7aa454972b7faf1973f0af4058d06,https://attachment.news.eu.nasdaq.com/ad154c2f217f362f12c9fd31f89c1e488,FRESH_OR_PROVENANCE_EXACT,positive First North workbook content; shared Nasdaq fields treated as neutral,company code|issuer code|location|orderbook code,1122379,506,Equity Trading by Company and Instrument - First North 2110.xls,FIRST_NORTH_MODERN_V1,sheet:First North Trading Details|content:First North,raw/nasdaq_segment/first_north_cns_objects/fd/fd4f58d21116d411690864bdc2e5e58453f7aa454972b7faf1973f0af4058d06.xls,,PASS,2021-11-01 12:12:26,2021-10,2ae79ab0422fe5733adfc2fa6b1be438c0678cb2c8a8c27e35206d8e028e21db,Contents|First North Trading Details|Company Trading |Company Trading per Exchange|Instrument Trading Details
e8bd1b31265cc4193b23d6cdb044b6c8679a561662d77ef3df971d4231c632cf,https://attachment.news.eu.nasdaq.com/affb6a1af4045365ec837b42c0e55da8f,FRESH_OR_PROVENANCE_EXACT,positive First North workbook content; shared Nasdaq fields treated as neutral,company code|issuer code|location|orderbook code,1128197,522,Equity Trading by Company and Instrument - First North 2111.xls,FIRST_NORTH_MODERN_V1,sheet:First North Trading Details|content:First North,raw/nasdaq_segment/first_north_cns_objects/e8/e8bd1b31265cc4193b23d6cdb044b6c8679a561662d77ef3df971d4231c632cf.xls,,PASS,2021-12-01 17:09:17,2021-11,892209f4810f7c479cdddf00466486da788d3294722d09735509891663d20bac,Contents|First North Trading Details|Company Trading |Company Trading per Exchange|Instrument Trading Details
752a753c30103697a0c26a7820a0f8033c072bf8c1e142272345721cbcd28354,https://attachment.news.eu.nasdaq.com/ae14a05af61eeb990c743836329281ea4,FRESH_OR_PROVENANCE_EXACT,positive First North workbook content; shared Nasdaq fields treated as neutral,company code|issuer code|location|orderbook code,1134123,544,Equity Trading by Company and Instrument - First North 2112.xls,FIRST_NORTH_MODERN_V1,sheet:First North Trading Details|content:First North,raw/nasdaq_segment/first_north_cns_objects/75/752a753c30103697a0c26a7820a0f8033c072bf8c1e142272345721cbcd28354.xls,,PASS,2022-01-04 09:49:22,2021-12,9217bc05355d2e7e9a67b39829ba2c5717f7f75e6797bd9367d8a172595d7afc,Contents|First North Trading Details|Company Trading |Company Trading per Exchange|Instrument Trading Details
4b0aa992f0c322838bd8a3ab4b18e2d4dd02af9c306e39327e5d424e030af797,https://attachment.news.eu.nasdaq.com/aeb5e06670807fa71abbe4b49c0c4b960,FRESH_OR_PROVENANCE_EXACT,positive First North workbook content; shared Nasdaq fields treated as neutral,company code|issuer code|location|orderbook code,1137188,544,Equity Trading by Company and Instrument - First North 2201.xls,FIRST_NORTH_MODERN_V1,sheet:First North Trading Details|content:First North,raw/nasdaq_segment/first_north_cns_objects/4b/4b0aa992f0c322838bd8a3ab4b18e2d4dd02af9c306e39327e5d424e030af797.xls,,PASS,2022-02-01 14:29:57,2022-01,4846e1748587697004094e172853e1e9861eb0bf7250244fb1c254fb1f3472eb,Contents|First North Trading Details|Company Trading |Company Trading per Exchange|Instrument Trading Details
e3b69eb49e9a19024e58653d54bc0c208eeb7bbacccef15e63297d2fb18a8374,https://attachment.news.eu.nasdaq.com/a14cb9ad5b99a434085a809a7ecb5a555,FRESH_OR_PROVENANCE_EXACT,positive First North workbook content; shared Nasdaq fields treated as neutral,company code|issuer code|location|orderbook code,1143801,550,Equity Trading by Company and Instrument - First North 2202.xls,FIRST_NORTH_MODERN_V1,sheet:First North Trading Details|content:First North,raw/nasdaq_segment/first_north_cns_objects/e3/e3b69eb49e9a19024e58653d54bc0c208eeb7bbacccef15e63297d2fb18a8374.xls,,PASS,2022-03-02 10:51:45,2022-02,a74b90c67e7775ac3dc0083e34aef61dc49a7bf1d57c6d548a033fc295d0cfaa,Contents|First North Trading Details|Company Trading |Company Trading per Exchange|Instrument Trading Details
b8fff8e8a09dbb8beeb930024de2198b7f0fd16139d10aa7073f145fa52bc785,https://attachment.news.eu.nasdaq.com/a874496b9000d92ed38d1de4cb96591b7,FRESH_OR_PROVENANCE_EXACT,positive First North workbook content; shared Nasdaq fields treated as neutral,company code|issuer code|location|orderbook code,1151145,555,Equity Trading by Company and Instrument - First North 2203.xls,FIRST_NORTH_MODERN_V1,sheet:First North Trading Details|content:First North,raw/nasdaq_segment/first_north_cns_objects/b8/b8fff8e8a09dbb8beeb930024de2198b7f0fd16139d10aa7073f145fa52bc785.xls,,PASS,2022-04-01 16:13:24,2022-03,7bac0e5a0534b559981bc68e1df28024149a749ff521231f6d242ec735d9f11a,Contents|First North Trading Details|Company Trading |Company Trading per Exchange|Instrument Trading Details
950ce1b7eaf98b1b8c28ada0f206dfa56719fc7cfb61c00cc9dead92f9274e5f,https://attachment.news.eu.nasdaq.com/ae6265ba339acf4b624091d4b06ec0140,FRESH_OR_PROVENANCE_EXACT,positive First North workbook content; shared Nasdaq fields treated as neutral,company code|issuer code|location|orderbook code,1173271,556,Equity Trading by Company and Instrument - First North 2204.xls,FIRST_NORTH_MODERN_V1,sheet:First North Trading Details|content:First North,raw/nasdaq_segment/first_north_cns_objects/95/950ce1b7eaf98b1b8c28ada0f206dfa56719fc7cfb61c00cc9dead92f9274e5f.xls,,PASS,2022-05-03 09:38:43,2022-04,222047c58d8d59e7ad1606f41c611b9ba012a29e53926022b2a74a45707a0d69,Contents|First North Trading Details|Company Trading |Company Trading per Exchange|Instrument Trading Details
49a2589a0aa0414abd0e3c836dd408ff7ee503285915ece2ffba27a684dd3485,https://attachment.news.eu.nasdaq.com/ab218bcb72e1ec0f6ff9febf48da428b0,FRESH_OR_PROVENANCE_EXACT,positive First North workbook content; shared Nasdaq fields treated as neutral,company code|issuer code|location|orderbook code,1173276,564,Equity Trading by Company and Instrument - First North 2205.xls,FIRST_NORTH_MODERN_V1,sheet:First North Trading Details|content:First North,raw/nasdaq_segment/first_north_cns_objects/49/49a2589a0aa0414abd0e3c836dd408ff7ee503285915ece2ffba27a684dd3485.xls,,PASS,2022-06-02 12:05:07,2022-05,141b2b66322f0d49fe3c834d151ed46c8ed0184260800e89218a21f23dcaa59f,Contents|First North Trading Details|Company Trading |Company Trading per Exchange|Instrument Trading Details
0741d451b302294e726e37da46d0824758aa8f75d67223e81e5827153a94210d,https://attachment.news.eu.nasdaq.com/acf10b6679d12d4a02231e3d7857ef13b,FRESH_OR_PROVENANCE_EXACT,positive First North workbook content; shared Nasdaq fields treated as neutral,company code|issuer code|location|orderbook code,1169814,563,Equity Trading by Company and Instrument - First North 2206.xls,FIRST_NORTH_MODERN_V1,sheet:First North Trading Details|content:First North,raw/nasdaq_segment/first_north_cns_objects/07/0741d451b302294e726e37da46d0824758aa8f75d67223e81e5827153a94210d.xls,,PASS,2022-07-01 16:35:53,2022-06,16e3442522682e8c205bb95955234de5a0d527ad7edebe77a287f8d0317d76af,Contents|First North Trading Details|Company Trading |Company Trading per Exchange|Instrument Trading Details
420c4528d41175de37d4e961c355110b7f2bb29f6ebd80e7b185e77933424fc8,https://attachment.news.eu.nasdaq.com/ad00db3d509f11c33ff4bbf2027096b0b,FRESH_OR_PROVENANCE_EXACT,positive First North workbook content; shared Nasdaq fields treated as neutral,company code|issuer code|location|orderbook code,1174091,562,Equity Trading by Company and Instrument - First North 2207.xls,FIRST_NORTH_MODERN_V1,sheet:First North Trading Details|content:First North,raw/nasdaq_segment/first_north_cns_objects/42/420c4528d41175de37d4e961c355110b7f2bb29f6ebd80e7b185e77933424fc8.xls,,PASS,2022-08-03 11:02:46,2022-07,d4accab21a6545d34a9462698d8f64773cbddc08161dbd264838c0c588ac9484,Contents|First North Trading Details|Company Trading |Company Trading per Exchange|Instrument Trading Details
0e60344e33bae262686a384382836551f1beddebccf3e35eac491b43f4919e1e,https://attachment.news.eu.nasdaq.com/a4321d6b1f132d4545c2cee137b09b763,FRESH_OR_PROVENANCE_EXACT,positive First North workbook content; shared Nasdaq fields treated as neutral,company code|issuer code|location|orderbook code,1179174,560,Equity Trading by Company and Instrument - First North 2208.xls,FIRST_NORTH_MODERN_V1,sheet:First North Trading Details|content:First North,raw/nasdaq_segment/first_north_cns_objects/0e/0e60344e33bae262686a384382836551f1beddebccf3e35eac491b43f4919e1e.xls,,PASS,2022-09-02 13:50:17,2022-08,a03b5fad7d8c31132146d11d4e1cf4472effe0510a84c2c2d26eadd5d373b578,Contents|First North Trading Details|Company Trading |Company Trading per Exchange|Instrument Trading Details
1cccd3f4ceba78ec8b2895844bfdeb7c2f31d086909da94791f3b003ec0fac93,https://attachment.news.eu.nasdaq.com/a9ec8e77dcee339055777664703f174a8,FRESH_OR_PROVENANCE_EXACT,positive First North workbook content; shared Nasdaq fields treated as neutral,company code|issuer code|location|orderbook code,1183776,556,Equity Trading by Company and Instrument - First North 2209.xls,FIRST_NORTH_MODERN_V1,sheet:First North Trading Details|content:First North,raw/nasdaq_segment/first_north_cns_objects/1c/1cccd3f4ceba78ec8b2895844bfdeb7c2f31d086909da94791f3b003ec0fac93.xls,,PASS,2022-10-03 16:09:27,2022-09,d0b1ac523231f7aa15672bc46f1dc3dd4d1c84b4a6cf779b7763fd5f8bd37aea,Contents|First North Trading Details|Company Trading |Company Trading per Exchange|Instrument Trading Details
a59ddac0852fea9075ce1597f90ba6164612ddf4766e1fd9bf142202f2d449af,https://attachment.news.eu.nasdaq.com/ae9724ca3368d43cff81038e875369a58,FRESH_OR_PROVENANCE_EXACT,positive First North workbook content; shared Nasdaq fields treated as neutral,company code|issuer code|location|orderbook code,1189363,556,Equity Trading by Company and Instrument - First North 2210.xls,FIRST_NORTH_MODERN_V1,sheet:First North Trading Details|content:First North,raw/nasdaq_segment/first_north_cns_objects/a5/a59ddac0852fea9075ce1597f90ba6164612ddf4766e1fd9bf142202f2d449af.xls,,PASS,2022-11-02 13:39:30,2022-10,7057dd3161bf186077e45f470c74a07e5ce24bd82c62f9868fabf2925eff029c,Contents|First North Trading Details|Company Trading |Company Trading per Exchange|Instrument Trading Details
3a69e4142e28aa3b49d06767d012c516164330a718004de11ceed5bd9be13e0b,https://attachment.news.eu.nasdaq.com/a2a3a74a090bb8da3efa30afdf212de08,FRESH_OR_PROVENANCE_EXACT,positive First North workbook content; shared Nasdaq fields treated as neutral,company code|issuer code|location|orderbook code,1195581,553,Equity Trading by Company and Instrument - First North 2211.xls,FIRST_NORTH_MODERN_V1,sheet:First North Trading Details|content:First North,raw/nasdaq_segment/first_north_cns_objects/3a/3a69e4142e28aa3b49d06767d012c516164330a718004de11ceed5bd9be13e0b.xls,,PASS,2022-12-05 10:58:38,2022-11,fa75e482831f849bf1fd67daed5a9be7ad79c3fea8a207cb1f7fbfa0701054e7,Contents|First North Trading Details|Company Trading |Company Trading per Exchange|Instrument Trading Details
4a30e63e93f22c4e89231dcb05c495cb2c432162dbc3f4858a4b53b37fab1b57,https://attachment.news.eu.nasdaq.com/a200ed4b7dde85e92e20e5ec1bce99e67,FRESH_OR_PROVENANCE_EXACT,positive First North workbook content; shared Nasdaq fields treated as neutral,company code|issuer code|location|orderbook code,1200211,552,Equity Trading by Company and Instrument - First North 2212.xls,FIRST_NORTH_MODERN_V1,sheet:First North Trading Details|content:First North,raw/nasdaq_segment/first_north_cns_objects/4a/4a30e63e93f22c4e89231dcb05c495cb2c432162dbc3f4858a4b53b37fab1b57.xls,,PASS,2023-01-03 11:03:00,2022-12,135320023045ded4d045316095ae612104459ff94ef32b00e97a24f60d145b0d,Contents|First North Trading Details|Company Trading |Company Trading per Exchange|Instrument Trading Details
d972c7152131277f60d585efb6b4875125de8495ed5a93911276553310cd5649,https://attachment.news.eu.nasdaq.com/a1f5dc202c27b2d8da2a02beb884cd88d,FRESH_OR_PROVENANCE_EXACT,positive First North workbook content; shared Nasdaq fields treated as neutral,company code|issuer code|location|orderbook code,1204584,550,Equity Trading by Company and Instrument - First North 2301.xls,FIRST_NORTH_MODERN_V1,sheet:First North Trading Details|content:First North,raw/nasdaq_segment/first_north_cns_objects/d9/d972c7152131277f60d585efb6b4875125de8495ed5a93911276553310cd5649.xls,,PASS,2023-02-02 12:37:15,2023-01,e2eb89a8df715c37ef98d736628a228a7baf7d9a5244ded708bda517b4f4e50a,Contents|First North Trading Details|Company Trading |Company Trading per Exchange|Instrument Trading Details
080e5697125443842cfb2473232139cffa568e5d343fc3924f4fb45d9c62cc46,https://attachment.news.eu.nasdaq.com/a8c5c9c9250f9de1e7b8b9819881ff788,FRESH_OR_PROVENANCE_EXACT,positive First North workbook content; shared Nasdaq fields treated as neutral,company code|issuer code|location|orderbook code,1216444,551,Equity Trading by Company and Instrument - First North 2302.xls,FIRST_NORTH_MODERN_V1,sheet:First North Trading Details|content:First North,raw/nasdaq_segment/first_north_cns_objects/08/080e5697125443842cfb2473232139cffa568e5d343fc3924f4fb45d9c62cc46.xls,,PASS,2023-03-03 11:08:46,2023-02,9e6f182d22ef95bd335cfdcb73f5409c0ff0855167e56f7357437619d688d513,Contents|First North Trading Details|Company Trading |Company Trading per Exchange|Instrument Trading Details
4ac8e991ae6e31098111e2209ecc96b78ffa895dbc77e72e51602ff7ca6a8862,https://attachment.news.eu.nasdaq.com/a4de6df8171a1fb5696f689bdd4a77880,FRESH_OR_PROVENANCE_EXACT,positive First North workbook content; shared Nasdaq fields treated as neutral,company code|issuer code|location|orderbook code,1218211,551,Equity Trading by Company and Instrument - First North 2303.xls,FIRST_NORTH_MODERN_V1,sheet:First North Trading Details|content:First North,raw/nasdaq_segment/first_north_cns_objects/4a/4ac8e991ae6e31098111e2209ecc96b78ffa895dbc77e72e51602ff7ca6a8862.xls,,PASS,2023-04-04 12:41:59,2023-03,73fadf428fbfdca8a0779495d7703400c279160dcf60e96d8bc8713b12ce03d9,Contents|First North Trading Details|Company Trading |Company Trading per Exchange|Instrument Trading Details
9df8561a6e818c302506cc2924270332a484b5bf562930a8dd82132cc2d260f7,https://attachment.news.eu.nasdaq.com/acf259c37ddcd0c8411348a02df0f5b15,FRESH_OR_PROVENANCE_EXACT,positive First North workbook content; shared Nasdaq fields treated as neutral,company code|issuer code|location|orderbook code,1225124,549,Equity Trading by Company and Instrument - First North 2304.xls,FIRST_NORTH_MODERN_V1,sheet:First North Trading Details|content:First North,raw/nasdaq_segment/first_north_cns_objects/9d/9df8561a6e818c302506cc2924270332a484b5bf562930a8dd82132cc2d260f7.xls,,PASS,2023-05-03 15:43:01,2023-04,490d12c5f09f61e92be57d0568b37e0f50093fd8a2ea5785a6c55f6b74d8658d,Contents|First North Trading Details|Company Trading |Company Trading per Exchange|Instrument Trading Details
ae2586a1451dce78cad626c5deecd968f99b381dac984b5406f0dfdf115de22b,https://attachment.news.eu.nasdaq.com/a07d238e63ad650691e469bdc1363639a,FRESH_OR_PROVENANCE_EXACT,positive First North workbook content; shared Nasdaq fields treated as neutral,company code|issuer code|location|orderbook code,1231799,544,Equity Trading by Company and Instrument - First North 2305.xls,FIRST_NORTH_MODERN_V1,sheet:First North Trading Details|content:First North,raw/nasdaq_segment/first_north_cns_objects/ae/ae2586a1451dce78cad626c5deecd968f99b381dac984b5406f0dfdf115de22b.xls,,PASS,2023-06-02 12:37:12,2023-05,38ad231d2979dac27bce452bed7cedb625efc93a9ce2ee2e47808312ab19f053,Contents|First North Trading Details|Company Trading |Company Trading per Exchange|Instrument Trading Details
b79857a19ce884e13e59ace43a7857f576cc6ed5f1a49173ffae4da57746c32e,https://attachment.news.eu.nasdaq.com/a3c968d23f499e1443dff003c8fb665cf,FRESH_OR_PROVENANCE_EXACT,positive First North workbook content; shared Nasdaq fields treated as neutral,company code|issuer code|location|orderbook code,1236959,546,Equity Trading by Company and Instrument - First North 2306.xls,FIRST_NORTH_MODERN_V1,sheet:First North Trading Details|content:First North,raw/nasdaq_segment/first_north_cns_objects/b7/b79857a19ce884e13e59ace43a7857f576cc6ed5f1a49173ffae4da57746c32e.xls,,PASS,2023-07-04 11:59:36,2023-06,82eb64671267c43ae10d7802c57d35effa6238135104dad9bf114a2d256da23b,Contents|First North Trading Details|Company Trading |Company Trading per Exchange|Instrument Trading Details
a1ef6ede779a4bc3d4c7dcba8e0fe4e514bb69cd9db16b8de1142e87defa11ae,https://attachment.news.eu.nasdaq.com/a1f349410047ec4e588d55d799d93f457,FRESH_OR_PROVENANCE_EXACT,positive First North workbook content; shared Nasdaq fields treated as neutral,company code|issuer code|location|orderbook code,1240869,540,Equity Trading by Company and Instrument - First North 2307.xls,FIRST_NORTH_MODERN_V1,sheet:First North Trading Details|content:First North,raw/nasdaq_segment/first_north_cns_objects/a1/a1ef6ede779a4bc3d4c7dcba8e0fe4e514bb69cd9db16b8de1142e87defa11ae.xls,,PASS,2023-08-02 10:19:08,2023-07,981b20d694988acb89104ed28a08fdd559905145754dd45ad6cec8d515b77ed8,Contents|First North Trading Details|Company Trading |Company Trading per Exchange|Instrument Trading Details
6e8a1d6ef44cb0233fe615b55f5e073c5318c6e945866f9b69ef3a4049cba7aa,https://attachment.news.eu.nasdaq.com/ac8135c46676810980ce7590f9a7906db,FRESH_OR_PROVENANCE_EXACT,positive First North workbook content; shared Nasdaq fields treated as neutral,company code|issuer code|location|orderbook code,1246235,538,Equity Trading by Company and Instrument - First North 2308.xls,FIRST_NORTH_MODERN_V1,sheet:First North Trading Details|content:First North,raw/nasdaq_segment/first_north_cns_objects/6e/6e8a1d6ef44cb0233fe615b55f5e073c5318c6e945866f9b69ef3a4049cba7aa.xls,,PASS,2023-09-04 11:09:13,2023-08,3b75ecc9941868d0424d6d5d692f6c831b33ed7d0ff3986a27481157f94ae0ca,Contents|First North Trading Details|Company Trading |Company Trading per Exchange|Instrument Trading Details
acc427babd40d9ea0d7ac6e51773ac035bf760deb111eebf832a1700ab746cb9,https://attachment.news.eu.nasdaq.com/ab2c2ae1ddcdbdf9691699b55f8cfe12c,FRESH_OR_PROVENANCE_EXACT,positive First North workbook content; shared Nasdaq fields treated as neutral,company code|issuer code|location|orderbook code,1250916,538,Equity Trading by Company and Instrument - First North 2309.xls,FIRST_NORTH_MODERN_V1,sheet:First North Trading Details|content:First North,raw/nasdaq_segment/first_north_cns_objects/ac/acc427babd40d9ea0d7ac6e51773ac035bf760deb111eebf832a1700ab746cb9.xls,,PASS,2023-10-03 09:42:08,2023-09,ccbc33ba03358a9920b798b0fa66fd54f4a385b609a7c7604991e45e901177f6,Contents|First North Trading Details|Company Trading |Company Trading per Exchange|Instrument Trading Details
292f4270c0649ed8f1351d7f9b958b64e50e3f25271d39308752156c266a69f4,https://attachment.news.eu.nasdaq.com/adac1335b066b42a0c475bf798eaa5fb7,FRESH_OR_PROVENANCE_EXACT,positive First North workbook content; shared Nasdaq fields treated as neutral,company code|issuer code|location|orderbook code,1256843,534,Equity Trading by Company and Instrument - First North 2310.xls,FIRST_NORTH_MODERN_V1,sheet:First North Trading Details|content:First North,raw/nasdaq_segment/first_north_cns_objects/29/292f4270c0649ed8f1351d7f9b958b64e50e3f25271d39308752156c266a69f4.xls,,PASS,2023-11-02 12:36:38,2023-10,0659ce639905334c4f26028a8b947b8e175ca374509d1aaf11ea5e9c07072d38,Contents|First North Trading Details|Company Trading |Company Trading per Exchange|Instrument Trading Details
56ff8575661966069d76ede0be3d87a0675f98697fd4399d880e0436993a0e2f,https://attachment.news.eu.nasdaq.com/a48a763f3dd9bc042b09f7bedba8e0b69,FRESH_OR_PROVENANCE_EXACT,positive First North workbook content; shared Nasdaq fields treated as neutral,company code|issuer code|location|orderbook code,1262715,529,Equity Trading by Company and Instrument - First North 2311.xls,FIRST_NORTH_MODERN_V1,sheet:First North Trading Details|content:First North,raw/nasdaq_segment/first_north_cns_objects/56/56ff8575661966069d76ede0be3d87a0675f98697fd4399d880e0436993a0e2f.xls,,PASS,2023-12-01 16:08:05,2023-11,d1f340513cd19b0d17dafb27d29ee66b9a7885359c15b4b3c6fd2c6f7ac7d5da,Contents|First North Trading Details|Company Trading |Company Trading per Exchange|Instrument Trading Details
424fed4e6508b702254ff2301a6c2e08a5e0e7f7b49d0d3f4db986c31d1fa16c,https://attachment.news.eu.nasdaq.com/a804a6d88a946f9291c008e738db0f325,FRESH_OR_PROVENANCE_EXACT,positive First North workbook content; shared Nasdaq fields treated as neutral,company code|issuer code|location|orderbook code,1267619,522,Equity Trading by Company and Instrument - First North 2312.xls,FIRST_NORTH_MODERN_V1,sheet:First North Trading Details|content:First North,raw/nasdaq_segment/first_north_cns_objects/42/424fed4e6508b702254ff2301a6c2e08a5e0e7f7b49d0d3f4db986c31d1fa16c.xls,,PASS,2024-01-03 12:44:29,2023-12,f62da7e747ac8e42204639542273aba2de5e04cb49eb917cb733c61efa443652,Contents|First North Trading Details|Company Trading |Company Trading per Exchange|Instrument Trading Details
b8c720c795c87f787dda03a4b14d0cba32bc9652649b09c9ff54ced9e24568b6,https://attachment.news.eu.nasdaq.com/afff889fd110fb4bf786c10471f08078d,FRESH_OR_PROVENANCE_EXACT,positive First North workbook content; shared Nasdaq fields treated as neutral,company code|issuer code|location|orderbook code,1282019,515,Equity Trading by Company and Instrument - First North 2401.xls,FIRST_NORTH_MODERN_V1,sheet:First North Trading Details|content:First North,raw/nasdaq_segment/first_north_cns_objects/b8/b8c720c795c87f787dda03a4b14d0cba32bc9652649b09c9ff54ced9e24568b6.xls,,PASS,2024-02-05 09:03:05,2024-01,df82fa82d0ec68d496339f5397304fb2bce77ae8dede83e194a25da464a522df,Contents|First North Trading Details|Company Trading |Company Trading per Exchange|Instrument Trading Details
7b6bea4c77145e5a04b7a9f06e493621559898c3621b301919a19cbdc183d9f3,https://attachment.news.eu.nasdaq.com/ae25f2005e8475eb478d898fb0c6d4e32,FRESH_OR_PROVENANCE_EXACT,positive First North workbook content; shared Nasdaq fields treated as neutral,company code|issuer code|location|orderbook code,1282016,512,Equity Trading by Company and Instrument - First North 2402.xls,FIRST_NORTH_MODERN_V1,sheet:First North Trading Details|content:First North,raw/nasdaq_segment/first_north_cns_objects/7b/7b6bea4c77145e5a04b7a9f06e493621559898c3621b301919a19cbdc183d9f3.xls,,PASS,2024-03-04 11:23:24,2024-02,cf7594f5d623d5cfb30dd1dbab4e7ee14578fdff3cee125541cd972654b5f7cc,Contents|First North Trading Details|Company Trading |Company Trading per Exchange|Instrument Trading Details
8093d753b6517240bd2b68d02ef8f74c873d27c7d69a9458a17101d8d449b3b4,https://attachment.news.eu.nasdaq.com/afda57c579dda0f98ca85dd87e58d3b9f,FRESH_OR_PROVENANCE_EXACT,positive First North workbook content; shared Nasdaq fields treated as neutral,company code|issuer code|location|orderbook code,1285371,508,Equity Trading by Company and Instrument - First North 2403.xls,FIRST_NORTH_MODERN_V1,sheet:First North Trading Details|content:First North,raw/nasdaq_segment/first_north_cns_objects/80/8093d753b6517240bd2b68d02ef8f74c873d27c7d69a9458a17101d8d449b3b4.xls,,PASS,2024-04-03 10:31:58,2024-03,76885f7ec33041e09729a7b08d2524463e5c109df02bf6e31c72ecda1a8e748a,Contents|First North Trading Details|Company Trading |Company Trading per Exchange|Instrument Trading Details
4579615889749d3de2d766ede43f26e4c3037eb6572ee642779fdc6256c64ac3,https://attachment.news.eu.nasdaq.com/a7a79c26576f616dbbbce40d28aa6d900,FRESH_OR_PROVENANCE_EXACT,positive First North workbook content; shared Nasdaq fields treated as neutral,company code|issuer code|location|orderbook code,1293085,505,Equity Trading by Company and Instrument - First North 2404.xls,FIRST_NORTH_MODERN_V1,sheet:First North Trading Details|content:First North,raw/nasdaq_segment/first_north_cns_objects/45/4579615889749d3de2d766ede43f26e4c3037eb6572ee642779fdc6256c64ac3.xls,,PASS,2024-05-03 10:51:51,2024-04,4fa7e1712eed588e5d309d59e39637841f241f28a8ba8cca2953954ee1db10d1,Contents|First North Trading Details|Company Trading |Company Trading per Exchange|Instrument Trading Details
96f8265945fe3e7b6431396ac61f7308bef77e4f1f319dd5bbb3e5609ec3614a,https://attachment.news.eu.nasdaq.com/a746598743cd9ed31b045d749bc6ebade,FRESH_OR_PROVENANCE_EXACT,positive First North workbook content; shared Nasdaq fields treated as neutral,company code|issuer code|location|orderbook code,1300080,504,Equity Trading by Company and Instrument - First North 2405.xlsx,FIRST_NORTH_MODERN_V1,sheet:First North Trading Details|content:First North,raw/nasdaq_segment/first_north_cns_objects/96/96f8265945fe3e7b6431396ac61f7308bef77e4f1f319dd5bbb3e5609ec3614a.xlsx,,PASS,2024-06-04 13:30:53,2024-05,8cdd0a884a05762ac58a408ac657b8d16d866e1d82537803a040112a95713c1e,Contents|First North Trading Details|Company Trading |Company Trading per Exchange|Instrument Trading Details
ec331f7ab5f47cfa9d1e4114dbf12eca0917aded4a760601daa45d2d46214423,https://attachment.news.eu.nasdaq.com/a078585afb6198de0bd5c6130f2aeabec,FRESH_OR_PROVENANCE_EXACT,positive First North workbook content; shared Nasdaq fields treated as neutral,company code|issuer code|location|orderbook code,1304684,502,Equity Trading by Company and Instrument - First North 2406.xlsx,FIRST_NORTH_MODERN_V1,sheet:First North Trading Details|content:First North,raw/nasdaq_segment/first_north_cns_objects/ec/ec331f7ab5f47cfa9d1e4114dbf12eca0917aded4a760601daa45d2d46214423.xlsx,,PASS,2024-07-02 11:46:06,2024-06,0c66a2dd512287320d90664f26f2fae0445a770573933e42e80a70c34870679e,Contents|First North Trading Details|Company Trading |Company Trading per Exchange|Instrument Trading Details
213a8f283726d696165353335e8f05ace18ebd8a26832049874915476b8c327d,https://attachment.news.eu.nasdaq.com/a5ad506bda33de8dcd6c73c690dec350b,FRESH_OR_PROVENANCE_EXACT,positive First North workbook content; shared Nasdaq fields treated as neutral,company code|issuer code|location|orderbook code,1309058,499,Equity Trading by Company and Instrument - First North 2407.xlsx,FIRST_NORTH_MODERN_V1,sheet:First North Trading Details|content:First North,raw/nasdaq_segment/first_north_cns_objects/21/213a8f283726d696165353335e8f05ace18ebd8a26832049874915476b8c327d.xlsx,,PASS,2024-08-02 10:21:54,2024-07,90ac44b7124518361fb98fca91b9801d489d1a329268b1e90eb4e14e2bc9b2dc,Contents|First North Trading Details|Company Trading |Company Trading per Exchange|Instrument Trading Details
e2e0ed6e20a0ee996be9742eb6390b92c0b322a7da20ab11f7f7b5395d5a6034,https://attachment.news.eu.nasdaq.com/a46fb758ee9312556b8bab7cd7c577679,FRESH_OR_PROVENANCE_EXACT,positive First North workbook content; shared Nasdaq fields treated as neutral,company code|issuer code|location|orderbook code,1314486,491,Equity Trading by Company and Instrument - First North 2408.xlsx,FIRST_NORTH_MODERN_V1,sheet:First North Trading Details|content:First North,raw/nasdaq_segment/first_north_cns_objects/e2/e2e0ed6e20a0ee996be9742eb6390b92c0b322a7da20ab11f7f7b5395d5a6034.xlsx,,PASS,2024-09-03 13:27:59,2024-08,d6204d40d3ca4a3e90d7b17d442193b3a483e44d0063ce3b97e26b4a2ec5b0b0,Contents|First North Trading Details|Company Trading |Company Trading per Exchange|Instrument Trading Details
70587f4cbcdaa7ddbbac914dfdbbd2bceb3f37e7452c435b88f96301a00adc9e,https://attachment.news.eu.nasdaq.com/adf114a70cdd329ee7daf22701d9ec6da,FRESH_OR_PROVENANCE_EXACT,positive First North workbook content; shared Nasdaq fields treated as neutral,company code|issuer code|location|orderbook code,1319365,490,Equity Trading by Company and Instrument - First North 2409.xlsx,FIRST_NORTH_MODERN_V1,sheet:First North Trading Details|content:First North,raw/nasdaq_segment/first_north_cns_objects/70/70587f4cbcdaa7ddbbac914dfdbbd2bceb3f37e7452c435b88f96301a00adc9e.xlsx,,PASS,2024-10-02 14:12:15,2024-09,3a345c1d1d3427ef8e9c364c4dc7f832d44ddbc84c9b0d3987275dec6f92c41e,Contents|First North Trading Details|Company Trading |Company Trading per Exchange|Instrument Trading Details
a97a38d83e309d23cf0c93aae6c1bbf88a6a7a8ba0dd67a74eb5abfb22c865b6,https://attachment.news.eu.nasdaq.com/a2f983600515773ccfb1afd5a5223d518,FRESH_OR_PROVENANCE_EXACT,positive First North workbook content; shared Nasdaq fields treated as neutral,company code|issuer code|location|orderbook code,1325461,486,Equity Trading by Company and Instrument - First North 2410.xlsx,FIRST_NORTH_MODERN_V1,sheet:First North Trading Details|content:First North,raw/nasdaq_segment/first_north_cns_objects/a9/a97a38d83e309d23cf0c93aae6c1bbf88a6a7a8ba0dd67a74eb5abfb22c865b6.xlsx,,PASS,2024-11-04 10:56:29,2024-10,86dc4191f45617c71342c31df76be4b8e8105373d7843fefd415d584083e1e3e,Contents|First North Trading Details|Company Trading |Company Trading per Exchange|Instrument Trading Details
aad2205c2971289bc1b3bd5829c476a583dbf0499401a2c8416f76beacfe679d,https://attachment.news.eu.nasdaq.com/a901131a1fca7c1918d28b626b41ed456,FRESH_OR_PROVENANCE_EXACT,positive First North workbook content; shared Nasdaq fields treated as neutral,company code|issuer code|location|orderbook code,1331104,486,Equity Trading by Company and Instrument - First North 2411.xlsx,FIRST_NORTH_MODERN_V1,sheet:First North Trading Details|content:First North,raw/nasdaq_segment/first_north_cns_objects/aa/aad2205c2971289bc1b3bd5829c476a583dbf0499401a2c8416f76beacfe679d.xlsx,,PASS,2024-12-02 14:28:48,2024-11,0b3126524b06bf9b85c8ce66df9f9ab3ef3d70450c89e291c61c755ffd4f3e46,Contents|First North Trading Details|Company Trading |Company Trading per Exchange|Instrument Trading Details
bcfb7c6b1019f7b06565b6f9cf344e5b8952327e1f3aa861b54ec34943679bc6,https://attachment.news.eu.nasdaq.com/a78447a6145c2450611619d6a95c0ba0e,FRESH_OR_PROVENANCE_EXACT,positive First North workbook content; shared Nasdaq fields treated as neutral,company code|issuer code|location|orderbook code,1335986,482,Equity Trading by Company and Instrument - First North 2412.xlsx,FIRST_NORTH_MODERN_V1,sheet:First North Trading Details|content:First North,raw/nasdaq_segment/first_north_cns_objects/bc/bcfb7c6b1019f7b06565b6f9cf344e5b8952327e1f3aa861b54ec34943679bc6.xlsx,,PASS,2025-01-03 10:35:20,2024-12,703b2cd8c4ebb1ffec2a25d9223ebaf80c1aeffacbd51ab5ca5720fe098f5073,Contents|First North Trading Details|Company Trading |Company Trading per Exchange|Instrument Trading Details
cab0156f4d68ecee8ca39261f80249cc0f5d686503e729b50c61ed9aadef57c8,https://attachment.news.eu.nasdaq.com/a90c96e8e77151c4e334e0a4825797ccc,FRESH_OR_PROVENANCE_EXACT,positive First North workbook content; shared Nasdaq fields treated as neutral,company code|issuer code|location|orderbook code,1340671,479,Equity Trading by Company and Instrument - First North 2501.xlsx,FIRST_NORTH_MODERN_V1,sheet:First North Trading Details|content:First North,raw/nasdaq_segment/first_north_cns_objects/ca/cab0156f4d68ecee8ca39261f80249cc0f5d686503e729b50c61ed9aadef57c8.xlsx,,PASS,2025-02-04 14:04:09,2025-01,8924f12126b02b9982adb66a327226504c99066c2342dd6ef90da5ae4f1d2a64,Contents|First North Trading Details|Company Trading |Company Trading per Exchange|Instrument Trading Details
ed10321fa647c3d8b6238b93d2b33953c6d7989e033cf5a0fbdedbfdb6b88332,https://attachment.news.eu.nasdaq.com/a56e7eb44eabc65b08b1e9ce8578c0ff9,FRESH_OR_PROVENANCE_EXACT,positive First North workbook content; shared Nasdaq fields treated as neutral,company code|issuer code|location|orderbook code,1346713,478,Equity Trading by Company and Instrument - First North 2502.xlsx,FIRST_NORTH_MODERN_V1,sheet:First North Trading Details|content:First North,raw/nasdaq_segment/first_north_cns_objects/ed/ed10321fa647c3d8b6238b93d2b33953c6d7989e033cf5a0fbdedbfdb6b88332.xlsx,,PASS,2025-03-04 08:58:33,2025-02,1450e3e2fad9940338a5c0dc17657350c5b3ba6144bdd54933e40e9a1521b4f3,Contents|First North Trading Details|Company Trading |Company Trading per Exchange|Instrument Trading Details
bce538edded75cbe626810280ba8927b0720da26ced077f9c7c547ea5b7f25e7,https://attachment.news.eu.nasdaq.com/a00b872eedc4d5763e9e5e74ba74032a9,FRESH_OR_PROVENANCE_EXACT,positive First North workbook content; shared Nasdaq fields treated as neutral,company code|issuer code|location|orderbook code,1354563,472,Equity Trading by Company and Instrument - First North 2503.xlsx,FIRST_NORTH_MODERN_V1,sheet:First North Trading Details|content:First North,raw/nasdaq_segment/first_north_cns_objects/bc/bce538edded75cbe626810280ba8927b0720da26ced077f9c7c547ea5b7f25e7.xlsx,,PASS,2025-04-02 10:49:29,2025-03,d2229443a721b57706fc2b2427248270cd9c4d67c21053c9929689755cc5e651,Contents|First North Trading Details|Company Trading |Company Trading per Exchange|Instrument Trading Details
8ebe15a528c7df1e6c5eeb909dd47f0779b23973fa619ecc4eb4c304dd7d6360,https://attachment.news.eu.nasdaq.com/a403554aef9c3a46d1d3a317938e1caf6,FRESH_OR_PROVENANCE_EXACT,positive First North workbook content; shared Nasdaq fields treated as neutral,company code|issuer code|location|orderbook code,1360609,463,Equity Trading by Company and Instrument - First North 2504.xlsx,FIRST_NORTH_MODERN_V1,sheet:First North Trading Details|content:First North,raw/nasdaq_segment/first_north_cns_objects/8e/8ebe15a528c7df1e6c5eeb909dd47f0779b23973fa619ecc4eb4c304dd7d6360.xlsx,,PASS,2025-05-05 12:14:39,2025-04,b97d600c8f654deba7e9cd5bc28e4b4d4c808e3564f3523612d39bf32b5e3ba9,Contents|First North Trading Details|Company Trading |Company Trading per Exchange|Instrument Trading Details
a3159da0b64e7eac370522765249a04e33ce52df2e980d33eeec8a761aa6a456,https://attachment.news.eu.nasdaq.com/a2780fc85d57fa44e1ef7e054f7af6f9b,FRESH_OR_PROVENANCE_EXACT,positive First North workbook content; shared Nasdaq fields treated as neutral,company code|issuer code|location|orderbook code,1367217,465,Equity Trading by Company and Instrument - First North 2505.xlsx,FIRST_NORTH_MODERN_V1,sheet:First North Trading Details|content:First North,raw/nasdaq_segment/first_north_cns_objects/a3/a3159da0b64e7eac370522765249a04e33ce52df2e980d33eeec8a761aa6a456.xlsx,,PASS,2025-06-03 14:10:15,2025-05,527fddaeaf4bd45da802a4bec899679cec43194f96681e0e5c6311c2e3e8f1e3,Contents|First North Trading Details|Company Trading |Company Trading per Exchange|Instrument Trading Details
ed32b8368bf5d37148586381432a925746204038a225eecfa9ab1994abf0776b,https://attachment.news.eu.nasdaq.com/a65ae486706a25df7f87c1e5faedc51b1,FRESH_OR_PROVENANCE_EXACT,positive First North workbook content; shared Nasdaq fields treated as neutral,company code|issuer code|location|orderbook code,1374823,456,Equity Trading by Company and Instrument - First North 2506.xlsx,FIRST_NORTH_MODERN_V1,sheet:First North Trading Details|content:First North,raw/nasdaq_segment/first_north_cns_objects/ed/ed32b8368bf5d37148586381432a925746204038a225eecfa9ab1994abf0776b.xlsx,,PASS,2025-07-02 09:27:26,2025-06,2fa10734b94ce28b990aa5fed77303973ab55017313321b6c615ee3aed4a37b8,Contents|First North Trading Details|Company Trading |Company Trading per Exchange|Instrument Trading Details
25555b23cd6ceace2729df4edecc03810ed4ab673e1712faf7097d8e27a0919e,https://attachment.news.eu.nasdaq.com/afa57643932a0a9cae06e73b96c8f7aa7,FRESH_OR_PROVENANCE_EXACT,positive First North workbook content; shared Nasdaq fields treated as neutral,company code|issuer code|location|orderbook code,1381827,454,Equity Trading by Company and Instrument - First North 2507.xlsx,FIRST_NORTH_MODERN_V1,sheet:First North Trading Details|content:First North,raw/nasdaq_segment/first_north_cns_objects/25/25555b23cd6ceace2729df4edecc03810ed4ab673e1712faf7097d8e27a0919e.xlsx,,PASS,2025-08-04 17:04:56,2025-07,c8df805791d96b93321d618f0cb8349e9b2da2fc4f19accc55b1e95b7ad7e6d8,Contents|First North Trading Details|Company Trading |Company Trading per Exchange|Instrument Trading Details
5001108af59d57f63d873d9318cc1d13af61bd8508c7e944d6549dcfa48cd2b1,https://attachment.news.eu.nasdaq.com/a015c2a9a6bdbf85c5ced22658c1c5d31,FRESH_OR_PROVENANCE_EXACT,positive First North workbook content; shared Nasdaq fields treated as neutral,company code|issuer code|location|orderbook code,1386681,447,Equity Trading by Company and Instrument - First North 2508.xlsx,FIRST_NORTH_MODERN_V1,sheet:First North Trading Details|content:First North,raw/nasdaq_segment/first_north_cns_objects/50/5001108af59d57f63d873d9318cc1d13af61bd8508c7e944d6549dcfa48cd2b1.xlsx,,PASS,2025-09-02 11:36:26,2025-08,be9c03834b22083aab12bb4def9c876a656df42d7e8a6e0bc25e2af2437a96e4,Contents|First North Trading Details|Company Trading |Company Trading per Exchange|Instrument Trading Details
e65597765ac3d3c98ff0c103b9b1770337f1f4f0c3bd464f666d50816424b35d,https://attachment.news.eu.nasdaq.com/aa0d65b9de1bdb89ae8db744ec520abd0,FRESH_OR_PROVENANCE_EXACT,positive First North workbook content; shared Nasdaq fields treated as neutral,company code|issuer code|location|orderbook code,1391336,446,Equity Trading by Company and Instrument - First North 2509.xlsx,FIRST_NORTH_MODERN_V1,sheet:First North Trading Details|content:First North,raw/nasdaq_segment/first_north_cns_objects/e6/e65597765ac3d3c98ff0c103b9b1770337f1f4f0c3bd464f666d50816424b35d.xlsx,,PASS,2025-10-02 13:43:12,2025-09,7eab0aa1b1b2544348c56afc41a8e6c49bcafe648a62c6519f3421164dd32ada,Contents|First North Trading Details|Company Trading |Company Trading per Exchange|Instrument Trading Details
d1eb35180f9e12169fa87c76f2f609254d7f198c1e8e3f7a1da223f419a5bc54,https://attachment.news.eu.nasdaq.com/ae6d41fe61fb6ad77848f6a0713c5a13b,FRESH_OR_PROVENANCE_EXACT,positive First North workbook content; shared Nasdaq fields treated as neutral,company code|issuer code|location|orderbook code,1398318,67,Equity Trading by Company and Instrument - First North 2510.xlsx,FIRST_NORTH_MODERN_V1,sheet:First North Trading Details|content:First North,raw/nasdaq_segment/first_north_cns_objects/d1/d1eb35180f9e12169fa87c76f2f609254d7f198c1e8e3f7a1da223f419a5bc54.xlsx,,PASS,2025-11-03 16:20:56,2025-10,97a7fb7d1b48eb7054cf3c9d22d3a10d28a3f126095ef856dc55fcc81fc3372c,Contents|First North Trading Details|Company Trading |Company Trading per Exchange|Instrument Trading Details
d9c39626709f242ec30405184e6e3b143367c2546dba1c67a81966c379cb9fe5,https://attachment.news.eu.nasdaq.com/a9abf0ba3ccdb149e8bc028a0dc7fb743,FRESH_OR_PROVENANCE_EXACT,positive First North workbook content; shared Nasdaq fields treated as neutral,company code|issuer code|location|orderbook code,1404017,440,Equity Trading by Company and Instrument - First North 2511.xlsx,FIRST_NORTH_MODERN_V1,sheet:First North Trading Details|content:First North,raw/nasdaq_segment/first_north_cns_objects/d9/d9c39626709f242ec30405184e6e3b143367c2546dba1c67a81966c379cb9fe5.xlsx,,PASS,2025-12-02 10:03:02,2025-11,b94f016ca42e9bc387679c2ca5cf4455cb8d7493af4ce9fcf81992934e3c829e,Contents|First North Trading Details|Company Trading |Company Trading per Exchange|Instrument Trading Details
d9ef71306a861737a553f6df441ee7eabfb16eb3468de2dd2e87fd4bd4252edb,https://attachment.news.eu.nasdaq.com/a2e3dbf2d9469932a277518c2e7876749,FRESH_OR_PROVENANCE_EXACT,positive First North workbook content; shared Nasdaq fields treated as neutral,company code|issuer code|location|orderbook code,1411892,434,Equity Trading by Company and Instrument - First North 2512.xlsx,FIRST_NORTH_MODERN_V1,sheet:First North Trading Details|content:First North,raw/nasdaq_segment/first_north_cns_objects/d9/d9ef71306a861737a553f6df441ee7eabfb16eb3468de2dd2e87fd4bd4252edb.xlsx,,PASS,2026-01-05 13:11:36,2025-12,393ac2bc4aa521ba5bfce774970832e86ba5dd1eedd90d0cac498caadb52e550,Contents|First North Trading Details|Company Trading |Company Trading per Exchange|Instrument Trading Details
6cdd343b7c5a98f8c5e36965976624e48da5581c091d9a7f5074872a0c956b73,https://attachment.news.eu.nasdaq.com/a96892a9a72c956beb6545a8e1b314c8f,FRESH_OR_PROVENANCE_EXACT,positive First North workbook content; shared Nasdaq fields treated as neutral,company code|issuer code|location|orderbook code,1417090,433,Equity Trading by Company and Instrument - First North 2601.xlsx,FIRST_NORTH_MODERN_V1,sheet:First North Trading Details|content:First North,raw/nasdaq_segment/first_north_cns_objects/6c/6cdd343b7c5a98f8c5e36965976624e48da5581c091d9a7f5074872a0c956b73.xlsx,,PASS,2026-02-02 15:50:29,2026-01,fcbd620889196fb3c0235ba721005d56a51967be555abe49381747a70bc0260f,Contents|First North Trading Details|Company Trading |Company Trading per Exchange|Instrument Trading Details
342d51775b0ecace448c03ee64e5845e7d15bf7b9b4b198110145996b0bd053d,https://attachment.news.eu.nasdaq.com/abe506f145b8a9c2189cfeeb7a74fbecf,FRESH_OR_PROVENANCE_EXACT,positive First North workbook content; shared Nasdaq fields treated as neutral,company code|issuer code|location|orderbook code,1423680,426,Equity Trading by Company and Instrument - First North 2602.xlsx,FIRST_NORTH_MODERN_V1,sheet:First North Trading Details|content:First North,raw/nasdaq_segment/first_north_cns_objects/34/342d51775b0ecace448c03ee64e5845e7d15bf7b9b4b198110145996b0bd053d.xlsx,,PASS,2026-03-02 15:35:54,2026-02,2b756e89ce7959d33886a6b9af01e13a77fee117d08ae019b1a589079dfa35b3,Contents|First North Trading Details|Company Trading |Company Trading per Exchange|Instrument Trading Details
a901045443e5a25c5fb02f0ec0c3f6a81c04894ceea12993c3a4b0397b88124a,https://attachment.news.eu.nasdaq.com/a0c7525910acdc890928976edd6d3b3df,FRESH_OR_PROVENANCE_EXACT,positive First North workbook content; shared Nasdaq fields treated as neutral,company code|issuer code|location|orderbook code,1431078,421,Equity Trading by Company and Instrument - First North 2603.xlsx,FIRST_NORTH_MODERN_V1,sheet:First North Trading Details|content:First North,raw/nasdaq_segment/first_north_cns_objects/a9/a901045443e5a25c5fb02f0ec0c3f6a81c04894ceea12993c3a4b0397b88124a.xlsx,,PASS,2026-04-02 09:33:56,2026-03,03248d8c06f4078a0bbc6bbb743ebd071210eac20472424ac34d9b9a452d00b9,Contents|First North Trading Details|Company Trading |Company Trading per Exchange|Instrument Trading Details
d73be3919ad9af48d7fcdaa9d814d2fc805f0b96737f8381d791787441fd02c0,https://attachment.news.eu.nasdaq.com/abc4d8abc0b3cc8eabcf65a1bb2ce964d,FRESH_OR_PROVENANCE_EXACT,positive First North workbook content; shared Nasdaq fields treated as neutral,company code|issuer code|location|orderbook code,1439281,416,Equity Trading by Company and Instrument - First North 2604.xlsx,FIRST_NORTH_MODERN_V1,sheet:First North Trading Details|content:First North,raw/nasdaq_segment/first_north_cns_objects/d7/d73be3919ad9af48d7fcdaa9d814d2fc805f0b96737f8381d791787441fd02c0.xlsx,,PASS,2026-05-04 14:28:13,2026-04,91d6540918ef7920e11235205f6e70993d8e985fe846402d4f30460f01e2b9a9,Contents|First North Trading Details|Company Trading |Company Trading per Exchange|Instrument Trading Details
c0dfbb4984632082d3f87104096ef237b93db24e9adf22942b2546b2b452b9eb,https://attachment.news.eu.nasdaq.com/a1c77284b2eb9ea5667cfa166232250e6,FRESH_OR_PROVENANCE_EXACT,positive First North workbook content; shared Nasdaq fields treated as neutral,company code|issuer code|location|orderbook code,1445921,62,Equity Trading by Company and Instrument - First North 2605.xlsx,FIRST_NORTH_MODERN_V1,sheet:First North Trading Details|content:First North,raw/nasdaq_segment/first_north_cns_objects/c0/c0dfbb4984632082d3f87104096ef237b93db24e9adf22942b2546b2b452b9eb.xlsx,,PASS,2026-06-02 10:16:10,2026-05,da3cb15e39e9d422b7d68fbe0dfbd6481661ee427c1dc898098d421921ec180b,Contents|First North Trading Details|Company Trading |Company Trading per Exchange|Instrument Trading Details
53ceec511b142f12a42f76c5ce660333ae21617fa115e2d6ff5aaa150b8d05ba,https://attachment.news.eu.nasdaq.com/aed3ac3da10366053885805e9b13bf3cf,FRESH_OR_PROVENANCE_EXACT,positive First North workbook content; shared Nasdaq fields treated as neutral,company code|issuer code|location|orderbook code,1451134,61,Equity Trading by Company and Instrument - First North 2606.xlsx,FIRST_NORTH_MODERN_V1,sheet:First North Trading Details|content:First North,raw/nasdaq_segment/first_north_cns_objects/53/53ceec511b142f12a42f76c5ce660333ae21617fa115e2d6ff5aaa150b8d05ba.xlsx,,PASS,2026-07-02 11:46:55,2026-06,eac0b561cb76097b3ed829b93095cb8cf700d833c2fc9a83eb0d38ec8e98786f,Contents|First North Trading Details|Company Trading |Company Trading per Exchange|Instrument Trading Details
6d9b4bbeade9eb1d30c42ff9f378e02f028a9f1ab7641642f8a554e999fb5d97,https://attachment.news.eu.nasdaq.com/a01db08241d907cffa1a7acbbbd7553d7,FRESH_OR_PROVENANCE_EXACT,positive First North workbook content; shared Nasdaq fields treated as neutral,company code|issuer code|location|orderbook code,1456496,61,Equity Trading by Company and Instrument - First North 2607.xlsx,FIRST_NORTH_MODERN_V1,sheet:First North Trading Details|content:First North,raw/nasdaq_segment/first_north_cns_objects/6d/6d9b4bbeade9eb1d30c42ff9f378e02f028a9f1ab7641642f8a554e999fb5d97.xlsx,,PASS,2026-08-03 14:53:23,2026-07,bc2833669bc807135e1de074c05d56c8cf035900ef944dfccffafd406763d9b3,Contents|First North Trading Details|Company Trading |Company Trading per Exchange|Instrument Trading Details
